PhigrOS_SATURN Virtual OS,,,,,,,,,
收集品,内容,收集时间,保管单位,等级,长度,款式,碎数研编号,章节,编号
Tips：江源速报,,-,林泊百科,tips,,,,江源速报,0460
战士•一•马,,053/04/07,Gino,main,,,,第三章幽蓝边界,0097
战士•二•疾驰,,057/04/08,Gino,main,,,,第三章幽蓝边界,0098
战士•三•喜剧,,059/04/09,Gino,main,,,,第三章幽蓝边界,0099
战士•四•冰封,,060/04/10,Gino,main,,,,第三章幽蓝边界,0100
战士•五•起飞,,060/04/11,Dlyro,souvenir,,,,第三章幽蓝边界,0101
蝶羽笔•线索二,,143/02/08,莲渡,main,,,,第五章霓虹灯牌,0190
蝶羽笔,,146/05/21,莲渡,bold,,,,第四章管道迷宫,0126
蝶羽笔•线索一,,146/05/21,莲渡,bold,,,,第四章管道迷宫,0127
《极星卫》剧本•序,,156/08/26,Gino,main,,,,外传章节极星卫,0425
《极星卫》剧本•一,,156/08/26,Gino,main,,,,外传章节极星卫,0426
《极星卫》剧本•二,,156/08/26,Gino,main,,,,外传章节极星卫,0427
《极星卫》剧本•三,,156/08/26,Gino,main,,,,外传章节极星卫,0428
《极星卫》剧本•四,,156/08/26,Gino,main,,,,外传章节极星卫,0429
《极星卫》剧本•五,,156/08/26,Gino,main,,,,外传章节极星卫,0430
《极星卫》剧本•六,,156/08/26,Gino,main,,,,外传章节极星卫,0431
《极星卫》剧本•七,,156/08/26,Gino,main,,,,外传章节极星卫,0432
《极星卫》剧本•八,,156/08/26,Gino,main,,,,外传章节极星卫,0433
《极星卫》剧本•九,,156/08/26,Gino,main,,,,外传章节极星卫,0434
《极星卫》剧本•十,,156/08/26,Gino,main,,,,外传章节极星卫,0435
《极星卫》剧本•十一,,156/08/26,Gino,main,,,,外传章节极星卫,0436
《极星卫》剧本•十二,,156/08/26,Gino,main,,,,外传章节极星卫,0437
《极星卫》剧本•十三,,156/08/26,Gino,main,,,,外传章节极星卫,0438
《极星卫》剧本•十四,,156/08/26,Gino,main,,,,外传章节极星卫,0439
《极星卫》剧本•十五,,156/08/26,Gino,main,,,,外传章节极星卫,0440
《极星卫》剧本•十六,,156/08/26,Gino,main,,,,外传章节极星卫,0441
《极星卫》剧本•十七,,156/08/26,Gino,main,,,,外传章节极星卫,0442
《极星卫》剧本•十八,,156/08/26,Gino,main,,,,外传章节极星卫,0443
《极星卫》剧本•十九,,156/08/26,Gino,main,,,,外传章节极星卫,0444
《极星卫》剧本•二十,,156/08/26,Gino,main,,,,外传章节极星卫,0445
《极星卫》剧本•二十一,,156/08/26,Gino,main,,,,外传章节极星卫,0446
《极星卫》剧本•二十二,,156/08/26,Gino,main,,,,外传章节极星卫,0447
《极星卫》剧本•二十三,,156/08/26,Gino,main,,,,外传章节极星卫,0448
《极星卫》剧本•二十四,,156/08/26,Gino,main,,,,外传章节极星卫,0449
《极星卫》剧本•二十五,,156/08/26,Gino,main,,,,外传章节极星卫,0450
《极星卫》剧本•二十六,,156/08/26,Gino,main,,,,外传章节极星卫,0451
《极星卫》剧本•二十七,,156/08/26,Gino,main,,,,外传章节极星卫,0452
《极星卫》剧本•二十八,,156/08/26,Gino,main,,,,外传章节极星卫,0453
《极星卫》剧本•二十九,,156/08/26,Gino,main,,,,外传章节极星卫,0454
《极星卫》剧本•三十,,156/08/26,Gino,main,,,,外传章节极星卫,0455
《极星卫》剧本•三十一,,156/08/26,Gino,main,,,,外传章节极星卫,0456
《极星卫》剧本•三十二,,156/08/26,Gino,main,,,,外传章节极星卫,0457
《极星卫》剧本•三十三,,156/08/26,Gino,main,,,,外传章节极星卫,0458
《极星卫》剧本•三十四,,156/08/26,Gino,main,,,,外传章节极星卫,0459
破译•《极星卫》彩蛋,,156/08/31,Gino,key,,,,外传章节极星卫,0423
莫比乌斯的回信,,156/08/31,鸠,key,,,,外传章节极星卫,0424
Diary Alpa 220 02 01,,220/02/01,Alpa,main,,,,额外章节,0417
Diary Alpa 220 02 01•线索一,,220/02/01,Alpa,main,,,,额外章节,0418
Diary Alpa 220 02 01•线索二,,220/02/01,Alpa,main,,,,额外章节,0419
摘录•莫比乌斯工作室日志•一,,242/11/17,Gino,main,,,,额外章节,0407
摘录•莫比乌斯工作室日志•二,,242/11/17,Gino,main,,,,额外章节,0408
摘录•莫比乌斯工作室日志•三,,242/11/17,Gino,main,,,,额外章节,0409
隼的行船记录仪•一,,243/01/20,鸠,main,,,,额外章节,0410
隼的行船记录仪•二,,243/01/20,鸠,main,,,,额外章节,0411
隼的行船记录仪•三,,243/01/20,鸠,main,,,,额外章节,0412
镜像之镜,,256/08/31,莲渡,souvenir,,,,第四章管道迷宫,0135
镜像之镜•线索一,,256/08/31,莲渡,key,,,,第四章管道迷宫,0136
谜题保管所:00096,,256/08/32,谜题保管所,souvenir,,,,第四章管道迷宫,0137
伯尼丝的神奇挎包,,261/04/04,伯尼丝,bold,,,,支线章节一忘忧宫,0271
真理之珠,,271/08/15,碎数研,souvenir,,,,支线章节一忘忧宫,0286
《拉瓦钵的覆灭》,,271/08/17,伯尼丝,key,,,1874-0-009,支线章节一忘忧宫,0257
《拉瓦钵的覆灭》•线索一,,271/08/17,伯尼丝,key,,,,支线章节一忘忧宫,0258
《拉瓦钵的覆灭》•线索二,,271/08/17,伯尼丝,key,,,,支线章节一忘忧宫,0259
摘录•守护日志•机关枪,,411/01/05,deathMark,souvenir,,,,第二章废土之下,0088
摘录•守护日志•机关枪•线索一,,417/01/05,deathMark,souvenir,,,,第二章废土之下,0089
摘录•守护日志•机关枪•线索二,,422/01/05,deathMark,souvenir,,,,第二章废土之下,0090
机械手套,,467/02/15,莫波利斯,bold,,,,支线章节三盗乐行,0374
机械手套•线索一,,467/02/15,莫波利斯,bold,,,,支线章节三盗乐行,0375
街机游戏《彩虹之战》,,469/03/07,魔女会议,souvenir,,,,第四章管道迷宫,0131
街机游戏《彩虹之战》•线索一,,469/03/07,魔女会议,key,,,,第四章管道迷宫,0132
街机游戏《彩虹之战》•线索二,,469/03/07,魔女会议,main,,,,第四章管道迷宫,0133
摘录•守护日志•机关枪•线索三,,470/01/05,deathMark,souvenir,,,,第二章废土之下,0091
机械手套•线索二,,482/04/07,莫波利斯,bold,,,,支线章节三盗乐行,0376
机械手套•线索三,,482/04/07,克劳尔,bold,,,,支线章节三盗乐行,0377
机械手套•线索四,,610/11/24,克劳尔,bold,,,,支线章节三盗乐行,0378
豌豆食谱合集,,632/07/03,雪梨膏,nonsence,,,,第六章方舟蜃景,0204
Poem M2,,650/02/29,碎数研,main,,,,第四章管道迷宫,0104
Poem 3ere,,650/02/29,碎数研,main,,,,第四章管道迷宫,0105
Poem 4Y0,,650/02/29,碎数研,main,,,,第四章管道迷宫,0106
Poem The 5no,,650/02/29,碎数研,main,,,,第四章管道迷宫,0107
摘录•碎数研档案•幽蓝国,,650/02/29,碎数研,key,,,,第四章管道迷宫,0112
谜题保管所:00096•线索一,,650/02/29,碎数研,souvenir,,,,第四章管道迷宫,0138
谜题保管所:00096•线索二,,650/02/29,碎数研,souvenir,,,,第四章管道迷宫,0139
波提切利原型机,,663/02/23,莫波利斯,souvenir,,,,支线章节三盗乐行,0360
波提切利原型机•线索一,,663/02/23,莫波利斯,key,,,,支线章节三盗乐行,0361
报道：《晒月亮的女孩》,,663/09/01,碎数研,souvenir,,,,支线章节三盗乐行,0325
报道：《相机里的真假月亮》,,664/02/21,碎数研,souvenir,,,,支线章节三盗乐行,0323
散文：《有关旋律的哲思》,,664/08/01,碎数研,souvenir,,,,支线章节三盗乐行,0324
报道：《神秘黑点与浪漫少女的背后：波提切利相机的秘密》,,665/05/07,碎数研,souvenir,,,,支线章节三盗乐行,0381
档案•无相乡调查报告,,666/05/32,克劳尔,key,,,,支线章节四无相乡,0382
影像带：《洛基的世界》,,668/03/14,碎数研,souvenir,,,,支线章节三盗乐行,0353
报道：《洛基的世界影评》,,668/03/14,碎数研,souvenir,,,,支线章节三盗乐行,0358
【影像】直播录屏,,668/07/03,碎数研,souvenir,21min49s,,,支线章节三盗乐行,0328
【影像】直播录屏•线索一,,668/07/03,碎数研,souvenir,23min58s,,,支线章节三盗乐行,0329
【影像】拍摄者采访记录存档,,668/08/02,碎数研,souvenir,7min26s,,,支线章节三盗乐行,0326
文玩核桃,,668/11/09,碎数研,souvenir,,,,支线章节三盗乐行,0330
木质八音盒,,669/01/04,碎数研,souvenir,,,,支线章节三盗乐行,0327
吉克•莱斯波斯-Year372,,669/04/07,碎数研,souvenir,,,,支线章节三盗乐行,0331
报道：《酒吧辩手，市长想谈谈》,,670/02/23,碎数研,main,,,,支线章节三盗乐行,0332
报道：《酒吧辩手，市长想谈谈》•线索一,,670/02/23,碎数研,main,,,,支线章节三盗乐行,0333
报道：《酒吧辩手，市长想谈谈》•线索二,,670/02/23,碎数研,key,,,,支线章节三盗乐行,0334
帖子：《天桥东！发现天狗！》,,670/05/20,碎数研,souvenir,,,,支线章节三盗乐行,0336
小说：《困在街道中的老人》,,671/01/01,碎数研,souvenir,,,,支线章节三盗乐行,0335
碎数研-report-BUBD-22-1,,671/02/01,碎数研,souvenir,,,,第四章管道迷宫,0113
报道：《对大众心理学研究的反叛：当他人主宰你的存在》,,671/03/22,碎数研,souvenir,,,,支线章节三盗乐行,0380
碎数研-report-BUBD-22-2,,671/07/23,碎数研,souvenir,,,,第四章管道迷宫,0114
碎数研-log-BUBD-951,,671/07/23,碎数研,souvenir,,,,第四章管道迷宫,0116
碎数研-report-BUBD-23-1,,672/01/20,碎数研,souvenir,,,,第四章管道迷宫,0115
碎数研-log-BUBD-952,,672/01/20,碎数研,key,,,,第四章管道迷宫,0117
【影像】街头的Fuli,,672/07/20,Fuli,souvenir,11min03s,,,支线章节三盗乐行,0337
摘录•守护日志•机关枪•线索四,,672/08/05,deathMark,souvenir,,,,支线章节三盗乐行,0338
量子同步终端,,673/07/17,Fuli,bold,,,,支线章节三盗乐行,0339
量子同步终端•线索一,,673/07/17,Fuli,bold,,,,支线章节三盗乐行,0340
量子同步终端•线索三,,673/07/17,Fuli,bold,,,,支线章节三盗乐行,0342
量子同步终端•线索四,,673/07/17,Fuli,bold,,,,支线章节三盗乐行,0343
隔音耳机,,673/07/17,Fuli,bold,,,,支线章节三盗乐行,0364
隔音耳机•线索四,,673/07/23,Fuli,bold,,,,支线章节三盗乐行,0368
量子同步终端•线索二,,673/07/25,Fuli,bold,,,,支线章节三盗乐行,0341
喵喵茶,,673/07/25,Fuli,souvenir,,,,支线章节三盗乐行,0344
小熊娃娃•线索四,,673/07/25,Fuli,main,,,,支线章节三盗乐行,0352
【影像】日蚀之月,,673/07/25,碎数研,main,7d,,,支线章节三盗乐行,0359
报道：《律动星城市监控网现已恢复，失灵原因疑似与月食有关》,,673/07/25,碎数研,souvenir,,,,支线章节三盗乐行,0379
旁白：流言,,673/07/30,旁观者,main,,,,支线章节三盗乐行,0313
旁白：怪盗,,673/07/30,旁观者,main,,,,支线章节三盗乐行,0314
旁白：恍惚,,673/07/30,旁观者,main,,,,支线章节三盗乐行,0315
旁白：黑月,,673/07/30,旁观者,main,,,,支线章节三盗乐行,0316
旁白：From 1 to 500000,,673/07/30,旁观者,main,,,,支线章节三盗乐行,0317
幻梦 之一,,673/07/30,旁观者,main,,,,支线章节三盗乐行,0318
幻梦 之二,,673/07/30,旁观者,main,,,,支线章节三盗乐行,0319
673：律动星盗乐行事件 亚空间副本,,673/08/04,碎数研,main,,,327-0-001,支线章节三盗乐行,0320
673：律动星盗乐行事件 亚空间副本•线索一,,673/08/06,碎数研,main,,,327-1-001,支线章节三盗乐行,0321
673：律动星盗乐行事件 亚空间副本•线索二,,673/09/17,碎数研,main,,,327-4-001,支线章节三盗乐行,0322
黑月疗养院员工需知,,673/10/12,碎数研,souvenir,,,327-5-000,支线章节三盗乐行,0345
黑月疗养院员工需知•线索一,,673/10/13,碎数研,souvenir,,,327-5-001,支线章节三盗乐行,0346
黑月疗养院员工需知•线索二,,673/10/13,碎数研,souvenir,,,327-5-002,支线章节三盗乐行,0347
小熊娃娃,,673/11/04,碎数研,souvenir,,,,支线章节三盗乐行,0348
小熊娃娃•线索一,,673/11/04,碎数研,souvenir,,,,支线章节三盗乐行,0349
小熊娃娃•线索二,,673/11/04,碎数研,souvenir,,,,支线章节三盗乐行,0350
小熊娃娃•线索三,,673/11/14,碎数研,souvenir,,,,支线章节三盗乐行,0351
影像带：《洛基的世界》•线索一,,673/11/25,碎数研,souvenir,,,,支线章节三盗乐行,0354
影像带：《洛基的世界》•线索二,,673/11/26,碎数研,souvenir,,,,支线章节三盗乐行,0355
影像带：《洛基的世界》•线索三,,673/12/18,碎数研,souvenir,,,327-7-002,支线章节三盗乐行,0356
影像带：《洛基的世界》•线索四,,673/12/18,碎数研,souvenir,,,327-7-002,支线章节三盗乐行,0357
波提切利原型机•线索二,,674/01/09,碎数研,souvenir,,,,支线章节三盗乐行,0362
波提切利原型机•线索三,,674/01/10,碎数研,souvenir,,,,支线章节三盗乐行,0363
隔音耳机•线索一,,674/01/26,碎数研,souvenir,,,,支线章节三盗乐行,0365
隔音耳机•线索二,,674/01/27,碎数研,souvenir,,,,支线章节三盗乐行,0366
隔音耳机•线索三,,674/01/28,碎数研,souvenir,,,,支线章节三盗乐行,0367
黑月疗养院日志,,674/02/09,碎数研,key,,,,支线章节三盗乐行,0369
黑月疗养院日志•线索一,,674/02/09,碎数研,souvenir,,,,支线章节三盗乐行,0370
黑月疗养院日志•线索二,,674/02/10,碎数研,souvenir,,,,支线章节三盗乐行,0371
黑月疗养院日志•线索三,,674/02/10,碎数研,souvenir,,,,支线章节三盗乐行,0372
黑月疗养院日志•线索四,,674/02/11,碎数研,souvenir,,,,支线章节三盗乐行,0373
《盗月行》调查报告,,674/02/23,碎数研,main,,,327-9-002,支线章节三盗乐行,0312
克洛诺斯的鸽子,,689/03/07,雪梨膏,bold,,,,第六章方舟蜃景,0211
罐装雪梨膏,,722/11/30,豌豆,bold,,,,第六章方舟蜃景,0213
萨芙的运动相机,,730/09/16,萨芙,bold,,,,支线章节一忘忧宫,0275
战士•六•人类,,740/04/11,Dlyro,souvenir,,,,第三章幽蓝边界,0102
伯尼丝的研究笔记•线索一,,743/01/32,伯尼丝,bold,,,1874-0-003,支线章节一忘忧宫,0268
伯尼丝的研究笔记•线索二,,743/02/03,伯尼丝,bold,,,1874-1-003,支线章节一忘忧宫,0269
虚妄之匣,,743/02/05,艾达,bold,,,1874-0-001,支线章节一忘忧宫,0262
虚妄之匣•线索一,,743/02/07,艾达,bold,,,1874-1-001,支线章节一忘忧宫,0263
艾达的超震动小刀,,743/02/08,艾达,bold,,,1874-0-002,支线章节一忘忧宫,0265
艾达的超震动小刀•线索一,,743/02/12,艾达,bold,,,1874-1-002,支线章节一忘忧宫,0266
定向绳索,,743/02/12,碎数研,souvenir,,,,支线章节一忘忧宫,0279
伯尼丝的研究笔记•线索三,,743/04/02,伯尼丝,bold,,,1874-2-003,支线章节一忘忧宫,0270
萨芙的运动相机•线索一,,743/04/03,萨芙,bold,,,1874-0-005,支线章节一忘忧宫,0276
萨芙的运动相机•线索二,,743/04/03,萨芙,bold,,,1874-1-005,支线章节一忘忧宫,0277
定向绳索•线索一,,743/04/03,碎数研,souvenir,,,1874-1-006,支线章节一忘忧宫,0280
身份证件,,743/04/03,碎数研,souvenir,,,,支线章节一忘忧宫,0282
身份证件•线索一,,743/04/03,碎数研,souvenir,,,1874-0-006,支线章节一忘忧宫,0283
身份证件•线索二,,743/04/03,碎数研,souvenir,,,1874-2-006,支线章节一忘忧宫,0284
真理之珠•线索一,,743/04/03,碎数研,souvenir,,,,支线章节一忘忧宫,0287
真理之珠•线索二,,743/04/03,碎数研,souvenir,,,1874-0-007,支线章节一忘忧宫,0288
窃听器,,743/04/03,帕拉斯,souvenir,,,,支线章节一忘忧宫,0289
窃听器•线索一,,743/04/03,艾达,souvenir,,,1874-0-008,支线章节一忘忧宫,0290
窃听器•线索二,,743/04/03,克劳尔,souvenir,,,1874-1-008,支线章节一忘忧宫,0291
旁白：忘忧宫,,743/04/04,旁观者,main,,,,支线章节一忘忧宫,0252
旁白：奥德修斯港,,743/04/04,旁观者,main,,,,支线章节一忘忧宫,0253
旁白：克洛诺斯,,743/04/04,旁观者,main,,,,支线章节一忘忧宫,0254
旁白：奇迹之森,,743/04/04,旁观者,main,,,,支线章节一忘忧宫,0255
旁白：迷宫尽头,,743/04/04,旁观者,main,,,,支线章节一忘忧宫,0256
《拉瓦钵的覆灭》•线索三,,743/04/04,伯尼丝,key,,,,支线章节一忘忧宫,0260
《拉瓦钵的覆灭》•线索四,,743/04/04,伯尼丝,key,,,,支线章节一忘忧宫,0261
虚妄之匣•线索二,,743/04/04,艾达,bold,,,1874-2-001,支线章节一忘忧宫,0264
伯尼丝的神奇挎包•线索一,,743/04/04,伯尼丝,bold,,,1874-0-004,支线章节一忘忧宫,0272
伯尼丝的神奇挎包•线索二,,743/04/04,伯尼丝,bold,,,1874-1-004,支线章节一忘忧宫,0273
伯尼丝的神奇挎包•线索三,,743/04/04,伯尼丝,bold,,,1874-2-004,支线章节一忘忧宫,0274
定向绳索•线索二,,743/04/04,碎数研,souvenir,,,1874-3-006,支线章节一忘忧宫,0281
身份证件•线索三,,743/04/04,碎数研,souvenir,,,1874-4-006,支线章节一忘忧宫,0285
【影像】时光的废墟,,743/04/05,鸠,souvenir,,,,支线章节二弭刻日,0301
【影像】哈娜,,743/04/05,克劳尔,souvenir,,,,支线章节二弭刻日,0302
伯尼丝的研究笔记,,743/05/20,碎数研,bold,,,,支线章节一忘忧宫,0267
萨芙的运动相机•线索三,,743/05/20,碎数研,bold,,,1874-2-005,支线章节一忘忧宫,0278
奥德修斯港出海记录,,743/05/21,碎数研,souvenir,,,,支线章节一忘忧宫,0292
奥德修斯港出海记录•线索一,,743/05/21,碎数研,souvenir,,,1874-0-009,支线章节一忘忧宫,0293
奥德修斯港出海记录•线索二,,743/05/21,碎数研,souvenir,,,1874-1-009,支线章节一忘忧宫,0294
纸片,,743/05/22,碎数研,key,,,,支线章节一忘忧宫,0295
收容报告•小报,,767/06/01,中之层收容所,nonsense,,,,额外章节,0383
收容报告•红色蝴蝶结,,767/06/01,中之层收容所,nonsense,,,,额外章节,0384
收容报告•红色蝴蝶结•线索一,,767/06/01,中之层收容所,nonsense,,,,额外章节,0385
收容报告•陶土花盆,,767/06/01,中之层收容所,nonsense,,,,额外章节,0386
收容报告•陶土花盆•线索一,,767/06/01,中之层收容所,nonsense,,,,额外章节,0387
收容报告•陶土花盆•线索二,,767/06/01,中之层收容所,nonsense,,,,额外章节,0388
收容报告•裙底之物,,767/06/01,中之层收容所,nonsense,,,,额外章节,0389
收容报告•裙底之物•线索一,,767/06/01,中之层收容所,nonsense,,,,额外章节,0390
登入权限：土星•线索一,,770/02/28,Gino,key,,,,第一章冰封世界,0039
诗笺#2,,770/02/29,deathMark,main,,,,第一章冰封世界,0003
录音笔Alpa,,770/02/29,鸠,bold,,,,第一章冰封世界,0008
【录音】山风,,770/02/29,鸠,souvenir,10min32s,,,第一章冰封世界,0012
两用摩托Trophon,,770/02/29,Gino,bold,,,,第一章冰封世界,0018
诗笺#3,,770/03/01,deathMark,main,,,,第一章冰封世界,0004
【录音】火锅,,770/03/01,鸠,souvenir,5min21s,,,第一章冰封世界,0014
宿舍钥匙,,770/03/01,鸠,souvenir,,,,第一章冰封世界,0025
第七小队徽章,,770/03/02,鸠,souvenir,,,,第一章冰封世界,0013
诗笺#5,,770/03/03,deathMark,main,,,,第一章冰封世界,0006
录音笔Alpa•线索一,,770/03/03,鸠,bold,,,,第一章冰封世界,0009
【录音】踩雪,,770/03/03,鸠,souvenir,,,,第一章冰封世界,0017
两用摩托Trophon•线索一,,770/03/03,Gino,bold,,,,第一章冰封世界,0019
梆笛,,770/03/03,Gino,bold,,,,第一章冰封世界,0023
【录音】黄莺亮翅,,770/03/03,鸠,souvenir,3min42s,,,第一章冰封世界,0024
空投小饼干,,770/03/04,第七巡逻队仓库/鸠,main,,,,第一章冰封世界,0022
诗笺#4,,770/03/06,deathMark,main,,,,第一章冰封世界,0005
录音笔Alpa•线索三,,770/03/06,鸠,bold,,,,第一章冰封世界,0011
两用摩托Trophon•线索二,,770/03/06,Gino,bold,,,,第一章冰封世界,0020
魇魉角,,770/03/07,鸠,souvenir,,,,第一章冰封世界,0026
电磁霰弹枪,,770/03/07,Gino,souvenir,,,,第一章冰封世界,0027
冰川美食汇,,770/03/09,Dlyro,souvenir,,,,第一章冰封世界,0043
冰川美食汇•线索一,,770/03/09,Dlyro,souvenir,,,,第一章冰封世界,0044
冰川美食汇•线索二,,770/03/09,Dlyro,souvenir,,,,第一章冰封世界,0045
冰川美食汇•线索三,,770/03/09,Dlyro,souvenir,,,,第一章冰封世界,0046
【录音】睡眠,,770/03/17,鸠,main,21min5s,,,第一章冰封世界,0015
【录音】睡眠•线索一,,770/03/17,鸠,main,,,,第一章冰封世界,0016
鱼篓,,770/03/17,鸠,souvenir,,,,第一章冰封世界,0028
【录音】鱼戏,,770/03/17,鸠,souvenir,5min21s,,,第一章冰封世界,0029
发,,770/03/23,Dlyro,souvenir,,,,第一章冰封世界,0030
病号服,,770/03/23,芬德斯,nonsense,,,,第一章冰封世界,0034
花柄小刀,,770/03/23,阿爽,bold,,,,第一章冰封世界,0035
锦囊,,770/03/26,Gino,main,,,,第一章冰封世界,0033
0327围剿令,,770/03/26,Dlyro,souvenir,,,,第一章冰封世界,0040
诗笺#1,,770/03/27,deathMark,main,,,,第一章冰封世界,0002
【影像】深井,,770/03/27,阿爽,souvenir,,,,第一章冰封世界,0036
魇皮纸377,,770/03/28,鸠,main,,,,第一章冰封世界,0041
魔术棒,,770/03/29,Kuzumi,souvenir,,,,第二章废土之下,0060
魇皮纸377•线索一,,770/03/31,鸠,main,,,,第一章冰封世界,0042
诗笺#6,,770/03/32,deathMark,main,,,,第一章冰封世界,0007
两用摩托Trophon•线索三,,770/03/32,Gino,bold,,,,第一章冰封世界,0021
【录音】黑洞,,770/03/32,鸠,main,1min1s,,,第一章冰封世界,0031
【影像】脂球,,770/03/32,鸠,souvenir,,,,第一章冰封世界,0032
【录音】光,,770/03/32,鸠,souvenir,1min13s,,,第一章冰封世界,0037
登入权限：土星,,770/03/32,Gino,key,,,,第一章冰封世界,0038
诗笺#7,,770/04/01,deathMark,main,,,,第二章废土之下,0047
诗笺#8,,770/04/01,deathMark,main,,,,第二章废土之下,0048
星星的碎片•冬,,770/04/01,鸠,nonsense,,,,第二章废土之下,0055
【录音】太平鼓,,770/04/01,鸠,main,5min23s,,,第二章废土之下,0059
诗笺#10,,770/04/01,deathMark,main,,,,第二章废土之下,0084
录音笔Alpa•线索四,,770/04/02,鸠,bold,,,,第二章废土之下,0067
【影像】涂鸦,,770/04/02,鸠,souvenir,,,,第二章废土之下,0080
诗笺#9,,770/04/03,deathMark,main,,,,第二章废土之下,0049
【录音】叫花鸡,,770/04/03,鸠,souvenir,3min35s,,,第二章废土之下,0063
绿色变异种,,770/04/03,Gino,souvenir,,,,第二章废土之下,0064
【影像】水塔,,770/04/03,鸠,souvenir,,,,第二章废土之下,0065
两用摩托Trophon•线索四,,770/04/03,Gino,bold,,,,第二章废土之下,0066
录音笔Alpa•线索五,,770/04/03,鸠,bold,,,,第二章废土之下,0068
锚,,770/04/03,阿爽,souvenir,,,,第二章废土之下,0083
【影像】堡垒,,770/04/03,Gino,key,,,,第二章废土之下,0086
【影像】巢栖道站•线索一,,770/04/03,鸠,main,,,,第二章废土之下,0087
【录音】晨,,770/04/04,鸠,main,53s,,,第二章废土之下,0069
【录音】晨•线索一,,770/04/04,鸠,main,,,,第二章废土之下,0070
五彩石,,770/04/04,Gino,souvenir,,,,第二章废土之下,0071
彩虹绘本,,770/04/04,鸠,key,,,,第二章废土之下,0072
拾荒者令牌,,770/04/05,Gino,souvenir,,,,第二章废土之下,0061
石林地图,,770/04/05,Gino,main,,,,第二章废土之下,0062
金属臂,,770/04/05,Kuzumi,souvenir,,,,第二章废土之下,0073
苦杏仁,,770/04/05,鸠,souvenir,,,,第二章废土之下,0074
收音机,,770/04/06,鸠,main,,,,第二章废土之下,0056
巴雷特外壳,,770/04/06,鸠,souvenir,,,,第二章废土之下,0077
Fuli雕像,,770/04/06,鸠,souvenir,,,,第二章废土之下,0078
收音机•线索二,,770/04/07,鸠,main,,,,第二章废土之下,0058
收音机•线索三,,770/04/07,鸠,souvenir,,,,第二章废土之下,0075
【影像】巢栖道站,,770/04/07,鸠,main,,,,第二章废土之下,0079
HQ004班次车票,,770/04/07,鸠,souvenir,,,,第二章废土之下,0081
液压剂,,770/04/07,Gino,souvenir,,,,第二章废土之下,0082
诗笺#11,,770/04/07,deathMark,main,,,,第二章废土之下,0085
诗笺#12•战士,,770/04/07,deathMark,main,,,,第三章幽蓝边界,0092
诗笺#13•夜之歌,,770/04/07,deathMark,main,,,,第三章幽蓝边界,0093
诗笺#14•橄榄树上,,770/04/07,deathMark,main,,,,第三章幽蓝边界,0094
诗笺#15•魔术师,,770/04/07,deathMark,main,,,,第三章幽蓝边界,0095
诗笺#16•流浪人,,770/04/07,deathMark,key,,,,第三章幽蓝边界,0096
【影像】Fuli Auto Shooter!,,770/04/09,Fuli,souvenir,,,,第二章废土之下,0076
诗笺#0,,770/05/21,镜,main,,,,第一章冰封世界,0001
里表舞厅,,770/05/21,鸠,souvenir,,,,第四章管道迷宫,0108
里表舞厅•线索一,,770/05/21,鸠,souvenir,,,,第四章管道迷宫,0109
里表舞厅•线索二,,770/05/21,鸠,main,,,,第四章管道迷宫,0110
迷猫•线索一,,770/05/21,Gino,souvenir,,,,第四章管道迷宫,0120
诗笺#17 Zer0,,770/05/23,deathMark,main,,,,第四章管道迷宫,0103
里表舞厅•线索三,,770/05/23,鸠,main,,,,第四章管道迷宫,0111
空投小饼干•线索一,,770/05/23,鸠,main,,,,第四章管道迷宫,0118
迷猫,,770/05/23,Gino,souvenir,,,,第四章管道迷宫,0119
管道迷宫,,770/05/26,鸠,main,,,,第四章管道迷宫,0121
管道迷宫•线索一,,770/05/26,鸠,main,,,,第四章管道迷宫,0122
管道迷宫•线索二,,770/05/26,鸠,main,,,,第四章管道迷宫,0123
街机游戏《催眠》,,770/05/26,鸠,souvenir,,HDP2-HTET,,第四章管道迷宫,0128
街机游戏《瓶瓶罐罐》,,770/05/26,鸠,souvenir,,HDP2-PPGG,,第四章管道迷宫,0129
游戏币,,770/05/26,Gino,main,,,,第四章管道迷宫,0140
管道迷宫•线索三,,770/05/27,鸠,main,,,,第四章管道迷宫,0124
街机游戏《Phigros》,,770/05/27,鸠,souvenir,,HDP2-PGSL,,第四章管道迷宫,0130
管道迷宫•线索四,,770/05/32,鸠,main,,,,第四章管道迷宫,0125
录音笔Alpa•线索六,,770/06/01,鸠,bold,,,,第四章管道迷宫,0134
游戏币•线索一,,770/06/04,Gino,main,,,,第四章管道迷宫,0141
诗笺#18 人•影•世,,770/06/04,deathMark,main,,,,第五章霓虹灯牌,0142
游戏币•线索二,,770/06/04,Gino,bold,,,,第五章霓虹灯牌,0149
两用摩托Trophon•线索五,,770/06/04,Gino,bold,,,,第五章霓虹灯牌,0150
旅馆房卡,,770/06/04,鸠,souvenir,,,,第五章霓虹灯牌,0151
便签板,,770/06/04,莲渡,bold,,,,第五章霓虹灯牌,0152
便签板•线索一,,770/06/04,鸠,bold,,,,第五章霓虹灯牌,0153
锈色羊角锤,,770/06/06,莲渡,souvenir,,,,第五章霓虹灯牌,0191
六色之虹,,770/06/12,Dlyro,key,,,,第五章霓虹灯牌,0157
晚归来,,770/06/15,Gino,main,,,,第五章霓虹灯牌,0158
便签板•线索二,,770/06/16,Gino,bold,,,,第五章霓虹灯牌,0154
便签板•线索三,,770/06/18,鸠,bold,,,,第五章霓虹灯牌,0155
便签板•线索四,,770/06/18,素檀,bold,,,,第五章霓虹灯牌,0156
药箱,,770/06/18,莲渡,bold,,,,第五章霓虹灯牌,0159
药箱•线索一,,770/06/18,莲渡,bold,,,,第五章霓虹灯牌,0160
药箱•线索二,,770/06/18,Dlyro,bold,,,,第五章霓虹灯牌,0161
药箱•线索三,,770/06/18,Gino,bold,,,,第五章霓虹灯牌,0162
彩虹绘本•线索一,,770/06/18,Alpa,bold,,,,第五章霓虹灯牌,0163
山荷叶标本,,770/06/18,鸠,souvenir,,,,第五章霓虹灯牌,0164
锈色羊角锤•线索一,,770/06/18,莲渡,souvenir,,,,第五章霓虹灯牌,0192
【影像】背叛,,770/06/20,Kuzumi,souvenir,,,,第五章霓虹灯牌,0165
布兰达的自述,,770/06/20,Kuzumi,souvenir,,,,第五章霓虹灯牌,0166
布兰达的自述•线索一,,770/06/20,Kuzumi,souvenir,,,,第五章霓虹灯牌,0167
评《杰作的诞生》,,770/06/21,艾达,souvenir,,,,支线章节二弭刻日,0300
诗笺#19 天蓝,,770/06/28,deathMark,main,,,,第五章霓虹灯牌,0143
【录音】霓虹美食图鉴,,770/06/28,鸠,souvenir,24min02s,,,第五章霓虹灯牌,0168
尊师古卢,,770/07/08,Gino,souvenir,,,,第五章霓虹灯牌,0171
霓虹,,770/07/08,Gino,souvenir,,,,第五章霓虹灯牌,0172
霓虹•线索一,,770/07/08,Gino,souvenir,,,,第五章霓虹灯牌,0173
霓虹•线索二,,770/07/08,Gino,souvenir,,,,第五章霓虹灯牌,0174
霓虹•线索三,,770/07/08,Gino,souvenir,,,,第五章霓虹灯牌,0175
街机游戏《彩虹之战》•线索三,,770/07/08,莲渡,main,,,,第五章霓虹灯牌,0195
街机游戏《彩虹之战》•线索四,,770/07/08,莲渡,main,,,,第五章霓虹灯牌,0196
诗笺#20 戏中,,770/07/09,deathMark,main,,,,第五章霓虹灯牌,0144
校卡,,770/07/09,Gino,souvenir,,,,第五章霓虹灯牌,0176
《霓虹之声》宣传单,,770/07/09,Gino,souvenir,,,,第五章霓虹灯牌,0177
社团导师名录,,770/07/09,Gino,souvenir,,,,第五章霓虹灯牌,0178
课程表,,770/07/09,Gino,souvenir,,,,第五章霓虹灯牌,0179
【影像】霓虹观雨,,770/07/09,莲渡,souvenir,5min03s,,,第五章霓虹灯牌,0180
里表舞厅•线索四,,770/07/09,鸠,souvenir,,,,第五章霓虹灯牌,0181
百花教坊,,770/07/09,Gino,souvenir,,,,第五章霓虹灯牌,0182
糖绳,,770/07/09,鸠,souvenir,,,,第五章霓虹灯牌,0183
【影像】土丘,,770/07/12,鸠,souvenir,,,,第五章霓虹灯牌,0184
布兰达的感谢信•线索一,,770/07/12,布兰达,bold,,,,第六章方舟蜃景,0217
【录音】霓虹美食图鉴•线索一,,770/07/19,鸠,souvenir,,,,第五章霓虹灯牌,0169
布兰达的感谢信•线索二,,770/07/19,布兰达,bold,,,,第六章方舟蜃景,0218
Poem Reimei,,770/07/21,碎数研,main,,,,第五章霓虹灯牌,0145
锈色羊角锤•线索二,,770/08/02,鸠,souvenir,,,,第五章霓虹灯牌,0193
锈色羊角锤•线索三,,770/08/02,鸠,key,,,,第五章霓虹灯牌,0194
诗笺#21 悲惶,,770/08/21,deathMark,main,,,,第五章霓虹灯牌,0147
【录音】霓虹美食图鉴•线索二,,770/08/21,鸠,souvenir,,,,第五章霓虹灯牌,0170
锦囊•线索一,,770/08/21,Gino,main,,,,第五章霓虹灯牌,0185
PhigrOS记录-鸠,,770/08/21,鸠,souvenir,,,,第五章霓虹灯牌,0186
PhigrOS记录-鸠•线索一,,770/08/21,鸠,souvenir,,,,第五章霓虹灯牌,0187
PhigrOS记录-吉诺,,770/08/21,Gino,souvenir,,,,第五章霓虹灯牌,0188
布兰达的感谢信•线索三,,770/08/21,布兰达,bold,,,,第六章方舟蜃景,0219
可能性,,770/08/29,鸠,souvenir,,,,第五章霓虹灯牌,0189
街机游戏《彩虹之战》•线索五,,770/08/29,Gino,main,,,,第五章霓虹灯牌,0197
霓虹灯牌•线索一,,770/08/29,Gino,bold,,,,第六章方舟蜃景,0215
破译•Spasmodic,,770/08/30,Kuzumi,key,,,,第五章霓虹灯牌,0146
诗笺#22 自由,,770/08/30,deathMark,main,,,,第五章霓虹灯牌,0148
失效门牌•线索一,,770/08/30,Kuzumi,bold,,,,第六章方舟蜃景,0222
失效门牌•线索二,,770/08/30,Kuzumi,bold,,,,第六章方舟蜃景,0223
事件•虹再现,,770/08/31,鸠,key,,,,第五章霓虹灯牌,0198
重生,,770/08/31,鸠,main,,,,第六章方舟蜃景,0199
破译•望影の方舟Six,,770/08/31,鸠,key,,,,第六章方舟蜃景,0200
破译•望影の方舟Six•线索一,,770/08/31,鸠,souvenir,,,,第六章方舟蜃景,0201
破译•Igallta,,770/08/31,deathMark,key,,,,第六章方舟蜃景,0202
霓虹灯牌,,770/08/31,Gino,key,,,,第六章方舟蜃景,0214
布兰达的感谢信,,770/09/10,鸠,main,,,,第六章方舟蜃景,0216
油画,,770/09/10,Kuzumi,souvenir,,,,第六章方舟蜃景,0220
失效门牌,,770/09/10,鸠,main,,,,第六章方舟蜃景,0221
两用摩托Trophon•线索六,,771/01/04,Gino,bold,,,,第六章方舟蜃景,0203
路星67-改,,771/01/05,鸠,bold,,,,第七章时钟链接,0226
psyche-173号亚空间调查报告•新,,771/02/01,Alpa,main,,,,额外章节,0420
psyche-173号亚空间调查报告•新•线索一,,771/02/01,克劳尔,main,,,,额外章节,0421
psyche-173号亚空间调查报告•新•线索二,,771/02/01,鸠,main,,,,额外章节,0422
破译•最后的音矿,,771/05/10,鸠,main,,,,额外章节,0402
破译•半封信,,771/05/10,Alpa,main,,,,额外章节,0403
破译•人偶,,771/05/10,Gino,main,,,,额外章节,0404
破译•委托人,,771/05/10,Gino,main,,,,额外章节,0405
生命之音,,771/05/10,鸠,main,,,,额外章节,0406
公派任务,,771/07/09,豌豆,bold,,,,第六章方舟蜃景,0205
求职书,,771/07/11,碎数研,nonsence,,,,第六章方舟蜃景,0206
豌豆种植记录,,771/07/13,碎数研,souvenir,,,,第六章方舟蜃景,0207
豌豆种植记录•线索一,,771/07/14,碎数研,souvenir,,,,第六章方舟蜃景,0208
求救信,,771/07/15,雪梨膏,bold,,,,第六章方舟蜃景,0209
豌豆种植记录•线索二,,771/07/16,碎数研,souvenir,,,,第七章时钟链接,0228
求救信•线索一,,771/07/18,雪梨膏,bold,,,,第六章方舟蜃景,0210
求救信•线索二,,771/07/20,豌豆,bold,,,,第七章时钟链接,0229
克洛诺斯的鸽子•线索一,,771/07/24,碎数研,bold,,,,第六章方舟蜃景,0212
克洛诺斯的鸽子•线索二,,771/07/27,雪梨膏,bold,,,,第七章时钟链接,0230
豆羹,,771/07/27,雪梨膏,bold,,,,第七章时钟链接,0231
辞职书,,771/07/28,豌豆,main,,,,第七章时钟链接,0232
路星67-改•线索一,,771/08/20,鸠,bold,,,,第七章时钟链接,0227
致信：土星系统无法注册与故障问题,,771/08/22,克劳尔,main,,,,支线章节二弭刻日,0303
【录音】船桨,,771/08/23,纳贝流士,main,,,,支线章节二弭刻日,0304
【录音】船桨•线索一,,771/08/23,纳贝流士,souvenir,,,,支线章节二弭刻日,0305
【录音】船桨•线索二,,771/08/23,纳贝流士,souvenir,,,,支线章节二弭刻日,0306
PhigrOS记录：路星67大胜利（￣︶￣）↗,,771/08/23,Fuli,souvenir,,,,支线章节二弭刻日,0307
PhigrOS记录：路星67大胜利（￣︶￣）↗•线索一,,771/08/23,Fuli,souvenir,,,,支线章节二弭刻日,0308
PhigrOS记录：路星67大胜利（￣︶￣）↗•线索二,,771/08/23,Fuli,souvenir,,,,支线章节二弭刻日,0309
PhigrOS记录：路星67大胜利（￣︶￣）↗•线索三,,771/08/23,Fuli,souvenir,,,,支线章节二弭刻日,0310
PhigrOS记录：路星67大胜利（￣︶￣）↗•线索四,,771/08/23,Fuli,souvenir,,,,支线章节二弭刻日,0311
【影像】时钟悖论,,771/08/31,鸠,key,,,,第七章时钟链接,0224
时钟城第93届ALIGN梅花型拉力赛,,771/08/31,鸠,key,,,,第七章时钟链接,0225
旁白：造主,,771/08/31,旁观者,main,,,,支线章节二弭刻日,0296
旁白：心魔,,771/08/31,旁观者,main,,,,支线章节二弭刻日,0297
旁白：未来,,771/08/31,旁观者,main,,,,支线章节二弭刻日,0298
旁白：黎明,,771/08/31,旁观者,main,,,,支线章节二弭刻日,0299
今年过节上春晚,,771/12/23,鸠,key,,,,额外章节,0397
穿越小队少一人,,771/12/23,KALPA,main,,,,额外章节,0398
世界上的另个我,,771/12/23,咏歌,main,,,,额外章节,0399
亲朋好友齐欢聚,,771/12/23,鸠,main,,,,额外章节,0400
未来降临我身边,,771/12/23,鸠,key,,,,额外章节,0401
公派任务•线索一,,772/07/29,豌豆,bold,,,,第八章凌日潮汐,0245
罐装雪梨膏•线索一,,772/07/29,豌豆,bold,,,,第八章凌日潮汐,0247
诗笺 白马,,772/07/31,deathMark,main,,,,第八章凌日潮汐,0233
替换数据,,772/07/31,豌豆,key,,,,第八章凌日潮汐,0248
替换数据•线索一,,772/07/31,豌豆,key,,,,第八章凌日潮汐,0249
诗笺 抉择,,772/07/32,deathMark,main,,,,第八章凌日潮汐,0234
庙会,,772/07/32,鸠,souvenir,,,,第八章凌日潮汐,0241
庙会•线索一,,772/07/32,Gino,main,,,,第八章凌日潮汐,0242
公派任务•线索二,,772/07/32,豌豆,bold,,,,第八章凌日潮汐,0246
替换数据•线索二,,772/07/32,豌豆,key,,,,第八章凌日潮汐,0250
替换数据•线索三,,772/07/32,豌豆,key,,,,第八章凌日潮汐,0251
破译•凌日潮汐,,772/08/01,碎数研,key,18s,,,第八章凌日潮汐,0235
破译•凌日潮汐•线索一,,772/08/01,碎数研,key,16s,,,第八章凌日潮汐,0236
破译•凌日潮汐•线索二,,772/08/01,碎数研,key,20s,,,第八章凌日潮汐,0237
破译•凌日潮汐•线索三,,772/08/01,碎数研,key,5s,,,第八章凌日潮汐,0238
破译•凌日潮汐•线索四,,772/08/01,碎数研,key,18s,,,第八章凌日潮汐,0239
破译•凌日潮汐•线索五,,772/08/01,碎数研,key,6s,,,第八章凌日潮汐,0240
【影像】月面之海,,772/08/01,弭儿,key,,,,第八章凌日潮汐,0243
【录音】穹顶,,772/08/02,鸠,key,18s,,,第八章凌日潮汐,0244
收音机•线索一,,林现2079/09/06,鸠,main,,,,第二章废土之下,0057
录音笔Alpa•线索二,,林现2083/09/03,鸠,bold,,,,第一章冰封世界,0010
周边•判定线抱枕,,林现2091/02/08,您,souvenir,,,,第二章废土之下,0050
公告•十七的宝藏,,林现2091/06/29,Sparkle_17,main,,,,额外章节,0391
鸽子集结号,,林现2091/06/29,艾葵,main,,,,额外章节,0392
三尾吉祥鱼,,林现2091/06/29,余小鹏,main,,,,额外章节,0393
警长证,,林现2091/08/29 09:10,Gino,bold,,,,第二章废土之下,0052
【影像】现场勘验报告•夏草,,林现2091/08/29 09:27,Gino,souvenir,,,,第二章废土之下,0054
【影像】塔,,林现2091/08/29 09:32,Gino,key,,,,第二章废土之下,0053
梆笛•线索一,,林现2091/08/29 09:35,Gino,bold,,,,第二章废土之下,0051
【phigros】前传·九色鹿（1）,,林现2091/10/21 06:35,deathMark (Kuanphough),-,,,,游戏外/前传·九色鹿,0461
【phigros】九色鹿（2）,,林现2091/10/23 17:46,deathMark (Kuanphough),-,,,,游戏外/前传·九色鹿,0462
【phigros】九色鹿（3）,,林现2091/12/15 19:47,deathMark (Kuanphough),-,,,,游戏外/前传·九色鹿,0463
给十七的挑战书,,林现2092/03/20,鸠,nazo,,,,额外章节,0394
给十七的挑战书•线索一,,林现2092/03/20,鸠,nazo,,,,额外章节,0395
烤 全 鸭,,林现2092/03/32,Alpa,nonsense,,,,额外章节,0396
Phigros·冰封世界（一）,,林现2092/06/13 17:31,PigeonGames-鸽游,-,,,,游戏外/官方小说,0464
Phigros·冰封世界（二）,,林现2092/06/28 23:14,PigeonGames-鸽游,-,,,,游戏外/官方小说,0465
Phigros·冰封世界（三）,,林现2093/06/28 17:00,PigeonGames-鸽游,-,,,,游戏外/官方小说,0466
【小说】思想者广场上的少女,,林现2094/06/20 21:57,Kuanphough/风铃,-,,,,游戏外/短篇小说,0467
清醒者日报vol.0（2094.06.20）,,林现2094/06/20 22:03,林泊百科,-,,,,游戏外/清醒者日报,0470
清醒者日报vol.1（2094.07.05）,,林现2094/07/05 19:11,林泊百科,-,,,,游戏外/清醒者日报,0471
清醒者日报vol.2（2094.07.20）,,林现2094/07/20 23:49,林泊百科,-,,,,游戏外/清醒者日报,0472
清醒者日报vol.3（2094.08.05）,,林现2094/08/05 23:15,林泊百科,-,,,,游戏外/清醒者日报,0473
清醒者日报vol.4（2094.08.20）,,林现2094/08/20 22:37,林泊百科,-,,,,游戏外/清醒者日报,0474
清醒者日报vol.5（2094.09.05）-Rizline来袭,,林现2094/09/05 00:29,林泊百科,-,,,,游戏外/清醒者日报,0475
清醒者日报vol.6（2094.09.20）,,林现2094/09/20 20:42,林泊百科,-,,,,游戏外/清醒者日报,0476
清醒者日报vol.7（2094.10.05）,,林现2094/10/05 22:01,林泊百科,-,,,,游戏外/清醒者日报,0477
清醒者日报vol.8（2094.10.20）,,林现2094/10/20 18:00,林泊百科,-,,,,游戏外/清醒者日报,0478
【小说】饼,,林现2094/11/05 01:38,木瑰,-,,,,游戏外/短篇小说,0468
清醒者日报vol.9（2094.11.05）,,林现2094/11/05 19:58,林泊百科,-,,,,游戏外/清醒者日报,0479
清醒者日报vol.10（2094.12.04）-精选：像素塔名词解释篇,,林现2094/12/04 18:37,林泊百科,-,,,,游戏外/清醒者日报,0480
【小说】文明贩卖者,,林现2095/01/05 17:00,Mortuary,-,,,,游戏外/短篇小说,0469
清醒者日报vol.11（2095.01.05）-元旦快乐！,,林现2095/01/05 21:40,林泊百科,-,,,,游戏外/清醒者日报,0481
清醒者日报vol.12（2095.01.21）-恭贺新春！,,林现2095/01/21 09:00,林泊百科,-,,,,游戏外/清醒者日报,0482
清醒者日报vol.13（2095.02.09）-生日快乐！,,林现2095/02/09 23:30,林泊百科,-,,,,游戏外/清醒者日报,0483
清醒者日报vol.14（2095.02.25）-随机一下吧,,林现2095/02/25 17:30,林泊百科,-,,,,游戏外/清醒者日报,0484
清醒者日报vol.15（2095.03.05）-在？是没被碎数研蛊惑的林泊吗？能不能拯救林百？,,林现2095/03/05 21:23,林泊百科,-,,,,游戏外/清醒者日报,0485
清醒者日报vol.16（2095.04.05）-月刊也是好清日！清明安康！,,林现2095/04/05 10:00,林泊百科,-,,,,游戏外/清醒者日报,0486
清醒者日报vol.17（2095.05.05）-工作还没结束？五一逛漫展先,,林现2095/05/06 19:24,林泊百科,-,,,,游戏外/清醒者日报,0487
清醒者日报vol.18（2095.06.20）- 夏日炎炎，来冲浪吧,,林现2095/06/22 08:00,林泊百科,-,,,,游戏外/清醒者日报,0488
清醒者日报vol.19（2095.09.20）- 极星卫：奏响刻米莉亚之歌,,林现2095/09/20 17:00,林泊百科,-,,,,游戏外/清醒者日报,0489
清醒者日报vol.20（2095.11.06）- 凤梨谈像素塔堂堂完结！,,林现2095/11/06 19:00,林泊百科,-,,,,游戏外/清醒者日报,0490
清醒者日报vol.21（2096.03.05）- 回归！,,林现2096/03/20 17:46,林泊百科,-,,,,游戏外/清醒者日报,0491
观察记录：雪,,林现2096/04/05,Para,main,,,,额外章节,0413
观察记录：像,,林现2096/04/06,Para,main,,,,额外章节,0414
观察记录：友,,林现2096/04/07,Para,main,,,,额外章节,0415
观察记录：痕,,林现2096/04/08,Para,main,,,,额外章节,0416
Tips：江源速报,"phigrOS正在加载中…… 1.江源速报：拟态系统PhigrOS，将于8月31号正式上线
2.江源速报：PhigrOS内测开放新节点，完全复原冰封后地表实录
3.江源速报：PHI集团负责人失踪三日，警方仍在调查中
4.江源速报：PHI集团负责人回归，自杀传言不攻而破
5.江源速报：名人自杀现象异常扩散，知名作家留下诡异遗书
6.江源速报：知名歌手何琼语于昨夜凌晨意外死亡，凶手仍在追查中
7.江源速报：警方发表惊人结果，何琼语原系自杀身亡
8.江源速报：天后横死案新进展，凶手恐为桥民流浪汉
9.江源速报：三大基地全面开放通行，冰封纪元即将结束？
10.江源速报：专家呼吁复兴AI产业，以应对劳动力紧缺问题
11.江源速报：政府出台就业新策，望促进失业人员再就业
12.江源速报：多地出现无故昏厥人员，卫生部呼吁民众注意饮食健康
13.江源速报：全球年均温再度上升，重返地表签名破千万
14.江源速报：群体性臆症爆发，多人自称蜂巢C区存在巨塔
15.江源速报：巨塔效应急剧化，神秘群体林泊浮出水面
16.江源速报：上半年人口增长率再创新低，新型受精技术受挫
17.我被困在林泊百科里了！救命！
18.像素塔真的存在吗。
19.Saturn新闻报道：插播一条紧急播报，请不要看向晚上的天空或月亮。
20.现在！快看向外面的月亮！
21.啊！PhigrOS又崩溃了……",-,林泊百科,tips,,,,江源速报,0460
战士•一•马,"冰封• 53.A.P  “握住缰绳，熟悉马的呼吸，想象你要去的地方。” 冬日里，她教导着 “我” 操控梦魇马的办法，“我” 闭目畅想，看见了漫天的飘雪，
和远处不断浮动的幻影，便张开了眼睛。 “我做不到。”
“你看到了什么？” “我” 再次闭上眼睛，雪停了，落日似雁阵，向北徐行，鳞云流散，他站在空中，云的河流从身侧流过，扑面而来的水汽洗清他浑浊的双眼，并揭开了传说的面纱，那巨塔倒悬在天际，幻想是它的血肉，钢铁是它的骨骼，“我” 看向塔，塔的住民也看向他，停止了耕作，生锈的镰刀上，闪过一抹寒光。 “我，什么也没看到。”",053/04/07,Gino,main,,,,第三章幽蓝边界,0097
战士•二•疾驰,"冰封• 57.A.P  梦魇马的铁蹄溅起阵阵雪雾，我们疾驰在山脊线上，背后是紧追不舍的斥候魍，雾粒的身体，依附着地面滑行，前方乃万丈悬崖，深不见底，粉身碎骨。然而 “我” 的注意却全在她的长发上，它们从头盔中飘出，冰晶在其上编织着绮丽的绒花。 “用融通！我们跳过悬崖！” “我” 的脑海中浮现着她的背影，只觉狂风忽停而骤起，我们便立在了崖后的山尖。
她摘下头盔，遥望远方巨塔，单是建造中的基底便高插入云，她不由叹气。
“他们放弃了自己的家乡，以后也会放弃塔中的世界。” 最后一个音节落下，她消失在了原地。",057/04/08,Gino,main,,,,第三章幽蓝边界,0098
战士•三•喜剧,"冰封• 59.A.P  “我” ，庭中人坐在圆顶剧场的中央，双手铐在椅后，若赤身裸体的困兽供人观赏，这是塔计划启动后的第一次剧场审判，参加陪审的男女老少多达数干人，他们挤满了小小的剧场，像是出门买菜顺便看砍头的古时百姓。
庄严的审判在这个时代变味了，嫌疑犯的命运早已注定，审判更多的是讨好娱乐方式日益匮乏的人民大众，大法官在开庭前，总会放施特劳斯的日出附庸风雅，鉴于这是他们从垃圾堆挖出的第一张唱片。歌毕，大法官开始诵读庭中人的种种罪行，陪审团愤气填膺，要求即刻执行死刑，不能让此等罪大恶极之人看见明天的太阳。
看着他们一个个带着气上头顶，满面通红的正义面具，庭中人调动面部肌肉，微笑着给予最大的敬意。 庭中人没有回答的权利，狱卒将死囚的舌头割下，是这世纪新生的传统，庭上犯人没机会说话，留着也是浪费，不如给梦魇马改善改善伙食，这位狱卒十分体贴，用胶水替 “我” 止血，还记得喝下那粘稠的液体，心头涌上的一阵火热，我，哪儿都不疼了。 大法官宣读他昂长的审判结果时，只有一人提前离场，那人的背影像极了她，不，就是她！庭中人起身想抓住队长的影子，恕不知接地的脚链，将 “我” 绊倒在地。
陪审团哄堂大笑，此刻还有谁知，“我” 曾是个战士。",059/04/09,Gino,main,,,,第三章幽蓝边界,0099
战士•四•冰封,"冰封• 60.A.P  天地同色，皓白渺茫，囚人跪于地上，浅唱古调。
空气剥夺他的体温，低温阻碍他的思考，感光细胞抽搐着发挥作用，眼前黑中泛亮，肆意扭动的人面怪物，正出现在现实中，还是他的梦里。 “⋯⋯” 说些什么吧，说些什么吧！告诉他，冰封世界上，还有人类呼吸，生命的诗篇仍在咏唱，还有他们坚守的家园，人们建塔并非为离开，他们只是，只是⋯⋯ “你要死了，如我们般，被人类处死。”
“没有未来，永远地游荡，在雪原之上，一遍一遍重复，轮回。” “像个。”
“人类一样。”",060/04/10,Gino,main,,,,第三章幽蓝边界,0100
战士•五•起飞,"冰封• 60.A.P 
“塔主体即将飞离地表，请所有人员做好固定措施。重复一遍，塔主体即将离地表，请所有人员做好固定措施。”
雪停了，塔的巨影显现，又在时光流逝中缩小，雪原震动，群兽奔流，撕咬，猎食，追逐，在新雪上留下不规则的墨迹，他们聚集，堆积，填平又隆起，在塔离去的深坑里，就像正在消化，鼓起的牛肚。不真实和怪异，浮上人们的心头。
人类离开了，但他们真的应该离开吗，异想之物的集体自杀，是一如既往对人类的反抗，抑或最终的，善意的警告。",060/04/11,Dlyro,souvenir,,,,第三章幽蓝边界,0101
蝶羽笔•线索二,"灯牌管理会收到魔女会议的回信时还有些难以置信，当今 HAVEN 群雄逐鹿，遍地黄金，乐意联合的组织应当是没有的。虽然对方提出己方是科研单位，没有夺取统治权的意愿，管理会的成员依旧腹议疑云，只有莲渡看好这次合作，特别在得知对面的首领是一位叫 “隼（Peregrinus）” 的年轻人后，更坚定了他合作的打算。
隼是名字，更是暗号，莲渡言尽于此。
魔女会议的据点定位在一棵大树的根系深处，只能在地点上空用门牌传送进去。当他们到达据点时，大厅里只有两个人影。一个金瞳的女高中生吃着糖绳坐着，另一个粉发色的女孩，约为十四五岁，站在她身后窥望，看见来人又往后缩了缩。
“要吃吗？薄荷味的。” 女高中生笑着迎接，“我是魔女会议的隼，你就是莲渡吧，好久不见。”",143/02/08,莲渡,main,,,,第五章霓虹灯牌,0190
蝶羽笔,蓝灰色的异形羽毛笔，形似蝴蝶的半边翅膀，原料使用的是游隼的尾羽，唯有沾取雨水才能书写。,146/05/21,莲渡,bold,,,,第四章管道迷宫,0126
蝶羽笔•线索一,"“莲渡，你很纯粹。”
“说什么鬼话。”
“就是，我有点东西想给你，但是我不确定你怎么想。” “你刚刚还说我很纯粹。”
“你确实很纯粹，但我不确定你的水平如何。” “你在小瞧我。”
“我没有，你是了解我的。人在这里可以使用一种很特别的力量，但是如果没有办法掌握它，这种力量就会反过来危害到你。所以我需要确定你心灵的深度，也是为了你的安全着想。”
“不仅是异想的力量？” “取决于你的本质。取决于你如何认识这个世界，如何认识这里，如何做出每一个决定。一般人只会盲目地活着，甚至不明白自己为什么会笑，为什么会发怒。就像你也许没意识到，你绝对不会进行没有准备的战斗。我知道你不是一般人，但我不确定你能否承担这种力量。”",146/05/21,莲渡,bold,,,,第四章管道迷宫,0127
《极星卫》剧本•序,"序
二十一世纪中叶，宇宙探索热潮再启。
人们在社交网络上激烈地讨论。少年吉诺坐在电脑前，屏幕上的新闻标题不停变换。
“超越光速，第四次工业革命已经到来”
“新的可移居星球完美复刻地球，应许之地的发现”
“世界工业大会开幕，本期主题：前往宇宙”
“先遣队成立，他们将开阔五个类地行星” “工业奇迹！蒸汽引擎横空出世”
新闻上大大的蒸汽标志，逐渐变淡，变成钢印，投射到工厂正在生产的引擎上。
流水线移动，“蒸汽” 型引擎被打好标签，套壳装袋，运往各大船厂。
飞船装载上引擎，转瞬间，引擎轰鸣，蒸汽涌动，超越宇宙第三速度，飞向深空。
此时，货仓里，一双机械质的狐狸眼亮起。
宇宙的深处，星河灿烂。一片黑布抖出，它意图遮蔽星河光辉，却只能蒙住人类的眼睛，创造出无边黑暗的假象，而就在这片黑暗中，片名浮出水面： 极星卫
⋯⋯",156/08/26,Gino,main,,,,外传章节极星卫,0425
《极星卫》剧本•一,"1 宇宙码头 外空 内 过去
宇宙码头上，穿戴新式宇航服的先遣队，登上运兵船，和家人告别。
少年吉诺不情愿地亲吻妈妈，递上自己做的临别礼物，那是一枚与队徽同款的莲花发夹，透明软胶质地，散发着冰色的柔光。
妈妈欣喜地戴上发夹，她抚摸少年吉诺的头顶，举手间满是离别的不舍。
妈妈：我走之后，你要听爸爸的话。
少年吉诺：你什么时候回来？ 妈妈：返航定在十年之后。
少年吉诺：如果，如果你没回来呢，新闻上说引擎的技术还不成熟——
妈妈：不会的。
少年人的泪水已溢出眼眶，母亲不忍，拭过孩子眼角的泪水。
妈妈：到那时，我若没回来，你就来找我吧。  2 九仙街某处房顶 雨夜 外
刻米莉亚的上空，难以计数的无人机，四处巡逻，这里的夜比别处都深，暗无星光，唯有卫星的红灯常亮。
半人半机械的女子——鸠，坐在屋顶边缘，她仰望由人造卫星照亮的夜空，脖颈上的莲花装饰，和那双金灿的眼，随无人机投下的灯光，闪烁流转。
何道人站在屋檐下，面目不明，提溜一提水烟，小抽一口，呼出股股烟气。
何道人：他们找到你了。 鸠：那就走吧。 
3 大学的步道 晨 外 过去
吉诺骑车前往宇外大楼，早些时候他收到消息，他们的项目终于有了成果。吉诺迫切想要赶到现场，猛蹬了几下踏板，越骑越快。 
4 宇外三号实验室 晨 内 过去 实验室里线缆杂乱，十几台电脑和大量状态监视屏，排列在实验桌上。研究员都在忙自己的事，实验台前，负责操作的女学生摘下脑电波头盔，协助她的男学生手执数据版，顶头一行写着他们项目的名称：“人脑与卫星的同步链接设计”。
男同学滑动数据板，朝女学生摇摇头，女同学递出头盔，示意更换实验者，这时吉诺恰好满头大汗的冲进了实验室。
男学生：吉诺，你终于来啦！
吉诺：怎么样了？
女学生：（让位）连是连上了，效果不理想，回应率不足 20％。 吉诺：可能和意识样本有关，我来试试。
他拿过头盔戴到自己头上，很快，视线一黑。",156/08/26,Gino,main,,,,外传章节极星卫,0426
《极星卫》剧本•二,"5 卫星 外空 外
卫星漂浮在近地轨道，身后的主体缓慢变形，对准地面方向的摄像头轻微转动，倒映出市长室的鱼眼画面。  6 市长室 夜 内
整面落地窗的高层办公室，上位者手里磨搓钢笔的莲花笔帽，俯视他的疆域。无人机犹如蛛织密网，监视着整个刻米莉亚。身材魁梧的下属，挺身直立在几米远外，面相憨厚老实，一言一行，毫无越轨之举，颇有军人之姿。 尼格拉：找到了。
游星：她在哪儿。
尼格拉：九仙街，具体位置还不清楚，刚才，监视系统突然坏了。
游星：坏了？你想的还是太简单了。 
7 卫星 外空 外 摄像头位置回正，卫星回归休眠状态，仿佛什么都没有发生。  8 秘密实验室 晨 内
吉诺连接上卫星，操作界面的各类数值一切正常。
吉诺：好了，果然是采样问题。
他摘下头盔，却看到了一群不认识的研究员，异常陌生的设备，还有不属于未来地球的蒸汽朋克风格。还没等他从震惊中恢复，一个浑身蛮肉的男军官，从一旁站起。 尼格拉：这么说，干扰总算解除了。
吉诺：算是，吧。
吉诺有些迷茫，他还没搞清现在的情况。尼格拉身旁的女副官拿出一个平板，展示给尼格拉看。
副官：长官。
尼格拉：很好，出发吧。（停顿）尤埃也一起。
吉诺愣在原地，全副武装的大兵们行动起来，接管过研究员们的设备，其中两位夹起他便往外走。",156/08/26,Gino,main,,,,外传章节极星卫,0427
《极星卫》剧本•三,"9 实验室外的走廊 晨 内
吉诺：（挣扎）放我下来，我自己会走！放开我！
松手后，大兵依旧紧紧跟在他身后，壮硕的体型给吉诺强烈的压迫感，又虚出他一身薄汗。
吉诺：那什么，我就算了吧，我去那边什么都做不了。
尼格拉：你得保证设备的正常运行。
副官：我看他是怕了。 她突然转身。
副官：别以为大家不知道，实验体是你放出去的。  10 实验室外的走廊 夜 内 回忆
纯白色的走廊，贯通整个大楼，两侧是整齐划一的实验室小门，摄影机安放在走廊尽头。
“吉诺” 手提公文包，从办公室里走出来，一个青年实验员叫住了他。 实验员 A：尤埃主任！等等！
尤埃：A 组的实验结束了？
实验员 A：是的，按您说的试了试，结果很顺利。（拿出一叠纸）这是数据。
尤埃：我来看看。
数据纸上指示数据都正常，但是一个干扰项的方差超出了尤埃的预期，他眉头皱起，试图思考出原因。突然，摄影机方向的一阵爆响，打断了他的思路。
切换到尤埃头顶的监控录像，瓦楞墙砖破碎之间，巨大机器——极星卫的足部，踏下，抬起，余震将二人震倒在地。 尤埃：极星卫暴走了，快跑！

11 实验室外的走廊 晨 内
吉诺的脑内突然多了一段不属于自己的记忆。
吉诺：那是个意外。
副官：不管是不是意外，尤埃，你最好不要再搞事情。 吉诺：你看我有那个能力吗？
副官：你最好没有。",156/08/26,Gino,main,,,,外传章节极星卫,0428
《极星卫》剧本•四,"12 城防军载具仓库 晨 内
吉诺一行人走在天桥通道上。左手是城防军的起落仓，它的场地极为宽广，数十架金鱼飞行器，高挂在半空轨道，地面载具数量也不少，近百的工作人员忙碌着自己的工作。右手边的飞机库大多关闭着，靠近深处的第二道大门被油布覆盖，锁死了四角，正中被人用白色油漆涂上了巨大的螺旋狐狸眼。
吉诺：那是？
副官：标记的不错。
尼格拉沉默不语，只是加快了脚步。  13 金鱼飞行器 晨 内
这仿佛十九世纪幻想小说里的载具，看似由一种不断散发水蒸汽的引擎驱动，却没有任何燃料添加进载具中央的锅炉。吉诺认出这是在他的时代技术尚不成熟的蒸汽引擎。蒸汽引擎释放的蒸汽，其实是气流扰动与电离效应的结合物，并非真的对外散发无效热能，这也解释了，为何设计者敢将动力系统外露在座舱中。
吉诺：好原始的利用手段。
尼格拉：你要有想法，可以和载具研发部说。 吉诺闭嘴了，在搞清状况之前，他不能和这帮人产生冲突。他看向窗外，巨大的竹编蒙皮金鱼盘桓在空中，于云层探头露尾，片鳞可见，直至风吹散，或徊巡或潜游，奔赴城市的窄巷桶楼。
副官：到九仙街了，长官。
吉诺：好热闹。
副官：都忘了，这儿是你老家，主任先生，这是否过于巧合了呢？
吉诺：什么，不是你想的那样—— 尼格拉：何景。
他话中带有警告的意味。副官也知言过必失，不再说话。
尼格拉：行动开始。",156/08/26,Gino,main,,,,外传章节极星卫,0429
《极星卫》剧本•五,"14 九仙街步道 晨 外
临近红灯节，道路两边，灯笼高挂；各色的小吃车，烟火缭绕；赶集的小贩摊，琳琅满目。叫卖声、还价声、赶路的脚步，无不彰显它的生机。
孩童接过母亲递来的大饼，呼呼吹气，滚烫洁白的蒸气中，排放着灰团的金鱼飞行器，伴随着不和谐的鲸鸣，闯入了孩童的世界。
孩童甲：妈妈，那是什么？
母亲甲：城防军来了，别看了，快跑！
孩童甲：饼，饼还没吃完！ 年轻的母亲拉起孩童的小手，向街道的外围跑去，身后的建筑在炮弹和激光的射击下，纷纷倒塌。飞行器从头顶滑翔而过，留下尾翼摆动的气流线条和阵阵轰响。孩童惊慌得不敢回头，低声发出簌簌抽泣，四散奔走的人群嘶吼出狂欢节的气氛。
红澄澄的红灯笼，如肩上烛火，照亮漆黑的心路，孩童在跌跌撞撞中回头，金鱼摇摆身姿，鳞表吐纳，金光琉璃般滚动，引出成百魍魉孤魂，如殿座上的金身群像。然而巨物林立，终是虚妄幻想；那丛生的黑幕，半人半机械的女子仅用一拳便将其捣碎，还人间以光芒。孩童凝视她转身的背影，被母亲抱起快步离开了战场，仅留她一人立于原地。",156/08/26,Gino,main,,,,外传章节极星卫,0430
《极星卫》剧本•六,"15 九仙街布道的废墟 晨 外
蒸汽与灰尘笼罩天日。金鱼飞行器的剪影里，走下两排机械大兵，指挥人员步其后，再后是搬运器具的普通士兵。身着实验服的青年人，正指着女副官的鼻子大骂。
吉诺：你们疯了吗！定位不在这里！攻击居民区可是重罪！
副官：长官没功夫猫捉老鼠。
副官：你瞧这不，她来了。
烟雾丛中猛然跃出一女子，机械臂上蓝光耀动，高举过头顶，作擒虎态，瞧方向正是瞄准了尼格拉将军。 副官：保护指挥官！
大兵们闪入女子的进攻路线，如十八罗汉，十面夹击，或拳或刃，攻其要害。女子早有预料，侧身躲过三处交错，双腿若旋风，尖踹关节，转瞬缴械，乱其阵型，开出生路。
尼格拉——这最后一道关卡，坚若磐石，行若游龙，任凭女子攻击，也不动摇分毫。
尼格拉：有进步，小师妹。
鸠：真不要脸。 尼格拉与鸠仍有几分情意在，因而无意产生冲突，只做局势观察。鸠后退捂住胸口，尼格拉比她想象得更强，恐要更改计划，她看到半米外埋躺在尘土中的匕首，心生一计。
尼格拉：你不逃，也就不会牵连他人。
鸠：然后回去助纣为虐吗！
鸠一脚踢起匕首，射向尼格拉的方向，随即半步上前，拳中尼格拉的胸膛。尼格拉勉强躲过暗剑，不敌师妹偷袭，在巨力冲击下连连后退数步，鸠乘势追击，两人隐入尘中。 尼格拉：当然！交出心脏也是个选择！
鸠：你做梦——
副官：长官！
副官加入混战，一旁看热闹的吉诺忽然反应过来，这是个极好的逃跑机会。他拿起一旁装有连接头盔的手提箱，向右方的居民区跑去。",156/08/26,Gino,main,,,,外传章节极星卫,0431
《极星卫》剧本•七,"16 九仙街小巷 日 外
小巷湿漉漉，空中牵了几根挂衣绳，空荡落寞。吉诺确认四下无人，撑着膝盖稍加喘息。
吉诺：真是疯了。
他伸出双手检查自己的状态。陌生的手型，右掌心暗沉的旧日刀伤，不像文职人员会有的手臂肌肉，结合之前闪现的记忆，他得出了一个结论。
吉诺：我穿越了，还是魂穿？不对，这个感觉是——
还没等他完全想明白现状，尼格拉追捕的女人突然出现在了他面前。吉诺大吃一惊，女人也立即进入了警备状态，项圈的冰莲花微微晃动。
吉诺：别攻击我，我可以解释！
鸠：我知道你是谁。
她走得更近，吉诺也看清了她面目。 
17 巴萨雷乌斯驾驶舱 夜 内 回忆 模糊的记忆里，身着驾驶服的少女哭泣着，诉说着，吉诺只记得那是不断的祈求。  18 九仙街小巷 日 外
鸠：你不是尤埃。
吉诺：你知道。
她指了指头顶，吉诺只见人造卫星的红点，在天空缓缓划过，不是很明白她的意思。鸠见他不明白，又指了指吉诺手上的皮箱。 鸠：极星卫告诉我的。
吉诺：你是说，那台机甲？你是怎么做到的。
鸠：卫星，连接着我们。
吉诺：这怎么可——
直到他看到鸠的右臂和左腿的义肢，想起尼格拉的描述。  19 九仙街布道的废墟 晨 外 回忆
弱势之下，鸠不住退后，机械手按上过速起伏的胸口，皮肤表层似有白雾溢出。",156/08/26,Gino,main,,,,外传章节极星卫,0432
《极星卫》剧本•八,"20 九仙街小巷 日 外
吉诺：你的心脏是蒸汽引擎？
鸠：嗯。
吉诺：真是不可思议。
小巷外传来整齐的脚步声，约莫有一队全副武装的士兵正在接近。鸠拉过吉诺，做最后的嘱咐。
鸠：不是说这个的时候，朝那边走，走到尽头，会有人接应你。  21 载具试验场 日 外 回忆
白裙的女孩，站在升降梯上，向镜头外问好。
鸠：你好啊，巴萨雷乌斯，我叫鸠。 
22 九仙街小巷 日 外
女子说完转身准备离开，吉诺不自觉地叫住了她。
吉诺：鸠！ 吉诺：过会儿见。
鸠回头笑了笑，激活右臂装置，朝敌人的方向走去。  23 九仙街步道的废墟 日 外
医疗兵正为尼格拉包扎伤口，副官清扫战场回来。
副官：长官，没找到。 尼格拉：他家呢。
副官：没有人，您说是不是⋯⋯
尼格拉：他绝不可能背叛。
副官不敢说话了。她再怎么怀疑，也不如长官一句信任。
尼格拉：鸠还有同谋，一定是他们趁刚才的混乱绑走了尤埃。派士兵去搜，人还没走远。
尼格拉其实也不确定自己的判断，他撑着膝盖的左手，不停敲击着咚咚咚的节奏，思考了良久。",156/08/26,Gino,main,,,,外传章节极星卫,0433
《极星卫》剧本•九,"24 红灯节的九仙街步道 夜 外 回忆
十年前，红灯节的夜晚，杂耍艺人们敲锣打鼓，假面游街。
幼年的鸠偷偷从内城跑出来，双眼紧盯着队伍中特立独行，戴着狐狸面具的小丑不放——她意识到那人是谁了，只是还不确定。小丑察觉了女孩的视线，扭动机械关节，跳着滑稽的舞蹈，以诡异的姿势立在鸠的面前。接着，他又动了。
手上的铃鼓，跟着他交替翻踢的双腿转动，一双臂膀如划船般比划，逗得孩子直笑。小丑摊开手掌，像是要给鸠看东西，鸠瞧去，他又收回了手，就这样，反复三次，如同魔术师的戏法，土耳其的冰淇淋，鸠的耐心都快磨没了。终于他手张开，里面是一朵冰色的金属莲花。 小丑为女孩戴上，鸠观察了几秒，这流着银光的颈饰，似乎大有玄机，再抬头，小丑已不见了踪影。
紧接着，身后传来激烈的争吵声。  25 九仙街步道后的小巷 夜 外 回忆
人们只见一对母子扒着门框对骂。
尤妈：去内城，我畀你去—— 当妈的不断扔出儿子的行李，还不忘踢上几脚，箱锁松开露出里面的电子设备，儿子连忙蹲下，检查有无损坏。
尤埃：你系咪癫咗啊！呢啲嘢好贵㗎！
尤妈：坏咗就嗌你老细重新买过啦！关我乜事！
尤埃：顶你个肺，唔同我去内城就唔去咯，你个臭嗨就留系呢度变烂变臭啦，戆鸠！
尤妈：你条化骨龙啊，我真白养咗你喇，有咁嗌你阿妈嘅咩！
此时巷口已经挤满了看热闹的人，其中不乏陌生的游客，例如鸠。尤埃不忍其辱，拎起行李要离开。鸠见他挤过人群，回到红灯摇曳中的布道，他抹了抹眼角的淤青，弃置身后的母亲仍在不停地骂他。
尤妈：死仔包！你出咗去就唔好返嚟呢个屋企！连你老豆点死都唔记得嗮，宜家仲帮埋啲三唔识七嘅外人虾街坊，我冇你呢个仔，同我躝！",156/08/26,Gino,main,,,,外传章节极星卫,0434
《极星卫》剧本•十,"26 九仙街某仓库 日 内
莲渡上下掂量着手里的板斧，审视眼前的男子。吉诺又后退了几步，已是走投无路。  27 九仙街小巷二号 日 外 回忆
吉诺按照鸠的指示，来到约定的地点，结果却被一群混混包围。  28 九仙街某仓库 日 内
莲渡：内线让我来接人，没想到啊，是你。
吉诺：我也没想到。  29 红灯街的九仙街步道 夜 外 回忆
和母亲绝交的尤埃，心情本就不好，此刻又被莲渡拦住了去路。
莲渡：你为什么要给游星做事，你已经忘记十年前他们怎么对你爸的吗？
尤埃：你滚开。 莲渡：尤埃，你不要一错再错！
尤埃：我还轮不到你教育！
尤埃一拳打在了莲渡的脸上。  30 九仙街某仓库 日 内
吉诺：我不是你想的那个人。
莲渡跨步上前，不给吉诺反应的时间，抓起他的右手，掌心的刀伤被迫显露在人前。 莲渡：这一刀，是你替我挡的。
吉诺：是，是吗。
莲渡：你夺过小刀的时候，我发誓要做你一辈子的兄弟，你猜，结果怎么样？
吉诺：恕我愚钝⋯⋯
莲渡：你对袭击我的走狗说，让我来。尤埃啊，尤埃，你真是连狗都不如！
混混的手越攥越紧，吉诺能感觉到他怒火的朝向，不是他而是那个尤埃。尤埃到底做了什么遭天谴的事，两边都不待见。 吉诺：你冷静一点，对，有人能替我证明，鸠，那位半人半机械的女孩儿——
莲渡：你是说，Z ？",156/08/26,Gino,main,,,,外传章节极星卫,0435
《极星卫》剧本•十一,"31 九仙街多层寨楼 日 外 老港片里错落的楼道，空无一人。鸠从远处跑来，勾过晾衣绳，从五楼跃到四楼。士兵们一心追逐，丝毫不关心环境里其他事物的动向；转过墙边的一个大弯，士兵甲不慎被斜放在视线死角里的钉耙打中颈部，队形瞬间乱作一团。士兵甲捂住破损的皮甲，裂缝中流出似红非绿的流体，装备的内压力降低，他很快出现呼吸急促，心跳加速等多种生理反应。
士兵乙：修补颈部！
士兵丙：呼叫总部，这边出现了伤员！
鸠看向右手侧的天空，卫星的运行速度又加快了些许。她通过声音，粗略分析了敌人的分布情况，顶头的房间有两个脚步声，三楼的士兵在交流今晚吃什么，二楼没动静，估计是睡了，一楼三只正蹲在楼外打牌，一对三，炸你，飞机——看来很相信同伴的战斗力。
她不打算继续缠斗下去，站在窗边预估了会儿高度，一跃而下，这一幕正好被四楼的士兵看到了。
四楼的士兵：人跳下去了，楼下机动！
三楼的士兵：不是，在哪儿啊？
二楼的士兵：阿巴阿巴？巴巴巴巴！啊啊啊啊！ 一楼的士兵还没来得及说话，鸠手扶士兵颅顶，一腿横扫，掀翻了半数，剩下转身膝顶踢，又重拳殴入地面，结束战斗。
四楼的士兵：呼叫总部，节点捕捉失败，请求更多响应。",156/08/26,Gino,main,,,,外传章节极星卫,0436
《极星卫》剧本•十二,"32 九仙街的小河边 日 外
小河没了往常洗衣打水的热闹，只有一个老人戴着沉重的护目镜，一袭背心裤衩，小马扎坐着，竹制的鱼竿攥在手里。
浮标随着水流原地踏步，三十步外，军官打扮的女人，蹲在岸边，用军刀刮下或青或褐的水草青苔，放入随身携带的小玻璃罐里。副官站起身来，看向老人的方向，老人也看向她，两人对视良久。 
33 九仙街上空 日 外 数十架金鱼飞行器如鱼在水中，悬停在九仙街的上空，促促冒气。当日天气，万里无云，巨物突兀地镶嵌入城市的氛围。背景的筒子楼，空无一人，从窗户往外看，似乎能与金鱼对视，让人不禁疑问，它们机械的身体里，隐藏着什么秘密。  34 金鱼飞行器 日 内
圆柱鱼缸里，零星景观石几座，一条金鱼在石洞与水草间游走。副官掏出捞来的浮游植物，倒入缸中，继而走向坐席。
尼格拉：出了寨楼，就不好抓了。 副官：何解？
尼格拉：当年还没发生蒸汽爆炸，内外城相通，地铁，还是出行的主要工具。如今废弃，地铁道也被帮派占领，沦为走私的渠道。
他调出市政保存的地铁地图，放大九仙街的区域。
尼格拉：数百年的更迭，九仙街的地表建筑早已变样，地道具体的入口现在只有当地人知道。
副官：您是说 Z 的背后是。
尼格拉：没错，而且我怀疑，城防军里有间谍，否则没法解释昨晚定位的事。 副官端着水杯，从左行至右，正好挡住正在进食的金鱼。见她欲言又止，尼格拉明白了她的心思。
尼格拉：不会是他。",156/08/26,Gino,main,,,,外传章节极星卫,0437
《极星卫》剧本•十三,"35 红灯节的九仙街步道 夜 外 回忆
尤埃推开莲渡，转而瞧见正在看热闹的鸠，他愣了一会儿，眼神对焦到女孩的颈部，那个符号他曾在资料里见过。
尤埃：极星——
莲渡：别走神，我们的事还没完。
二人又扭打到了一起。",156/08/26,Gino,main,,,,外传章节极星卫,0438
《极星卫》剧本•十四,"36 载具试验场 日 内 回忆
森林覆盖的山体，山脚开凿了约为二十米高十米中宽的梯形隧道。  37 载具试验场入场通道 日 内 回忆
研究员穿着的尤埃，嘴角青紫，他靠墙站立，两指贴唇，吞云吐雾。尤埃在等尼格拉的到来，等得甚至有些不耐烦了，所幸军官如约而至。
尤埃：拿到了吗？ 尼格拉：拿到了。
他拎出冰莲花颈饰，扔给研究员。
尼格拉：这小东西，真是极星卫的钥匙？
尤埃：试试不就知道了吗。
尼格拉：你最好快点，我还得趁她睡醒前送回去。

38 载具试验场 日 外 回忆 两人推开安全门，重网围绕的室外环境里，三十米长的动物机甲，像是沉睡的狐狸盘蜷，已被植物完全浸染，融入这里的生态。
尼格拉：十年啊，过去很久了。
他于远处观想，尤埃爬上三米高的机甲外壳，左敲敲右敲敲，寻找驾驶舱的入口。然而极星卫的每块板甲都严丝合缝，不似可以活动，他在居高邻下地质问。
尤埃：你师傅真的没和你提过（踉跄），怎么进入这玩意儿吗。
尼格拉：没有，极星卫只有历代市长可以驾驶，我没有资格知道这件事。 尤埃：那他为什么把钥匙给游苏音。
尼格拉：我说过，你想多了。
听闻者气急败坏，一怒之下，将颈饰扔向机甲的头部，而此刻奇迹发生了。尼格拉诧异地注视，真如尤埃所说，冰莲花是机甲的钥匙，接触到机体的瞬间，化作流体状的物质渗透了进去。下一秒，极星卫苏醒，一对狐眼睁开，大地随之颤抖，它开始变形，空出两只操作肢，双足站立，结构翻转腾移，越发像个人类。
迎着机甲关节溢出的四肢，又伴着有机无机破碎扬起的尘雾，尤埃从机甲的尾部一路疾走而上，在极星卫站立完成的前一秒到达了机甲的左肩。 他抚摸着极星卫表面，依靠热散出的传能痕迹，很快确认了被包裹的驾驶舱入口，就在机甲的颈部，艰难地爬向预测的位置。
尼格拉：尤埃，别跳，危险！
尤埃挣扎着拉开舱门把手，舱门自动打开，他一跃而入。",156/08/26,Gino,main,,,,外传章节极星卫,0439
《极星卫》剧本•十五,"39 巴萨雷乌斯驾驶舱 日 内 回忆
映入眼帘的，就是驱动操作系统的小型蒸汽引擎，还有漂浮在其上的 “钥匙”。
尤埃冲到操作台前，试图驱使机甲行动，他认识每一个操作按键，曾在脑内模拟了数干次启动、行走、填充、毁灭，此刻都不灵验了，想必是极星卫在拒绝他。
尤埃：动啊，为什么不动！
因为担心尤埃，尼格拉也进入了驾驶舱。
尼格拉：你没有权限，它不会听你的。 尤埃：怎么可能，文件上说的，我都集齐了！
尼格拉：我虽然不知道驾驶条件，但是我知道游星历代家主，都有个特点。
尤埃：什么，意思。
尼格拉：上面，他们都从上面来。
军官的目光看向天空，尤埃也随之抬头，他好像想明白了什么，两人四目相对，思绪已上扬到万米高空的近地轨道。  40 卫星 外空 外
卫星恒停宇中。 
41 数据监测中心 日 内
大屏幕上的轨道分析画面里，卫星已严重偏离原本的轨道，画面外，游星感觉不可思议，这周期的中枢远没到报废期，怎么会现在出问题。
研究员：市长先生，我们接到一则它传来的信息，需要播出来吗？。 游星：放吧。
大屏幕转到播放器，高低起伏的频率中，是群体的悲鸣。
卫星：回家，回家，回家⋯⋯
研究员：目前只分析出，这是种古代语言，我们正在咨询语言学家——
游星：不用了，这是地球的语言。
他看向大屏幕，露出一副似哭非笑的嘴脸。
游星：回家，一群幽灵，也想回家吗。",156/08/26,Gino,main,,,,外传章节极星卫,0440
《极星卫》剧本•十六,"42 九仙街菜仓库 日 内
混混正在搬运货物，莲渡负贵整理清单，顺便看着吉诺。他们蹲在混混的必经之路，莲渡的眼就没离开过箱子的个数，吉诺倒是闲得对这身旁之人纠缠不休。
吉诺：说来你可能不信，我叫吉诺，之前是地球上搞卫星通讯的研究员，早上测完一组参数，人就在这儿了。什么极星卫，实验体，我是一点都不懂。长话短说吧——
莲渡：你说完没有？
吉诺：还差一句⋯⋯
莲渡：你还是说吧。 吉诺：我应该是意识样本。
莲渡：啊？
吉诺：这很匪夷所思，但只有这样才能解释一切，我是一道保险程序。你们的卫星上，装载了我原型的实验数据，所以我才会有吉诺的记忆。
莲渡：大家停一下。
莲渡：你不是尤埃，他绝对不会把极星卫叫卫星。
吉诺：我为什么会在这里。 莲渡：看我干嘛，我像是知道的样子吗，去问 Z，她回来了。
目光穿过人群，女孩站在仓库门外，不知道自己的絮叨被她听进去了多少。
鸠：上车再说吧。 
43 九仙街地铁站 地下 内
混混把货品搬下楼梯，搬上车厢，和莲渡友好交流完，挥手作别。 鸠走向车头，吉诺跟了上去。 
44 机车头 地下 内
鸠熟练地拉开底部的开关，又微调了下各类参数，确保各项机构的安全阀都已关闭。
鸠：地球用蒸汽引擎吗？
吉诺：在地球，我们有更多的选择，蒸汽引擎的应用场景很少。 鸠：原来如此，但你看上去很熟悉它。
吉诺：小时候研究过。
鸠：是吗。 
45 机车车厢 地下 内
二人走入车厢，莲渡尚未离开，他还有话需要嘱托。
莲渡：到了那边，把货交给伽竹桃，这单就算完成了。 鸠：辛苦。
莲渡看向尤埃，似有不甘。",156/08/26,Gino,main,,,,外传章节极星卫,0441
《极星卫》剧本•十七,"46 移动的机车车厢 地下 内
二人面对面坐着，鸠闭目休整，吉诺从手提箱里拿出头盔观察，头盔虽与他的研究项目外观不同，但内在功能是一样的。他试图启动头盔，得到的反馈只有闪红的指示灯，看来在没有能源的情况下，头盔没法使用。
吉诺：它是怎么做到的。
鸠：（睁眼）我想，这也许是种前奏。
吉诺：（收起头盔）什么前奏。
鸠：陨落。 鸠：明天早上，极星卫的中枢将完全脱离原定轨道，撞进刻米莉亚的内城，你是它最后泵出的意识样本。机械不会执行无意义的程序，也许你有特殊的使命。
吉诺：尤埃呢，我占据了他的身体，他又去哪里了？
鸠：昨夜他独自工作，突发心脏病猝死，（指向头盔）卫星借助这东西记录了全过程。
吉诺：（停顿思考）你现在想做什么？
鸠：什么意思。 吉诺：当个参考，我毕竟不是他，不能代替他活下去。
鸠：我的人生没有参考价值，但如果你问我现在想做的，我想把卫星推回原轨道，再把巴萨雷乌斯毁了。
吉诺：那个，物理干预可能导致航天器报废。
鸠：不落到地面就行，只是我该不该这么做，九仙街的人好像很反对。
吉诺：（停顿）想做就去做吧，开心最重要。
列车通过隧道驶向地面，吉诺透过女孩骤然忧伤的眸子，看到遥远的过去。",156/08/26,Gino,main,,,,外传章节极星卫,0442
《极星卫》剧本•十八,"47 载具试验场 日 外 回忆
强风吹拂，女孩的白裙，如旌旗飘荡，她仰视着眼前的巨大机器人。研究员从身后走来，他同样抬起头颅，向超越人类科技的巨物敬礼。
尤埃：我听说人类无论消逝在何处，最后都会回到出生的地方。你的父亲，他会在里面吗。
鸠：不知道，我感觉不到他了。
尤埃：那真是可惜。
鸠：（回头）这就是你们，说的新躯体。 尤埃：持续性植物状态，卧床十年，家属申请了安乐措施。
远处，白衣的医务人员，推着一台病床走进，其上的躯壳依靠着医疗设备苟活着，温热的胸膛起伏，仿佛只是坠入了梦乡。

48 巴萨雷乌斯驾驶舱 日 内 回忆
植物人被按着放入驾驶座，数道蓝紫过渡的波动，扭曲了驾驶舱内的空间，尤埃感到一阵呕吐的冲动，随即引发了癫痫的症状，他的大脑似乎极易被这个波段影响，他可能，看到了下任游星的记忆。  49 不明实验室 日 内 过去
昏暗的非法实验室，视角的主人正在擦拭飞溅的体液，他所见的皆为绿色，看来这场实验进行了很久。他的前方，房间的角落，身份不明的商人，侧坐在办公桌上。
游星：很优秀的素材，你怎么拿到的。
未知：你懂的，贿赂学会，最原始的手段。
游星：呵，我想也是。 他放下手术道具，行走到换衣柜前，脱去手术服。柜门上他和一位科学家的合照，激发出他晦暗的情绪。
游星：我还需要更多意识样本。

50 巴萨雷乌斯驾驶舱 日 内 回忆
尤埃回过神来，鸠已在他身边，满是担心地看着他。
鸠：你在发抖。 尤埃：真的需要新的游星吗。
鸠：尼格拉说是的。
尤埃：你想想，你父亲去世前，为何忌惮下任游星，这里面一定有问题。
女孩看向尤埃，满是困惑不解。
尤埃：不只是钥匙，巴萨雷乌斯的操作动力源也得由你保管。
鸠：怎么做？ 他像找到救命稻草，紧紧抓住女孩儿的双臂。
尤埃：你的机械人工心脏！把它换成蒸汽引擎的话，游星一时半会儿不会发现。
鸠：如果他察觉了呢。
尤埃：那就逃吧，离开这里。他死了，你没必要留在这里。",156/08/26,Gino,main,,,,外传章节极星卫,0443
《极星卫》剧本•十九,"51 夭夭阁 日 内
一只鲤鱼跳出了水柜，僵尸小二宁宁，哎呀呀地连连感叹中，抓起地上滑溜的逃犯，结果不甚踩着水潭，摔了个脚朝天，鱼也逃出生天。她的姐姐安安，闻讯赶来，小童撸起俩胳膊袖子，誓要展开一场殊死决斗，脚一蹬，气沉丹田，豆眼瞪若铜铃，杀鱼视线瞄准上下蹦跶的鱼肚，上下上下，她已经彻底摸透了鲤鱼的步伐，此刻宛如天人合一，然而正当她二指伸出，攻向目标鱼鳃，一股不可抗力突然出现，鱼瞬间上天。
安安：嗯？
视线上移，原是坐在二楼的店主伽竹桃，小腿靠大腿，吊不浪荡，钓鱼玩儿呢。 宁宁：主家别玩儿了！
安安：本来就没几条，再钓就要死光啦！
伽竹桃：这不没事干吗。
宁宁：没事干去挂灯笼啊，街道发下来四五天了，还没动呢。
安安：就是就是。
伽竹桃：嘿，你们两个店小二不挂，让我来挂。 夭夭阁是内城新开的酒楼，还没打出名头，客人嘛，小猫三两只，这会儿都在看店家的笑话。
客人甲：大人让小孩儿爬上爬下，不像话！
客人乙：不像话！
伽竹桃：吃你们的饭去！
主家怒拍栏杆，她发誓总有一天要把他们菜的辣都换成四川辣。",156/08/26,Gino,main,,,,外传章节极星卫,0444
《极星卫》剧本•二十,"52 夭夭阁门口 日 外
伽竹桃挂好了左边灯笼，将扶梯搬到右边，她拎着半米宽的大红灯笼，慢慢悠悠地上挪。
客人甲：老板，我们走咯。
客人乙：这灯笼挂上多好看啊。
伽竹桃：就你多嘴。
这个点还不到吃饭的时候，四下无人，不着急回去，挂上灯笼，她还坐了一会儿。梯上的风景着实不同，日头西移，群山朦胧，无论向何处看去，天空都似被墨水的张力覆盖，流动黑灰的颜料屑。
伽竹桃：就是那东西阻挡了宇宙通信吗。
鸠：熊猫大侠，你在看什么？
伽竹桃：你怎么——
突然而来的招呼，吓了伽竹桃一跳，脚下不稳，摔下梯去，幸好她身法了得，眼疾手快，一个前滚翻，漂亮的超级英雄落地。面对鸠懵懂的双眼，伽竹桃不知该担忧还是教训。 伽竹桃：你怎么来了，现在全城都在通缉你（看向吉诺）——们。
吉诺：我？

53 夭夭阁二楼雅厅 日 内
伽竹桃：没空解释了，总之你们先呆在这里，千万别出去。
鸠：货我带来了。 伽竹桃：你人还怪好的叻。
吉诺：所以现在是什么情况？
伽竹桃：想知道呀？就不告诉你！
说完，伽竹桃甩上房门，完全不给吉诺说话的空隙。",156/08/26,Gino,main,,,,外传章节极星卫,0445
《极星卫》剧本•二十一,"54 夭夭阁一楼香堂 夕 内
时至日落，酒楼热闹起来了，喝酒、吃饭、闲侃的客人，纷纷入场。拿着悬赏照片到处巡逻的机械士兵，挨家挨户地询问有没有看过吉鸠二人，夭夭阁也不例外。
熊猫大侠竖起耳朵，外面的大堂传来讨论声：他俩犯了什么事。今天外城的惨案知道吗，就是他俩干的，反社会份子。熊猫大侠不停喝茶，不顾冒着热气，一杯一杯往肚里灌。
伽竹桃：完了完了，这下成包庇犯了，他俩怎么走一起了啊。我就不该干走私生意，现在呼叫母星还来得及吗⋯⋯
安安：主家怎么了？ 宁宁：这造型我知道，主家是吃坏肚子了。
安安：她不会又生吃竹子了吧！
宁宁：很有可能。
安安：不行的，这星球的竹子有毒啊！要三思啊，主家！
此刻，外堂又传来一阵讨论：这具体是哪儿啊。听说是九仙街，就那个乌七八糟的地方。那儿啊，那他们还干了件好事咯。
你竹桃：别闹，我懂了！ 踹开脚边的安安，她猛得站起，像是下定了决心，朝二楼走去。

55 夭夭阁二楼雅厅 夕 内
二人坐定，吉诺满上茶水。
吉诺：她的耳朵是真的吗？
鸠：嗯，熊猫大侠是外星人。 吉诺：（停顿）我们在什么地方，现在是几几年。
此时雅厅的大门洞开，熊猫大侠携茶壶出场。
伽竹桃：卡美泰星，太空探索热潮一万年后。（拿起茶壶往嘴里倒）你不是尤埃，他不会问出这么蠢的问题。
吉诺：你认识他。
鸠：（补充）当年城防军接待的外星来客，尤埃和我都在场。
伽竹桃：（用力放下茶壶）进入总结环节吧，我想你们需要一点帮助。 熊猫大侠敲了敲墙上的木雕壁画，于是暗门沿着画中的线框缓缓打开。",156/08/26,Gino,main,,,,外传章节极星卫,0446
《极星卫》剧本•二十二,"56 夭夭阁安全屋 夜 内
房间昏暗无比，骤然三道聚光灯，打在三位会议者的身上。主座的伽竹桃双手合十，她将以长句子，开启这场一问一答。
伽竹桃：吉诺，你的出现违背了常理，一般只有前任游星死亡，才会有新的拷贝下载。也许就像 Z 说的，你的身上带着特殊的使命。
主座掏出一把左轮手枪，放入一颗至关重要的子弹，其表面铭刻着冰莲花的图案。
伽竹桃：按道理，你能读取尤埃大脑的记忆，你有试过吗？。
吉诺：我看到过鸠和尤埃，但我并不认为那是尤埃的记忆，它更类似上帝视角。 伽竹桃：这倒是很有趣的现象。
枪递到了女孩儿手中，她毫不犹豫地瞄准吉诺的眉心。
鸠：你一直叫我鸠，我似乎没和别人提过这个名字。
吉诺：因为⋯⋯ 
57 载具试验场 日 外 回忆 紧接 21 场，镜头逐渐清晰。
鸠：我叫鸠，这算重新认识吗。 
58 夭夭阁安全屋 夜 内
吉诺：记忆里，你是这么说的。
鸠：我明白了（放下手枪） 主座拿过茶壶，倒出里面的茶渣，分成了两堆。
伽竹桃：你们原本计划先进入内城，吉诺假装归队，去城防军获得情报，鸠再闯入存放地点，开走巴萨雷乌斯，我总结的没错吧。
鸠：确实如此，就是没想到他们会通缉尤埃。
伽竹桃：（停顿）你知道卫星会落在哪儿吗。
鸠：（接过茶壶）内城西沙区东南方，预计受灾面积半径十五公里。
伽竹桃：市政府和城防军总部，都在那附近。 吉诺听完，脑海里突然浮现出一个细思极恐的猜测，他眉头紧皱。
吉诺：何景。",156/08/26,Gino,main,,,,外传章节极星卫,0447
《极星卫》剧本•二十三,"59 实验室外的走廊 日 内
城防队指挥部收到游星的紧急征召，副官跟在尼格拉身后，手机铃响，她收到了一张图片。
副官：有吉诺的消息了。
尼格拉：直接说吧。
副官：这是现场拍到的，他和九仙街的人在一起。不管是叛变还是挟持，我都建议立即对尤埃下发通缉令。
尼格拉停下脚步。 尼格拉：那可真是巧。（回头）你独自处理吧，我一个人去见市长。
他没有等到副官肯定的答复。
尼格拉：有什么问题吗。
副官：没问题，我这就去。 
60 数据监测中心 日 内 坐在皮制工作椅上的游星，仍监控着卫星的动向。他笔耕不缀，数据算了十页有余，看似全神贯注在科学研究上，但并非对周边毫无感知，尼格拉一到身侧，就能立即发出指令。
游星：疏散西沙区，尽快准备新卫星的激活程序。
尼格拉：可是极星卫的权限⋯⋯
游星：时间来不及了，（放下钢笔）你那个新副官，最近怎么样。
尼格拉：能力很强，人比较浮躁。 游星：九仙街事故，还有马上的西沙袭击，对外宣称是她指挥不当造成的。
尼格拉：市长，这——
游星：她是什么，想必你已经很清楚了。",156/08/26,Gino,main,,,,外传章节极星卫,0448
《极星卫》剧本•二十四,"61 西门大街 夜 外
何景来到夭夭阁所在的街道，她在头盔后观察这一切，澄红的灯笼盏，缀满街道，如鬼魅幻影，注视着他们的一举一动。
副官：最新的目击情报，嫌疑人就在这附近，挨家挨户地找，不要漏掉任何线索。
士兵的回应，何景已不在乎，她走在人群中，播通了莲渡的电话。
副官：尼格拉在怀疑我。
莲渡：这次太激进了。 副官：他为何相信尤埃没有叛变，是因为极星卫吗。
莲渡：（恼火）你们都来问我，我要是知道，还用干这行吗，算命不比这赚得多？
何景陷入了无尽的思考，那年夏天的种种浮现在眼前。

62 九仙街的小河边 日 外 回忆
幼年莲渡：我妈妈说了，那个机器人有两栋楼那么高。 涨潮的溪边，女童折下一根芦杆，摆弄聚集在岸头的蝌蚪，她从左滑到右，再从右滑到左，犹如点化无尽的循环。
幼年尤埃：你的消息不灵通啊，我爸爸可是九仙街的代表，要去给市长献花呢！
幼年莲渡：可把你牛的，抽签抽出来的代表，有什么好得意的。
幼年尤埃：嘿，运气也是实力的一部分，你别不服气。
男孩儿们争执的声音越来越近，女童难以赞同他们的观点，刘海遮住的脸庞，只露出紧抿的嘴唇。她也无心玩耍了，芦杆甩进溪流里，吓得蝌蚪不敢再围观嬉闹，只得四散逃跑。 幼年何景：那可是武器，你们太美化它了。
幼年尤埃：你胡说什么，极星卫是文明的象征！
幼年莲渡：这小鬼不是我们街的，肯定是嫉妒我们有大机器人看。
幼年何景：我才不嫉妒，极星卫早去过我们区了。
幼年莲渡：你肯定个子矮没看到，看过的人才不会这么说！
幼年何景：我，我不和你们辩，真是一群呆瓜！ 幼年尤埃：她怕了，略略略。
幼年莲渡：略略略——
何景抓进漫过水的烂泥地，攒成泥球狠狠地砸向九仙街的孩子，这边采用同样的战术，一唱一和，不甘示弱，比原创者的火力还要强大一倍。泥丸大战还不够给劲，随着战斗距离的缩短，双方的挑衅瞬间升级为肢体冲突，你揪我头发，我踢你屁股，打到最后也分不清敌我了，演化成三国争霸。
怎么结束的，何景也忘了。也许是他们都累了，只能四仰八又得喘气，像条力尽的狗。尤埃莫名还剩点精力，他大叫道。 幼年尤埃：（大叫）是我赢了！
这一嗓子透支了他的生命，尤埃喊完便没了动静，女童侧身翻起，伸出的手指未触到他的鼻息。
幼年何景：他没呼吸了——
幼年莲渡：尤埃？尤埃！
回荡的男女童声音：尤埃⋯⋯尤埃⋯⋯尤埃⋯⋯  63 西门大街 夜 外
何道人：我要找到他问清楚。
莲渡：等等，你不要冲动——
何景挂断了电话。",156/08/26,Gino,main,,,,外传章节极星卫,0449
《极星卫》剧本•二十五,"64 夭夭安全屋 夜 内
鸠：通缉令不是问题，重点是找到巴萨雷乌斯。
转盘摄影机来到伽竹桃的面前。
伽竹桃：怎么找，去哪里找？
她抛出河題的同肘，抛出疑惑的空气弾球。
吉诺：（接住）城防军的载具仓库。
空气飞镖射出，镜头定在地图上的城防军总部。 鸠：（举起空气放大镜放到眼前）证据。
吉诺：深处第二道舱门，油布上的狐狸眼，何景说是标记。（双手托正空气眼镜）
伽竹桃：陷阱？（歪头，并双臂交叉呈 X ）
鸠：钓谁。（右手作点穴指，竖贴眼下）
吉诺：（拉绳开灯）无鱼可钓。
安全屋重见光明。 吉诺：动机、实施，皆与我方无关。
伽竹桃：那还等什么！
她早已走到窗帘中间，解开最后一道结，风冲开一切遮蔽之物。

65 夭夭阁安全屋 夜 外
房间的阳面墙完全降下，刻米莉亚的夜，寒风簌簌人发抖，而此时此地，此行三人，心若烈火。 黄蜂仿生外形的水路两用飞行器，装载八枚内置于腹腔储弹舱的定向导弹，可通过机械振动向外发射波形攻击，破坏目标物的内部结构。它如同真实的大黄蜂，振翅维持身体平衡，强劲的风力冲进安全屋，将室内物件吹作一团散花，三人扒住墙边和地缘，在风中对喊。
伽竹桃：黄蜂七型，识别号 53，三天前在陷落湖失去下落，城防军尚未除名，我可以暂时借你们一用！
吉诺：你从哪儿搞来的！
伽竹桃：外星打捞技术，说了你也不懂！ 鸠：条件是什么？
伽竹桃：掀开星球幕布，你能做到吗！
鸠点头答应，随即跳进了驾驶舱。
吉诺：等等！
伽竹桃：你别去，太危险了！
鸠戴上耳机，她看向原地的吉诺，心中有诸多哽咽不得说出，只是依靠这隔绝视听的风作最后道别。 鸠的唇语：（再见了，吉诺）",156/08/26,Gino,main,,,,外传章节极星卫,0450
《极星卫》剧本•二十六,"66 载具试验场 日 外 回忆
游星坐着竹编的靠背椅，眺望沉睡的巴萨雷乌斯，手里转着他象征性的钢笔。
游星：极星卫后来都有谁进去过。
尼格拉：除了仪式当天，没有人进入过那里。
游星：并非我不相信你，（转笔）操作动力源，总不能是当着我的面消失的。
尼格拉：下属尽快调查清楚。
游星：底下对我敌意很大，上一任游星是谁。 尼格拉：一名叫吉诺的老者，原型是宇宙历史上有名的通讯专家。
游星：他啊，那就不奇怪了。（冷笑） 
67 实验室外的走廊 日 内 回忆
以鸠为中心的第一人称视角，镜头高度为鸠的脖子正中。
尤埃：心脏状况如何。 鸠：运行良好，没有排异反应。
尤埃：还是做个检查吧。
尼格拉：（远处走来）你们现在有空吗。
鸠：尤埃要给我体检。
尼格拉：（神色古怪）不着急这一会儿，极星卫的操作动力源不见了，苏音你能拿钥匙感应一下吗。
鸠：啊，它就在我这里。（拍胸口） 尤埃：哎呀，仪式那天她人工心脏突然坏了，这不就地取材吗。
尼格拉：替换要多久？
尤埃：没有现成的，生产估计要半年。
尼格拉：你们——（看向镜头）真会找事。 
68 载具试验场 日 外 回忆 接续 66 场。
游星：宇宙历史啊，你怎么知道的？
尼格拉：三年前，有位外星人迫降到刻米莉亚。
游星：外星人？（笑）这片星域没有外星人。说来，刻米莉亚还是人类探索宇宙的第一步。
镜头对准游星正面的平原。",156/08/26,Gino,main,,,,外传章节极星卫,0451
《极星卫》剧本•二十七,"69 载具试验场一万年前 日 外 过去
一万年前的平原，先遣队的飞船降落于此。
三个身着新式宇航服的人类陆续从升降梯上下来，他们查看了手臂屏幕上的生物信息，按下空气监测按钮，很快弹出 “可以呼吸” 的窗口。队员们纷纷脱去头盔，其中一位棕发的中年女性，看向远处。山丘上的小乔木，顶上点红，看似正逢花季。
妈妈：去那边看看吧。 
70 载具试验场一万年前的山丘 日 外 过去 他们漫步花丛间，生物信息没有提示异常，妈妈大胆地摘了一朵花蕾，细细把玩，凑到鼻前，一股浓艳的茶花味扑鼻而来。
妈妈：叶、茎、花，都和地球上的物种山茶相似。
队员甲：这是巧合，还是象征？
妈妈：还需要进一步的成分分析。
队员甲：报告怎么写？
队员乙：要不，就叫这里刻米莉亚。 妈妈：山茶花，可以，也问问空中小组的意见吧。
于是乎，他们连接了空中小组的通讯频道。
在三声滴后，频道对面传来宛如惨叫的语音留言。
飞行员甲：啊啊啊啊啊啊，山茶花——全是山茶花！",156/08/26,Gino,main,,,,外传章节极星卫,0452
《极星卫》剧本•二十八,"71 航摄飞机 日 内 过去
飞机通讯的摄影镜头。
飞行员甲：一切正常，降落区域搜索完毕。 
72 航摄飞机 日 外 过去
飞行器搭载第五代战斗机平均配置，用于执行行星内的飞行任务，正在通话的飞机內任务组的三架之一。目前无干扰云层，三架飞机前后飞行，以每小时一万平方千米的速度采集地面信息。 飞行员甲：真没意思，照这天气，半天就能收集完数据。

73 航摄飞机 日 内 过去
通讯频道里传来队友们的声音。
飞行员乙：别高兴得太早，飞船获取的天气信息不一定准。
飞行员甲：是你太——
飞行员丙：一号注意前方！异常！异常！  74 山茶花云 日 外 过去
任务组的航路上，团簇的云朵鲜红如血，不断扩大，转瞬间吞噬了三架飞机。镜头不断缩小，这是一种形似山茶花的三维曼德勃罗集，山茶花的形状从线的边缘拓展出新的山茶花，整体和局部永远保持着自相似性，直到缩小到最小的分子结构，一个貌似红灯笼的闭合几何体。

75 飞船会议室 日 内 过去 山茶花云的内容作为录像放完，镜头逐渐拉远，直到能容纳会议室的圆桌。参加会议共八人，分别为每一组的代表，物理学家站起身，他拿出平板将监测报告投放到屏幕上。
物理学家：目前可以确认的是刻米莉亚星的大气，充满了名为山茶花素的物质。它在地表没有任何危害，但在八千到一万米的低气压环境里，它会变化成如视频所示的结构。这种结构遍布对流层和平流层，还会不断随着空气环流扩散。受到它的影响，现有的飞行器基本无法远距离使用，宇宙通讯也时常断连。这还是本周风力较小，按照新的大气建模，从下周起，通讯将完全阻断，如果不启动飞船行驶到大气外层，我们将无法与地球总部联系。
船长：这种情况将持续多久？ 物理学家：明年的现在。",156/08/26,Gino,main,,,,外传章节极星卫,0453
《极星卫》剧本•二十九,"76 载具试验场一万年前的山丘 日 外 过去
妈妈便装独自走在山丘上的小路，队员乙从后方追上了她。
队员乙：新一轮采集成果没能化验出新成分。
妈妈：还是原本的断案吗。
队员乙：队里打算集中处理掉地面上的山茶花树，先断绝物质来源。
妈妈：那大气里的——。 队员乙：航天器收集起码要一两万年，先遣队还有四个备选行星，上面不乐意在刻米莉亚花费太多资源。
妈妈：（看向天空）终究被抛弃了吗。

77 载具试验场九千七百年前 夜 外 过去
三百年后。
平静的夜晚，废弃生锈的先遣队飞船迎来了它的新客人。巴萨雷乌斯如同一道陨石从天而降，落地的喷射推进，烧焦了附近的草坪，留下四个大小相同的秃坑。穿戴外骨骼的驾驶员，打开巴萨雷乌斯的座舱一跃而下。他拿出激光枪，切割开飞船的外壳，进入了飞船内部。
当地的居民成群结队，举着手电走向载具试验场。他们谨慎地前行，走在最前的中年男性，先是查看了落地秃坑，顺着带泥的脚印，他来到动物形态的巴塞雷乌斯面前。
抬起手电照亮机甲头部的瞬间，居民们受到了极大的惊吓，他们杂乱地喊叫、逃跑。
居民甲：啊！
居民乙：怪，怪物！ 居民丙：救命！
飞船那侧传来一声喝令。
游星：嘿，都干什么呢都！
居民跑得更快了，只留中年男子一个在原地发抖。
中年男子：机器人！啊⋯⋯啊。
游星：（居高临下）喂，是他们的首领吗。 中年男子：（试图冷静）你到底是。
游星：今天起，这里就由我管理了，你可以叫我游星。",156/08/26,Gino,main,,,,外传章节极星卫,0454
《极星卫》剧本•三十,"78 城防军载具仓库 夜 内
黄蜂七型飞机降落，鸠身着城防军的制服，入关时没受到任何阻拦，接应的地面人员低头做事，只有远处检查起落架的黄帽抬头看了她一眼，随即播通了内部电话。
地勤：不会错的，是实验体 Z。
副官：只有她一个？
地勤：是的。
副官：好，我知道了。  79 西门大街 夜 外
何景挂断电话，对再度集合的士兵命令道。
副官：去夭夭阁！ 
80 夭夭阁安全屋 夜 内
大幕合起，只留下伽竹桃和吉诺二人。 吉诺：为什么不让我去。
伽竹桃：你一个意识样本去了有什么用？
吉诺：说不定呢。
伽竹桃：还说不定呢，（抬手但忍住）我告诉你哦，星际法严令禁止夺舍行为，在我给你转移到人偶身上之前，你哪儿都别想去。
吉诺：人偶！有现成的吗，我想出去逛逛。
伽竹桃：要求还怪多的，可以，你让我找找。 就在伽竹桃翻箱倒柜，吉诺一旁看热闹的时候，安全屋的门突然开了。
安安：主家，城防军闯进来了！

81 夭夭阁门口 夜 内
宁宁：（张开手臂）大使馆重地，携武器者禁止入内！
士兵一：小朋友还挺霸气。 士兵一不停劝阻，试图越过宁宁。宁宁三拳锤入气海、水分、建里，蹬其大股，扼其咽喉，捶打至倒地不起，才算停止。
宁宁：（摆出起手式）姐姐去叫主家了，你们话事人呢，让她出来！
何景：（穿过士兵）交出尤埃。
宁宁：呵，那是谁？
何景：（掏出唐刀）明知故问。
二人僵持不下，气氛焦灼出火花。 伽竹桃：（入场）停手！你要的人，是不是这个！
她双手抛出一具男性躯壳，重重地砸到何景的跟前。这是尤埃的躯壳，失去体征还未多久，冰冷但尚未僵硬。何景抬起尤埃的右手，熟悉的旧伤，痛心刺目。
何景：你杀了他。
伽竹桃：是我杀的，怎么，通缉犯还管死活？
何景：你要付出代价！
伽竹桃：（从后腰掏出双枪）那就来吧！",156/08/26,Gino,main,,,,外传章节极星卫,0455
《极星卫》剧本•三十一,"82 城防军载具仓库巴萨雷舱 夜 内
鸠站在狐狸眼帆布前，舱门不知为何打开了，她从帆布底下穿过，先入眼帘的是男人的皮鞋，再是人形的巴萨雷乌斯。
游星：你来了。（回头）
鸠：我来带它走。
游星：我可以认为，你是来阻止卫星陨落的吗。
鸠：没错。 她越过游星，不曾停留，向巴萨雷乌斯走去。
游星：我不阻拦，在此之后，刻米莉亚星依旧会通缉你。
鸠：你想做就做吧，我永远无法理解你的（加重）伟大计划。
游星：实验体 Z，你浪费了自己的天赋。
鸠：天赋是让自己开心的。  83 孤儿院 夜 外 回忆
那年红灯节人声鼎沸，四岁的鸠在窗口探头探脑，远方的红光柔和且诱惑，她蹲下拿出床底的布鞋穿上，也没换睡衣就跑下了楼。孤儿院四周虽有栏杆林立，但这还阻止不了骨瘦如柴的四岁小孩儿从缝里钻出来。她就这样奔下山坡，向城市出发。

84 西门大街的角落剧院 夜 外 回忆
进入城门，又小跑了几步，拐角处的杂耍团吸引了鸠的注意力。 杂耍团一共四人，一个壮汉表演小猫钻火圈，一对兄妹表演人体托举，还有个小丑，脚踩皮球，手上四个球来回抛掷空中。
鸠看得入迷，突然几个推车的小贩快速驶过杂耍团前，小丑的球惊掉了两个，球未曾落地，鸠便眼疾手快地接过，自己抛了起来。
小贩：城管来了，不给摆了，快跑啊！
小贩已经跑远了，听闻此事的魔术师捞起鸠，爬上了杂耍团的板车。",156/08/26,Gino,main,,,,外传章节极星卫,0456
《极星卫》剧本•三十二,"85 乡间的小路 夜 外 回忆
魔术师和鸠并排坐在车尾。
魔术师：小朋友，看你骨骼精奇，跟我学杂耍怎么样。
鸠：好啊，看着很开心的样子。
魔术师：享乐主义！
鸠：你说什么呀，我听不懂呀！嘻嘻！ 大人恼了，对小孩儿施以挠痒痒之刑，小孩儿咯咯直笑。乡间的路不平，车上颠簸，远方的红灯摇曳闪烁。

86 夭夭阁门口 夜 外
夭夭阁的战斗已经结束。两方的距离拉开十米，何景用唐刀支撑着身体，伽竹桃也无力地撑膝喘气。双方都损失了不少人手，宁宁和安安一个趴地上，一个挂路灯，大兵们杂乱无章地散落在路边，挡住了车行道，连着整条街都冷清了。
伽竹桃：你这么砍，是死不了人的。 副官：你不也是，橡皮弹，笑死人了，就此停手吧。
伽竹桃：你要找的人已经走了，你早就知道。
副官：（喘气）我和尤埃不一样，只想活下去，没有信仰。
伽竹桃：（起身）懂了，你在展示一种态度。
副官：没错，而且时间也差不多了。
西南方向，一道冲天的光柱斜射入宇宙深空。  87 巴萨雷乌斯出击 夜 外
巴萨雷乌斯的关节、面罩溢出层层白雾，若仙灵脱出云中。

88 巴萨雷乌斯驾驶舱 夜 内
鸠上下扫视面板，现在的速度还不足以脱离地心引力，她打开加速器的保护盖，用力捶了下去。
此时面板上划过三行字： 亿万字节流同步
准备完毕
加速模式启动",156/08/26,Gino,main,,,,外传章节极星卫,0457
《极星卫》剧本•三十三,"89 巴萨雷乌斯出击 夜 外空 外
音速、第一宇宙速度、第二宇宙速度！
音爆、超越波动、无法捕捉！
震荡、燃烧、寂静！
漂浮。  90 巴萨雷乌斯驾驶舱 外空 内
从驾驶舱往外看，卫星正在快速靠近巴萨雷乌斯。她推动右手的操作杆。 
91 巴萨雷乌斯 外空 外
机甲的双臂作防御态，狐尾搁置前方，后推进器启动。  92 巴萨雷乌斯驾驶舱 外空 内
鸠：（吸气）三、二、一。 
93 巴萨雷乌斯 外空 外
巴萨雷乌斯正面撞击卫星外壁。
巴萨雷乌斯的推进力正在增加！ 巴萨雷乌斯的推进力增加到了极限！ 
94 巴萨雷乌斯驾驶舱 外空 内
鸠：是时候结束了—— 
95 载具试验场 夜 外 试验场的角落有着一片矮小的山茶林，明明是冬季，却花团锦簇。 
96 载具试验场的林中墓地 夜 外
刻米莉亚星上仅剩的山茶花下，树立着一块切割独特的石碑，其上先遣队的队徽下，用地球的语言书写着分队的名字，刻米莉亚。
吉诺站在碑前，伫立良久。他现在头戴宽沿帽，身套棉布黄衫，是一个没有面孔塑料制品，不能说话，也不会流泪。 游星：没错，你的母亲埋骨于此，他们放弃了刻米莉亚。
游星：我以为我已经毁了所有你的意识样本，没想到机甲里还有一个。
吉诺转身，游星黑洞洞的枪口，已对准他的眉心。
游星：是时候结束了，吉诺。",156/08/26,Gino,main,,,,外传章节极星卫,0458
《极星卫》剧本•三十四,"97 巴萨雷乌斯 外空 外
卫星被推至较原本更远的轨道，也因外壳的破损，丧失了通信功能。任务完成，鸠加速进入行星大气，并趁着这股速度，迅速地绕地环行。
伽竹桃所说的幕布，正是山茶花素最后的连接形式。如今山茶花云薄如蝉翼，只要制造一个巨大的破洞，幕布自然会消失。
鸠破入内层，随即启用背部导弹，向散射出八枚扩散弹，八、六十四、五百一十二，爆炸声响起，刻米莉亚的幕布被揭开了。  98 载具试验场的林中墓地 夜 外
四下无人，唯有山茶与夜莺，以及地上的死寂躯壳。
吉诺真的睡去了吗，他面无表情，但他本就如此。
镜头前万物暂停，不得结果。
巴萨雷乌斯来了，它的动力不足以准确降落，因此误入了这片矮林。
鸠跳出驾驶舱，机械足落地，准备离开，此刻消失片刻的连接感，又再度出现，她的背影停滞。 吉诺：鸠，我在这里⋯⋯
她缓慢转过身，发现了地上的人偶。
鸠：吉诺？",156/08/26,Gino,main,,,,外传章节极星卫,0459
破译•《极星卫》彩蛋,"宇外三号实验室 晨 内
吉诺连接上卫星，操作界面的各类数值一切正常。
吉诺：（摘下头盔）好了，果然是采样问题。改采样也不难，就是需要调试时间，对了，游同学你怎么看。
游星：我吗？
钢笔在他指尖旋转，又在他吐露前停下。
游星：也许在未来，我们能找到一个公式直接沟通人类和机器，甚至，人类之间。 
Hint：新的关卡 S.A.T.E.L.L.I.T.E. AT 已解锁，同歌曲 IN 难度达到 920000 后可游玩。",156/08/31,Gino,key,,,,外传章节极星卫,0423
莫比乌斯的回信,"致测试人员鸠： 
在上次对话里，我们提到卫星坠落一事，您有过度借鉴史实的嫌疑。虽然您也说明了卫星在此处使用并无他意，十日骓已焚书化，观影者将二者关联的可能性极为微小。但我司不愿增加异想污染扩大的风险，目前对于是否出版您的记忆备份，仍持有保守建议。 
至于创世光盘内测，您的申请已经通过。亚空间《极星卫》已随信录入到您的 PhigrOS，目前采用的初始设置是蒸汽世界 - 反科学 - 机战，还请您尽快完善该世界的背景信息。我司成员吉诺表示，他极其反对你借用他作为机甲原型。如果可以的话，请您尽快修改《极星卫》的人物设定。  PS：鉴于您的行为并未触犯法律，个人认为机男也并非无不可。 
莫比乌斯工作室 镜",156/08/31,鸠,key,,,,外传章节极星卫,0424
Diary Alpa 220 02 01,"【时间：晚上 7 时 06 分，休息室。】
【急促的脚步声】
工作人员：P、PAFF 小姐！刚刚接到消息，那位⋯⋯【嘈杂】的小姐不属于我们⋯⋯【嘈杂】公司，安保正在赶来的路上，请您⋯⋯【嘈杂】。
PAFF：嗯，我明白了，不过我仍想跟对方聊一聊，可以吗？
工作人员：可是——
PAFF：我相信对方没有恶意的！
【 PAFF 推开休息室的门。黑发女孩坐在沙发上，头戴朱红色耳机，神神叨叨拨弄全息屏幕，眼中是藏不住的新奇。看见门开来人，她干脆利落卸下耳机站起，大大方方向 PAFF 伸出手。】
鸠：你好，我是鸠！你是方才台上的歌手吧。
PAFF：【点头】你好，我是 PAFF。
【 PAFF 伸出手与对方相握。】 PAFF：后台的情况我简单了解过了，非常感谢⋯⋯如果没有鸠小姐发现和修复调音ai的故障，我的演出环节大概要变成灾难了。
鸠：因为大家都想听 PAFF 的歌声嘛，【挠头】虽然咕咕是第一次听啦，不过好好听诶，咕咕喜欢！
PAFF：谢谢夸奖，鸠小姐的调音技术也很厉害呢。【停顿】冒味地好奇一下，鸠是从别的 Node 来的吗？
鸠：咦——你怎么知道？
？？？：因为在 Node08，没有谁不认识我们的大歌星 PAFF 呀！
【一道声音从 PAFF 身后响起。虚掩的门被拉开，头顶机械猫耳的黑发少女似阵风般闯了进来，搂住 PAFF 的肩膀。鸠感到有些熟悉，但这两日来发生的事情太多，她一时间没能忆起什么。】
PAFF：NEKO！你怎么跑来了？
NEKO# ΦωΦ：Aroma 酱下台后有看 iM 热搜吗？这个线下音乐节的安保做得超级烂惹，没有票偷偷翻进来的不说，还有过激粉故意闹事，退场环节乱成一锅粥了耶！
PAFF：这样吗⋯⋯【蹙眉】喇叭君，帮我联系在我休息室待命的那组保镖，让他们去帮忙维护秩序吧。
［喇叭君］：通知已送达！已向主办方负责人发送情况说明！
PAFF：外面太乱了，我想我们在这里多待一会儿，等情况安定再走比较稳妥。如果鸠小姐有事需要离开，我也可以安排——
鸠：【回过神来】啊，没问题的！其实咕咕还没想好接下来去哪。【小声】
NEKO# ΦωΦ：【看向鸠】对哦，NEKO 还没问呢，你是？
鸠：我？鸠就是鸠啦。【拍脑袋】咕咕想起来了！你是那个打游戏的大主播！
NEKO# ΦωΦ：嚯嚯，是 NEKO 的粉丝哦！不过 NEKO 还是比较习惯实況主这个称呼。
鸠：昨天在列车上，旁边的人看你直播看了一宿！害得咕咕和周围的人都没睡好！
NEKO# ΦωΦ：欸⋯⋯ NEKO# ΦωΦ：不对，话题被拐跑了！【指】快快交代！就算你年纪还小，NEKO 也不会⋯⋯嗯⋯⋯反正！NEKO 可不是好惹的哦！
PAFF：【轻笑】好啦。大家先坐下来吧，时间还多，我们不妨慢慢说。",220/02/01,Alpa,main,,,,额外章节,0417
Diary Alpa 220 02 01•线索一,"【时间：晚上 8 时 37 分，某个餐厅的包间中。】
NEKO# ΦωΦ：哇哇哇，阿鸠你的 Meow Bot 是定制款吗？跟课本上的猫好像哦！
鸠：咕咕觉得⋯⋯应该不算吧？这是我哥哥留下的 Al，叫 Alpa，是鸠来 Node08 后收到的。鸠的演唱会票，就是 Alpa 帮忙上网订的哦！还有碟机也是 Alpa 修好的！
【是我想多了吗⋯⋯？再度涌现的矛盾感令 PAFF 走神一瞬。】
【 NEKO 将自己的 Meow Bot 也放了出来，两只猫形小精灵在桌上从这头打闹到那头，在掉下餐桌前被 PAFF 伸手挡住，最后被 NEKO 一手一个捞回怀里逗弄】
PAFF：【合上菜单】所以⋯⋯鸠小姐是 Node13 的居民，对吗。
NEKO# ΦωΦ：Node13？【插嘴】那个超——级反对科技的地方？怪不得好多电子设备都不会用哦。阿鸠为什么要来 Node08 啊？
鸠：鸠是来找哥哥的！哥哥说他在这个 Node 工作，但是两个月前那件事过后，就失联了⋯⋯【低下头】
【 NEKO 和 PAFF 对视一眼，她们都明白鸠说的 “那件事” 指代的是什么——建造者复苏事件】
【 N.A.702 年末，在除役事件中消失的建造者们忽然重新出现，并如几百年前那样无差别的攻击所有人类。遭到失控机械袭击的多个节点都市中，又属 Node08 受灾最为严重。】
鸠：还有⋯⋯那时候，鸠在梦里看到很多⋯⋯机器人。他们在一个飘着颗粒的奇怪空间里，身影一闪一闪的，看上去很危险。机器人们朝鸠的方向冲过来，鸠被吓醒了，然后就听到大家在传建造者失控的事。
鸠：鸠找了很久，Node13 没有梦里的那种地方，所以鸠⋯⋯觉得跟不见了的哥哥有关。
PAFF：嗯⋯⋯虽然搞不清楚的状况有很多，但是能够肯定的是，鸠小姐，很勇敢呢！
鸠：⋯⋯是吗？【迷惑】
NEKO# ΦωΦ：怎么不是！从那么远的地方一个人跑来寻亲，阿鸠不仅勇敢，还很坚定、很厉害哦！ PAFF：据我所了解，08 管理局对失事人员的统计已经贴近完成，如果确认名单上没有，那么你哥哥⋯⋯大抵是平安无恙的。
NEKO# ΦωΦ：唔⋯⋯或者，或许，你哥哥在别的 Node 也说不定啦！
【 Alpa 从 NEKO 的怀中挣扎出来，用爪子拍了拍鸠的脑袋，似是在支持这一论点。】
鸠：嗯⋯⋯你们说的对！【露出笑容】
【开门声】
［送餐车］：哔哔，客人们好！客人们好！你们点的海陆空至尊巨无霸煎烤煮炸焖套餐做好了哔，菜盘过多，摆放需要时间，请暂时不要乱动哔！
NEKO# ΦωΦ：这⋯⋯这么多？！
PAFF：【慌乱】不⋯⋯，是这个套餐吗，怎么会⋯⋯
【 PAFF 急忙打开电子账单，看到已被结清四个大字与末尾一行 “\NEKO/\NEKO/\NEKO/”，三人皆明白了是怎么一回事。】
鸠：NEKO 的粉丝⋯⋯【咽口水】也大强力了点⋯⋯ NEKO# ΦωΦ：【得意】哼哼，那当然！【飞快的拍照发帖】
PAFF：⋯⋯
【 PAFF 扭头看向门外，正好看到餐厅经理向门后躲去】
鸠：那咕咕不客气了哦——",220/02/01,Alpa,main,,,,额外章节,0418
Diary Alpa 220 02 01•线索二,"【时间：晚上 10 时 00 分，餐厅出口】
NEKO# ΦωΦ：【碎碎念】⋯⋯管理局十点上班，最近他们开了复苏事件相关业务处理窗口，网上查不到的话，就到他们那里问。如果管理局动作太慢，你也可以直接去上报失踪，实在找不到了，你就联系 NEKO，NEKO 的一个朋友有超级多的人脉，我们去逮着他使劲嚯嚯！
鸠：【晕头转向】【立正】咕咕知道了，逮住人就使劲嚯嚯！
PAFF：好像有哪里不对⋯⋯
鸠：【眺望远方】又有车朝我们来了咕！这次是我们在网上叫的那辆了吗？
NEKO# ΦωΦ：让 NEKO 看看⋯⋯ Yeah！这次对咯！
【浅黄色外壳的车辆在三人面前稳稳停住，鸠拉开车门，转过身来向两人道别。】
鸠：PAFF ⋯⋯ NEKO ⋯⋯谢谢你们的帮助！那么，下次再会啦！
【车辆发动】",220/02/01,Alpa,main,,,,额外章节,0419
摘录•莫比乌斯工作室日志•一,"【扉页：从那天起，雨就没有停息。】 
阿特拉斯的忘忧宫，天穹水蓝犹如静海，大气之外的水层倒影着 “港湾” 的光景，像素塔历 242 年的尾声，一切都好似梦境。
今天要做的事很多，就比如迎接那位天才研究员，来自亚空间 ROTAENO，为 “港湾” 之雨而来的交流学者荷珀。与约定的不同，荷珀搭了早一班的飞船，等我踏出工作室的大门，便已见到她彷徨不知所措徘徊在门前。
“请问这里是莫比乌斯研究中心吗？我是阿古亚星的荷珀，之前申请了贵中心的学术交流。”
这打乱了我的计划，今日有两位客人，本该在港口一同会面，我一时不知该如何处理荷珀的情况，工作室如今只有我一人，除了再带她去港口，似乎没有其他选择。荷珀的好奇心，正如她对学术问题的热情一般，一路上她的问题便没有停歇。
她看向这违反常理的世界，向身边唯一一个理性的生物——我，问道：“天上的白线那是什么？起初我以为是云朵，但它们太分散又消失的太快了。”
“船舶驶过的浪线，我们头顶的景色既是天空，亦是海洋。你可能好奇大气外的水层从何而来，我只能告诉你，那是个星球的倒影，它曾经叫做港湾，现在改名为霓虹，也是你申请调查的地方。但我得告诉你，那里正在发生战争，你没有来对时候。” 战争的信息，并没熄灭她求知的欲望，她将跟随记者前往霓虹，我期待她的旅行顺利，正如我期待和平的来临。",242/11/17,Gino,main,,,,额外章节,0407
摘录•莫比乌斯工作室日志•二,"“真是好久不见了，吉诺。哦，一想到审判航道已经乱成一团，忘忧宫却丝毫不受影响，我就觉得不可思议。”
能让我一字不差记录下讽刺话语的，只有那位如今霓虹的二把手，魔女会议的隼。先统的代行人，战争的煽动者，立场不明的两面派，知道这么多内幕的我，除了在日志里发牢骚，竟对她一点办法没有，实在可恶。她毕竟是工作室的客人，我也不好下驱逐令，只能仍由她在眼前晃悠，你们到底什么时候回来，真不知道战场有什么好研究的。
我没在仓库里找到隼要的道具，现做需要点时间，还麻烦负责交涉的同事，和那边重新商量条件。说起来，我到现在都不知道那边的情况，只是我单方面写日志过于不公平，希望明天睡前，能看到来自你们的系统邮件。
是的，这不是商量。
隼说虹之战将持续到港湾彻底建成，以我对创世光盘的了解，这起码要再过十年。十年，足够发生多少变化，我们真的还有时间吗。",242/11/17,Gino,main,,,,额外章节,0408
摘录•莫比乌斯工作室日志•三,"在港口还有个小插曲，荷珀想要帮助我寻找隼的行踪，我试图和她解释林泊是一种自由的生物，他们能随着心象的不同，而改变自己的外貌，就像生老病死，他们的变化也是遵循了一种规律，也就是内心的规律。
我最后也只能这么和她说：“可以将林泊理解为类似维克斯族的生物，没有固定的样貌，只有熟人能凭感觉找到他们。”
但她之后的提问也点醒了我，林泊的肉体、记忆、灵魂都是变化无常的，像素塔里的心又指的是什么呢？
我向她举了记忆金属的例子，记忆金属是一种特殊的合金材料，会在条件恢复正常时恢复到原来的形状。心也是这样一种，永远会回到起点的物质。
隼赞同了我的说法，但我至今不曾了解她，她的起点是什么样的，这是我这数百年来，从未想透的秘密。",242/11/17,Gino,main,,,,额外章节,0409
隼的行船记录仪•一,"像素塔管理会发放给下属成员的制式补给，用以监控船附近的异常参数。
像素塔历 243 年 1 月 20 日，驾驶者行驶至距离阿特拉斯层三千六百千里外的小天体 “psyche-327”，在此期间，就违规停泊同异常飞行装置通信，双方通信记录如下：
【 Alpa：本条为异想处理部巡逻三队工务舰 67 号的自动发信，你已偏离正常航线，请跟随前方飞船前往阿特拉斯八号中转站，重新规划你的行进道路。
Alpa：检测到对象处于昏迷状态，已启动清醒射线。（biu ——）
伊洛：（惊醒）啊啊啊——哎，猫猫？我，我又在哪里！
Alpa：检查到对象情绪激动，已转接人工服务。
隼：哈喽！哈喽！迷路的朋友！欢迎来到阿特拉斯！
伊洛：哇啊，你不要过来啊啊啊啊啊！
隼：（小声）糟糕，不会电傻了吧。
Alpa：此乃正常反应。】",243/01/20,鸠,main,,,,额外章节,0410
隼的行船记录仪•二,"【隼：冷静下来就好，你叫伊洛，来自阿古亚星是吗？这里是像素塔星区阿特拉斯殖民地，Alpa 检查过航行记录了，你似乎⋯⋯偏移了六百光年？
伊洛：六百光年！这怎么可能呢，我明明刚才还在——等等，你是怎么知道飞船数据的，难道你是星际警察！（星星眼）我还是第一次在综艺以外地方看到星际警察呢！
隼：（停顿）呃，你也可以这么想。回到正题，我们现在的首要任务是把你送回到正确的航线。
伊洛：第八中转站对吧，我都听到了。我们现在就出发？
隼：不急，你这种情况需要特殊处理，容我联系一下后勤部门。】 以下为隼与星标联系人 Gino 的私下通信：
【 Gino：（接通）莫比乌斯工作室，留言请按 1，钻石姬请挂机。
隼：听我说，无敌的阿吉，宇宙需要你！我遇到了荷珀提过的伙伴，亚空间 ROTAENO 越发不稳定了！
Gino：亚空间服务请按 2，退出请按 # 字键。 隼：2。
Gino：重新锚定请按 1，驱逐入侵异想请按 2，其他服务请按 3。
隼：3。
Gino：已向您所在位置发送 “追踪防异弹”，导弹到达之前请勿随便离开，预计到达时间还剩 1 小时。
隼：哎，我按的是 3 哎。】",243/01/20,鸠,main,,,,额外章节,0411
隼的行船记录仪•三,"【隼：咳咳，伊洛同字，你听说过流形假说吗。
伊洛：那是，什么。
隼：（打开小抄）专业一点讲就是局部类似欧几里得空间的总空间，映射到高维空间将必然达成局部聚集性。因此亚空间和像素塔汇合期间，作为故事中心的你，代表整个亚空间出场了！
伊洛：完全没听懂！
隼：是吧，我也听不懂吉诺的大道理！现在装好了修正装置，再等五分钟，你就能返回正常的航线啦。
伊洛：哦哦哦，是吗！（迟疑）其实⋯⋯
隼：怎么了？
伊洛：很抱歉我偷听了你的电话！但是我真的真的想问！荷珀，她有说过她的下一站是哪里吗？
隼：她没有说。（停顿）时间和距离，一旦放到宇宙的尺度便不再恒定，我的两个月，可能在她的生命里流动了许久许久。即便我知道她的目的地，也不该将误导性的信息告知你。
伊洛：（昏沉沉）啊哈哈，宇宙真是复杂。（打起精神）不行！伊洛！打起精神来，就快找到荷珀了！
隼：她会在终点等你。
伊洛：什么？
隼：不用在意，只是一些前车之鉴吧，人们总会回到思念之人的身边。
伊洛：什么！思念之人啊⋯⋯那个，我也该出发了！再见了，好心的小姐姐！
隼：再见，愿你一路顺风。】",243/01/20,鸠,main,,,,额外章节,0412
镜像之镜,"一面神奇的镜子，与常规镜子不同，该镜子照射出的画面并非镜面效果，而是镜面的镜面。此物不依靠任何机关与电子元件的辅助，表面平滑没有曲度，运作原理不明。
该镜子曾遭多次盗窃，失主每每上报给当局未果，每隔十四天又会在附近的旧货商店出现，失窃现场也从未留下盗窃者的痕迹，唯有一根老鹰的羽毛会伴着调查者的到来飘落。",256/08/31,莲渡,souvenir,,,,第四章管道迷宫,0135
镜像之镜•线索一,"“你还在纠结什么？”
“我必须知道那家伙的能力，不然我不放心，给他这么个东西，还得送到那里去。” “说出来所有人都知道了，你放心，我能保证绝对不会出问题。”
“不行，你得告诉我，四层的那个地方是我们一起设计的，克洛诺斯怎么会同意你的，我怀疑你都不理解那里有多重要。”
“哎呀。我知道我知道。行行行，我说，我说。是镜子，那个镜子。” “他真能把自己当作支点么？” “能。”
“你凭什么这么肯定？”
“因为他的名已经不在了。他的名远扬之时，他也没想到还能把自己当作支点。” “你还把他当朋友么？” “这个问题已经没有意义了。”",256/08/31,莲渡,key,,,,第四章管道迷宫,0136
谜题保管所:00096,"如果一个人写下的文字所描述的事情必然会发生，这个人应该被视作预言家？还是一个能操控因果论的危险分子？
请将想法公开发表于像素塔内任何平台并 @9629-1223",256/08/32,谜题保管所,souvenir,,,,第四章管道迷宫,0137
伯尼丝的神奇挎包,任何人看了都不会觉得奇怪的挎包，商店随便就能买得到。有趣的是，伯尼丝经常会丢东西，唯独放进该挎包的完好无损，也可能是故人所送的缘故，让它成为了伯尼丝保留至今的物件。,261/04/04,伯尼丝,bold,,,,支线章节一忘忧宫,0271
真理之珠,"一切真理，无外乎虚构与现实的混杂。
现实是一个方向，而绝非一个准则。
当你遇见虚构，请不要忘记。
从过去的梦中醒来。",271/08/15,碎数研,souvenir,,,,支线章节一忘忧宫,0286
《拉瓦钵的覆灭》,"Then some one said, “We will return no more” ；
And all at once they sang, “Our island home  Is far beyond the wave; we will no longer roam.”
—— by Alfred Lord, Tennyson",271/08/17,伯尼丝,key,,,1874-0-009,支线章节一忘忧宫,0257
《拉瓦钵的覆灭》•线索一,"空气沾满海水的咸湿
它在寻找一条逃离天空的小径 上浮，上浮，上浮 浮末追上了恐惧的脚踝 无尽的长廊里
人与海的搏斗
仍未停息
痛苦，窒息，下沉，渴望 渴望着，未来的倒影",271/08/17,伯尼丝,key,,,,支线章节一忘忧宫,0258
《拉瓦钵的覆灭》•线索二,"无尽海的倾倒，带走了数以万计的生命，站在橄榄树上，幸运的浮尸驶过它的足下，又落入瀑下渊洞，而更多灵魂，还未游进审判航道，便化作了碎光，化为天地的一部分。古老圣歌回荡，这是一场无法退却的洪水，人类再次失去了家园，无头的丧家犬，爬上腐朽之木，在心里暗道，此乃方舟救赎。
而这片海，在等一个人。经过这场浩劫，它不该再被称作无意识的海，溺死者的呻吟、悲嗥、祈祷，构成了它的灵魂与躯壳，它自认为是人格化的，是人性的个体，所以它在等待，那个创造了自己，又毁灭了一切的存在。无尽海深知，造主没能逃脱天灾，而所有殉难者，必显现在它眼前。
巨浪滔天，摧枯拉朽，橄榄奔赴它的命运，无尽海也失去最后的立足地，它知道，它等不到了，故事写到这里，总得画上句号。
下次再见，便在忘忧宫了吧。",271/08/17,伯尼丝,key,,,,支线章节一忘忧宫,0259
摘录•守护日志•机关枪,"410 年 2 月 7 日
上任楼层守护的第一天，天气很好。
410 年 2 月 8 日
把石林逛了一圈，一个人都见不到。所以我要干什么来着？
410 年 2 月 10 日
我回港湾了，这地方没意思。
410 年 3 月 5 日
每月巡查完毕，山上又多了一些金属垃圾，本月巢栖道入站人数 0，看来班次又要缩减了。
410 年 4 月 5 日
每月巡查完毕，没有异常。我为什么要当楼层守护？",411/01/05,deathMark,souvenir,,,,第二章废土之下,0088
摘录•守护日志•机关枪•线索一,"416 年 5 月 5 日
第一区新出现了只尾巴没毛的京巴犬，被当地的猫打跑了。
第二区的石头树长出了新枝丫，是个女人。
第八区发现绿色的长尾鸡，试过，不能吃，很可惜。
十六区水坝修好了，是一群会说话的水獭动的手，现在那地方归他们了。
每月巡查完毕，下个月再见。
416 年 12 月 5 日
马上就要过年了，石头树越发高了，不知是不是我的错觉，这铁树的果子，不仅长得像人脸，貌似还会说话。
我并不想危言耸听，只不过昨晚二区确实吵闹，三区隔了那么远都听得到，今早我到那儿，声音又没了，它们难不成是怕我？",417/01/05,deathMark,souvenir,,,,第二章废土之下,0089
摘录•守护日志•机关枪•线索二,"422年 1 月 5 日
看视频！
附件：1 月 5 日14:35 351s
转文字：
“OOOOOO，果子怎么OOO长腿了，OO，这房这路，妥妥的原始部落啊。OO，哪来这么多坟，还在办葬礼呢，这数量，一天生一代，一周死一轮也没这么多吧。啊，又倒了一个，OO，怎么这么重，搬不动啊。人呢，有人没人，救一救啊！” “我现在到了类似医院的地方，他们拿出一堆布袋似乎要给伤员包扎伤口，让我们靠近点观察。好的，医生要开展治疗了，他拿出了一柄锤子，好的，他举起了锤子，接下来他会怎么做呢，他砸下去了！他砸下去了！”
“非常遗憾，我们错估了石头人的医疗水平，而且他们也不缺劳动力。人受伤就会死，这是他们最为朴素的生死观，让我们为死去的石头人哀悼，愿幽蓝国没有伤痛。”",422/01/05,deathMark,souvenir,,,,第二章废土之下,0090
机械手套,每个工匠都有自己最喜欢的工具，锤子也好，斧子也罢，熟悉的工具用起来能更加得心应手。当然如果条件允许，还是自己制作的工具最好用。,467/02/15,莫波利斯,bold,,,,支线章节三盗乐行,0374
机械手套•线索一,"莫波利斯：克劳尔，我接下来要闭关一段时间，这个人偶你带走吧，局里有什么需要我帮忙的可以找它。
克劳尔：和你长得也不像。
莫波利斯：我有很多想做的东西，有的时候就想自己一个人专心做。
克劳尔：上面派我来盯着你的，你应该知道。
莫波利斯：我会待在律动星，你随时可以找到我，只要别被我发现就行。我就当你没来过。
克劳尔：这玩笑有点大了。
莫波利斯：没关系的，我这从来都不缺陪伴，只是有些冰冷。
克劳尔：那我只能叫上面换个人来监视你。
莫波利斯：你又在撒谎了。",467/02/15,莫波利斯,bold,,,,支线章节三盗乐行,0375
街机游戏《彩虹之战》,"根据港湾富阳物流公司的出货记录，我们注意到存在这样一款没有任何遗留痕迹的街机游戏机。基于没有任何人游玩过该型号的相关记录，于是本所将之作为特殊条目记载。该型号前缀 HDP2 的同系列产品拥有提示奖赏时间的特殊功能，机器顶端存在一个进度条，当进度条被充满时机器将会打印奖励序列码，可以凭该序列码找机厅领取奖品。
本条目同时登录谜题保管所，同编号 397，任何讯息均有帮助。
知情者请联系门牌坐标 397-255-2-8。",469/03/07,魔女会议,souvenir,,,,第四章管道迷宫,0131
街机游戏《彩虹之战》•线索一,以素檀领导的灯牌管理会为主视角，中宫纪生产的一款历史题材街机策略游戏。它能完全模拟彩虹之战期间发生的种种战役，还可以根据玩家的行动生成新的路线、地图、乃至 NPC，后因内容过于详细并存在诱导性遭到统治局封禁。该游戏采用了当代成熟的 AI 应答技术，并统合了大量与题材相关的数据资料，使得玩家做出任何行为都能获得准确的反馈。然而这么自由的游戏到封禁之日也没有玩家通关，即今为止人们还没找到让灯牌管理会获胜的条件。 ,469/03/07,魔女会议,key,,,,第四章管道迷宫,0132
街机游戏《彩虹之战》•线索二,"她说：“彩虹之战？名字挺有意思。”
身边人两三成群高声阔谈，唯有他们拿着手柄窝在沙发里，研究新到的街机游戏。霓虹层的娱乐手段很多，每年都有数万新的游戏出现，而能在 “宴会厅” 出展的作品极少，眼前的作品有何独特之处，恐怕要探索一番。
系着莲纹领带的男人塌坐她身边，目光空洞地直视前方，像似研究着操作界面，又似思绪飘向天边。过了许久，他起身从内侧口袋掏出烟草和卷纸，吞云吐雾间眼镜蒙上层层阴霾，两侧的细链早已熏得有些发黑。
“这游戏没法通关。” “是你没找对技巧吧。”
“有些东西，赢不了就是赢不了。” 他缓缓道，“我赢不了你，这是认定的结局。” “你太悲观。你只是，缺少一点运气。当然，这些我给不了你。” 故事停留在 “ you win ” 的结算画面，便没有了下文。",469/03/07,魔女会议,main,,,,第四章管道迷宫,0133
摘录•守护日志•机关枪•线索三,"469 年 2 月 5 日
确实有人想来石林拍电影，你问我的看法？我自然是同意了啊，反正它再怎么传播，异想也只会生成在石林，有什么反对的必要吗。
对了，剧组给他们起了个新名字，叫立柱石人，他们很喜欢，连同剧本给的起源故事他们也接受了，留守立柱的拾荒者，听上去很酷。
469 年 4 月 1 日
你听我说，有新的人形异想出现了。
好像叫久住（Kuzumi）什么的，目前住在拾荒者的聚落里，是个小女孩儿。最近不是开通了石林到霓虹的班次吗，她就是从那辆车上下来的。这孩子说要找哥哥，但又不记得哥哥的名字，只记得当初和哥哥分别在巢栖道站，她说要等哥哥回来，并始终认为自己出生在石林，从来没离开过，拾荒者们也接受了她的说法，认为从十日纪起，久住就一直是他们的一员。  - 我刚在内网搜她的名字，找到了一个霓虹层的艺术家异想，看上去是古卢的手下。
如果这两个久住是同一个异想，那你最好管管我们的前统领，我严重怀疑久住口中的哥哥是过去的他。久住是五级异想，但因为监护权已经在他手里，不符合第四修正案里提到转交的情况。我现在没有办法让她离开石林，而她迟早会对目前的石林生态造成影响，立柱石人现在已经能用简单的语词交流了，不用多久就能拥有近人的智力，如果有外人介入，很快他们中的特殊个体就有可能不满现状，想要离开石林。这是个很严肃的问题，你最好赶紧处理。
469 年 4 月 5 日
好吧，解决了，那个久住过来了，居然真是个飞行种。
Kuzumi 的异想污染限制住了，就是对面没有收回分身的打算，于是我给了她一拳。
嗯，就是这样，再见！",470/01/05,deathMark,souvenir,,,,第二章废土之下,0091
机械手套•线索二,"莫波利斯：所有单位听好，你们会在疗养院看到一本员工手册。虽然你们被定义为员工，但那本手册不是给你们准备的。有关这里的一切，都在你们的收藏夹中，就近选择合适的岗位开始工作。
莫波利斯：如果有陌生人来查看这里，请启动你们的应急装置，将自己旋律化隐藏在公共播放的音乐中，保密岗位的员工请把工作的优先级调整一下，在治疗结束前，应对方式为抹除陌生对象，稍后来我这里领取更新数据。
莫波利斯：核心治疗岗位的员工稍后也来我这里领取更新数据。",482/04/07,莫波利斯,bold,,,,支线章节三盗乐行,0376
机械手套•线索三,"克劳尔：你以后就叫 Mob。
Mob：好的，克劳尔。
克劳尔：你知道多少莫波利斯的事情？
Mob：几乎全部，我从很久以前就在跟随莫波利斯了。
克劳尔：和我聊聊他吧。
Mob：您也许会感到无聊。
克劳尔：我本来就挺无聊的。",482/04/07,克劳尔,bold,,,,支线章节三盗乐行,0377
机械手套•线索四,"克劳尔：Mob，莫波利斯到底把她的遗体放到哪里了？
Mob：对不起，我不能回答这个问题。莫波利斯明确交待过要将这个信息保密。
克劳尔：你知道排除法么？
Mob：我了解，如果我必须严格保密的话，你可以排除我讲过的那些地方。如果他还去过我不知道的地方，就更方便你去寻找。但是，只要我不给出肯定的回答，你就没有办法判断。
克劳尔：如果我拆了你呢？
Mob：您可以尝试，我被设定为无条件服从您的命令。但是我不推荐您这样做，这具身体极为复杂，您在拆除的时候可能损坏记忆体。
克劳尔：总会有人比莫波利斯更厉害。
Mob：您又在撒谎了。",610/11/24,克劳尔,bold,,,,支线章节三盗乐行,0378
豌豆食谱合集,"作为随机重生制度的执行人，背刺豌豆似乎已经成为了一种常态，在豌豆每一次的重生之后，都会有一道名菜横空出世⋯⋯
【豌豆食谱合集 01 】
高端的食材往往需要可怜的同事牺牲，这天豌豆和我逛街正巧一辆泥头车迎面而来，可怜的豌豆变成了烂豆⋯⋯我悲伤的将豌豆的粉末收集起来，放入温水中充分搅拌⋯⋯不得不说豆浆真的挺好喝，特别是这种现磨的。
【豌豆食谱合集 02 】
这天豌豆找我喝酒，他一不小心掉进了酒瓶里面，我捞上来的时候都酿入味了。
豌豆，一种很好的下酒菜。
【豌豆食谱合集 03 】
事实证明，豌豆不宜在潮湿的环境下生存。
不过我还是很期待吃下一盘炒豆芽的。 【豌豆食谱合集 04 】
每当豌豆不小心跳进幽蓝边界，都需要一名悲伤的食客将其打捞上来。
这豆花吃起来有幽蓝味，得劲。",632/07/03,雪梨膏,nonsence,,,,第六章方舟蜃景,0204
Poem M2,"一个人曾是智者，另一个人迷失在了路上。
他们来到陌生的一个小镇， 一个小镇充斥着不陌生的幻想。  他们遇到了第一个人。
他趴在地上寻找一把钥匙，
他看错了锁的位置，找不到回家的路。
遇到的第二个人。
他伏在墙上端着一片面包，
他思索屋檐的味道，不知道如何睁眼。
遇到的第三个人。说这里什么都有， 可还是没有人知道这是哪里。  地面上出现了足迹，他们二人寻寻觅觅。
一条小巷深不见底，走到尽头如同回忆。  第四个人知道这里的名字。
这名字没有人听过，也不会有人记得。
智者知道如何离开，可不再有智者。
迷路的人想要离开，可不再是迷路的人， 因为这里没有离开的路。
第五个人知道如何寻找答案。
这里什么都有，只要走到尽头，
打开下一扇门，里面就会有智者忘记的路。",650/02/29,碎数研,main,,,,第四章管道迷宫,0104
Poem 3ere,"一个梦能买到什么？他说树上的鸟。
一个吻能买到什么？他说风中的叶。
一个笑能买到什么？他说雨里的花。
王子来到了市场。  他拿出了一声赞赏，买到洁白的蛋。
他拿出了一些敬意，买到青翠的芽。
他拿出了一次拥抱，买到醉人的酒。
王子留在了市场。",650/02/29,碎数研,main,,,,第四章管道迷宫,0105
Poem 4Y0,"Wula,wuli,wule,wo 我为何不放弃，已经被你唱过 我为何不忘记，已经有些犯错 他们来了，他们来了，他们的手脚有好多 他们来了，他们来了，他们的笑声很像我  Wula,wuli,wule,wo 带走我的盘子，没人会来争夺 带走我的金子，没人喜欢苹果 他们走了，他们走了，他们的身体在婆娑 他们走了，他们走了，他们的梦将被戳破",650/02/29,碎数研,main,,,,第四章管道迷宫,0106
Poem The 5no,"但他需要一面镜子。 巨人撕开了天空，留下无法填补的裂隙，无数雨点从中飘落，却在到达地面前折返，所以，他试着寻找归来的雏鹰，但他需要一面镜子。
山谷传来了回声，奏出荒蛮之外的迟疑，一支萌芽如梦初醒，却从未能摆脱了过去，所以，他试着放弃破碎的武器，但他需要一面镜子。",650/02/29,碎数研,main,,,,第四章管道迷宫,0107
摘录•碎数研档案•幽蓝国,破碎数据研究组数百年来对幽蓝国的观察记录，如今像素塔崩溃之际，唯有少数深刻的片段被保留了下来。,650/02/29,碎数研,key,,,,第四章管道迷宫,0112
谜题保管所:00096•线索一,"A：州，你不觉得我们有的数据很奇怪么？
B：又哪里奇怪了？
A：我们似乎经常捕捞到一些文字记载，而且这些记载的内容都可以考证。
B：有什么问题？
A：只是有一些记载的内容，我不认为会有能写下这些文字的个体。
B：可能是当事人的回忆或者相关的谣言吧，我们在考证的时候这些内容也不全是完全匹配的。
A：可是我们收集到的那些对话呢？究竟是什么原理，能让我们知晓曾经发生的对话？
B：你知道猴子和打字机么？
A：猴子和打字机？
B：给无限个猴子和无限的时间让它们玩无限个打字机，总有一个会打出一本《Zer0》。
A：我不觉得有这么一个无聊的人会没事就编这么多乱七八糟的对话，就算如此，这些内容大多数都能考证又怎么解释。
B：也许是某种异想？
A：我们对这么厉害的异想一无所知？我不这样认为。
B：换个思路，也许我们的考证并不是准确的，而存在着时空上的错位。只是随便一个人，随便写下了一个故事。而很久之前，抑或是很久之后，发生了相似的事情。",650/02/29,碎数研,souvenir,,,,第四章管道迷宫,0138
谜题保管所:00096•线索二,"疯婆子又跑出来了。
但凡是有嘴的，都在笑她。有的笑声是哈哈哈，有的笑声是嘿嘿嘿，有的没发出声音，只是有个表情。但是所有人都在笑，所有人都在逗她，可能她真的是个疯婆子。
“你今天在找什么？疯婆子？”
“我的笔记本找不到了，我在找我的笔记本。” “你的笔记本是什么颜色的？” “我不记得了。但绝不是蓝色。”
“喵喵说昨天在梦厅边看到一个蓝色的本子，是不是你的啊。” “我去看看，梦厅的里面还是外面？” “你先去找喵喵吧。” “喵喵在哪？”
“喵喵在你的本子上面。” “我知道了。”
“你的本子上写了什么啊？”
“两个朋友，他们讨论脊椎和齿轮，他们质疑我的故事，他们忘记我的存在。一个魔术师被骗了，他把自己变成了鸽子。”",650/02/29,碎数研,souvenir,,,,第四章管道迷宫,0139
波提切利原型机,观星家莫波利斯发明的运动相机，二代机曾经商业化，足以捕捉夜空暗淡的星图。莫波利斯重生后，波提切利相机交由同好继续开发，如今已迭代到 4.0，然而临近毁灭的现在，还有谁会需要一台好相机呢。,663/02/23,莫波利斯,souvenir,,,,支线章节三盗乐行,0360
波提切利原型机•线索一,"莫波利斯：（拍摄）那是什么？
克劳尔：不要转移话题，你的楼层安全性调查报告已经逾期一个月了，再这样下去——
莫波利斯：人影！在月球上，你看。（递出）
克劳尔：（拿过相机）分析完毕，100% 是云，你看错了。
莫波利斯：不不不，怎么会是云呢，你想想，这里可是律动星，人造物堆砌的都市，怎么会有云呢。
克劳尔：律动星的物品总有缺憾，这并不影响（停顿）你的意思是？
莫波利斯：“一切正常”，我想不到比这更好的结语了。",663/02/23,莫波利斯,key,,,,支线章节三盗乐行,0361
报道：《晒月亮的女孩》,"律动星，最适宜居住的楼层。物品中带有旋律，越大的东西，唱得越久。所以总是有小孩子在幻想，如果太阳能化为旋律，会是怎样的乐章。
可是 Linsa 喜欢月亮，当夜深人静时，她会走出房屋，在草坪上跳起舞来。沐浴着月光的物体如果化为旋律，听起来会有些许的不同。她听着每一棵野草，每一根围栏。
恍惚间，她抬起头，第一次如此认真地注视着一直挂在天上的月亮。
如果月亮也能化作旋律，会是怎样的乐曲呢？
她终于将目光从月亮上离开，回头时，却发现了很久前她丢失的玩具小熊，正坐在庭院的石凳旁边。她兴奋地跑过去把它捡起来，但是没有像外面的人想象中一样，迫不及待地把所有东西化为旋律欣赏。她抱起小熊，在周围旋律的包裹中迟疑着什么，时间和她的思考被月光下的旋律沉默地推进着。
很快，来自栏杆的旋律打断了这一片沉默。G 调收尾尚未完成的情况下，唐突转为了 C 调。她立即停下了栏杆的旋律，紧接着停下了周围的一切旋律。这篇草坪真正回到了沉默之中，她仍然抱着小熊，保持着一样的沉默，不同的是她终于意识到自己在迟疑什么。
她小熊的旋律在每次应该结束的时候，总会突然蹦出前面的重音，然后继续进行最响亮的部分，让她听起来非常不舒服。但是她还是选择听一遍，也许是过于想念自己的小熊，也许是怀念那被惊吓到的感觉。
这一次小熊的旋律，好像从一开始就不太一样。是她的记忆模糊了么？不，这是她最喜欢的小熊，这次的旋律就是不太一样。而且旋律十分舒适地结束，在适当的休憩之后继续开始了下一段乐章。
她小熊的旋律，好像被谁修好了。",663/09/01,碎数研,souvenir,,,,支线章节三盗乐行,0325
报道：《相机里的真假月亮》,"波提切利二代相机的诞生无疑是一场运动相机爱好者的狂欢，该机搭载的地理信息记录功能被用来增强画质，足以将细节和光影调整到专业相机也无法企及的程度。不过今日有用户反映，该相机在滥用这一功能。
也许你们曾听说过波提切利二代机拍出过的完美月亮照片，可是有用户发现，如果被拍摄的物品是任何圆形的淡黄色光源，该相机也会把这个光源作为月亮看待，并为其添加月亮表面的纹理。
【图片：波提切利拍摄的月亮】
【图片：波提切利拍摄的与月亮重合的圆形路灯】
我们采访了极限运动家坎风 - 莱斯波斯，他认为这个功能并不会影响到他，因为他多数情况下都会把相机对准自己。 ",664/02/21,碎数研,souvenir,,,,支线章节三盗乐行,0323
散文：《有关旋律的哲思》,"如何定义旋律的好坏？和声、悦耳、主观欣赏？人们在不同角度，有着不同的思考，总能评个高下。
那么如何评断旋律是否缺陷呢？旋律自形成起，便不可能有缺陷，它是由不同音高、时值的乐音规律排列的结果，哪怕破坏它的内在稳定，也可称之为变式、夺奇，如何能叫它先天不足。
如果不是在律动星，这一讨论必然是伪命题。律动星的居民有一套自己的判断方式。这颗星球上的物品皆可化为旋律，而形成完整旋律的，又必然符合闭合曲面规则。因此物品对应的旋律又总是循环的，重复的，无论从哪里开始都能拼接至随机的开头。
物品旋律化的过程中，物品首先将散作无序的音符漂浮在空中，播放阶段它们会循着物品表面的线条编织旋律，最终重新变回物品。故而，人们认为旋律化是一个连续性行为。但奇怪就奇怪在，每次旋律化就像是光碟放进老旧的读取器，总是会在意料不到的地方卡顿。  因此人们坚称律动星的旋律是有缺陷的，而这种缺陷与生俱来。",664/08/01,碎数研,souvenir,,,,支线章节三盗乐行,0324
报道：《神秘黑点与浪漫少女的背后：波提切利相机的秘密》,"近日，有关波提切利运动相机二代的虚假月亮功能被炒的沸沸扬扬。
起初，许多相机购买者声称，使用该相机摄影过程中如果镜头中出现了 “月亮”，相机内置的图像处理技术会自动为其添加纹路等细节——即使你拍摄的仅仅是盏与月亮相像的路灯。
在调查过程中，编者发现有位记者曾为了验证真实情况，自行购买了一台波提切利二代机，并且尽可能的还原发生环境。在验证完传言属实后，该记者本着留存对照组的念头，随手举起相机拍摄了几张真实月亮的图像。本以为事情就此过去，照片冲印好拿到手时他却发现，原本月亮的位置上出现了一个模糊的小黑点。
这一发现促使更多的人参与到了相关讨论当中。我们访问了这位记者，并获得了更多当时的照片，在对这些照片进行分析后，确认其并非伪造。就在此时，与我们一起来访的专家提出了一个引人注目的假设：这是一位少女的身影。
编者的同僚们对此表示怀疑，认为神秘少女的说法有些过于浪漫和不切实际；但编者本人则认为，正因如此，这种猜想才显得尤为吸引人，也可能更加接近真相。",665/05/07,碎数研,souvenir,,,,支线章节三盗乐行,0381
档案•无相乡调查报告,"人偶：哟，这不是 “法官” 先生么。距离你接上一个调查这才多久？怎么，遇着突发状况了？【翻看登记表】
克劳尔：现在又非商议会期间，不如称呼我为 “正义” 探员。工作完成，我来交报告。【调取文件】但是在这之前，请回答我，早上值班的员工呢？我在局里没见过你，你又为什么一副跟我很熟的样子？
人偶：他家着火了，跑出情报部大门时候刚好遇上我这个跑腿的。【拉开制服袖口，展示手腕衔接处的球形关节】我很闲，顺便就帮他坐剩下半天班咯，反正我本身就在等你。
人偶：法官先生，你一直在查 “黑月” 的事情吧。莫波利斯先生托我转达：他知道的其实不比你多，但是他愿意告诉你是从哪里得到的线索。
克劳尔：愿闻其详。
人偶：【指指档案柜】喏，存放疑难杂案那个报告夹，六号合集第六份，答案就在那里。",666/05/32,克劳尔,key,,,,支线章节四无相乡,0382
影像带：《洛基的世界》,"主角洛基是一个别人看不到的幽灵，但是因为各种巧合，以及一些幽灵损友，他从未意识到自己幽灵的身份。最后终于他终于意识到自己是个幽灵，并选择离开这个世界。
此片于拾月节贺岁档上映，但是不少观众反映自己在哪里看过类似的剧情，就是说不上来。",668/03/14,碎数研,souvenir,,,,支线章节三盗乐行,0353
报道：《洛基的世界影评》,"不知道大家的拾月节过得怎么样，但我这次真的有些不舒服。
相信有很多人已经看过这部电影了，不得不说，如果一部电影，它导演的水平以及演员的演技都无可挑剔的时候，你就只能在剧本上找茬。可是这个剧本也挑不出什么致命的问题。
当然，我不是那种什么都要踩上一脚的人，所以我先说好，《洛基的世界》这部电影，是一部制作精良，各方面都很出彩的电影。即便不是在拾月节作为贺岁片上映，仍然会引起轰动。
但是，这部电影让我看得很不舒服。因为影片中的一切过于理所当然了。就是那种问一个问题出去，能收到最多的回答是什么样，这部片子就拍成什么样的感觉。
在给出一个有着充足发挥空间的故事设定之后，这部片子以最平庸的优秀思路讲完了整个故事。整部片子没有任何缺陷，让人怀疑剧本是不是被最近炒的火热的调音天狗修复过。但没有缺陷的同时，也就意味着我无法挑出最好的部分。就像我说过的，一切都好得顺理成章。 这种不适感具体来说，就像片中的女主角林赛，她的所有行动都过于完美，符合人设，符合剧本给她的安排，也会给人带来意外。但这样我就无法感觉到林赛的真实，她的完美让她不再是一个活生生的人，而只是被这部电影摆弄的一个空壳。",668/03/14,碎数研,souvenir,,,,支线章节三盗乐行,0358
【影像】直播录屏,"【卡顿】
⋯⋯好果子吃？我们这只有好的果核，好果子你得多刷两下去隔壁直播间买，哎欢迎这位尾号 4F69 的朋友回来，别的先不说，记得点开菜单领张包邮优惠券，除了下四层都能送到家门口哈；就想尝尝我这儿的果汁？嗨呀您可别揪着不放，我去二代地表收菩提时候尝过拿果肉压的汁，啧啧，优点全长在核上了真得一点都不推荐。来来来朋友们就算是路过啊也别急着走，再坐两分钟就有抽奖！给你们说昂，塔人不骗塔人，我这虽然是小本生意，但回馈朋友们绝不搞什么次品，这波啊，就抽我背后店里非卖品柜上摆的！
【拖凳子一长串噪音】【合页绞动声】【视角上仰放大】【重新对焦】
来带朋友们拉近看一看啊，这条手串，料子来自店里新到的一批响髓玉，光滑通透不硌手，颜值耐造色彩多，到其他楼层旋律照样响，就是隔个小半年得回律动星打卡充回电。脆度怎么样？只要你家地板不咬人掉地上连个印儿都磕不出来；能点歌吗？人家旋律是天然的你也不能强迫人家呀毕竟只是个石头对吧，我们有按曲风大小颜色分类点点下面链接就能看到，犹豫不定我们也有盲盒款按尺码随机发货，再不济的话欢迎来店里挑，地址营业时间主页写得有，感谢各位的关注啊感谢关注；婴幼儿能用吗？给小孩儿买玩具还是推荐去专品店，哦是婴儿林泊啊那随意了多听音乐有助记忆恢复，不过推荐让他自己选免得不喜欢；看起来好好吃？不是养殖种不要乱吃；有异想等级检定证书吗？有，商品页往下划一划，一级静物种放心买；能不能换个角度打光？我举着灯给你转两转昂，噢，是想看自然光下效果啊，可以嘛，朋友们的事举手之劳罢了。
【视角抖动】
好我把终端别胸口上了，现在带朋友们去店门口照照，嗯往后退？退什——
【视角剧烈晃动】【重物摔地声】
【大量弹幕划过，几乎挡死直播画面，1.7 秒后直播录制者启动过滤功能，画面恢复正常】 我（哔——）我手串子！！这群（哔 * 哔 * 哔——）怎么敢在大马路上飞车抢劫？朋友，朋友们别激动，主播我他（哔——）的第一个咽不下这口！真以为就你一个有车是吧？真觉得就你跑得快是吗？谁还没有当鬼火少年的时候！掐表从现在开始算，主播要是半小时追不回来一小手串子，立马给直播间的朋友们！把同款！抽上两，百，个！",668/07/03,碎数研,souvenir,21min49s,,,支线章节三盗乐行,0328
【影像】直播录屏•线索一,"“来直播间的朋友们，追上一个了昂，嗨！看我这速度，没得比！我们现在冲上前直接算账了啊。”【引擎轰鸣声】【拍喇叭】“喂！啊边啊个老表！你抢我手串是要整酿名堂？”【猛拍喇叭】
【抬起一点头盔面罩】“啥？你说额？额滴个娘你别空口污人行不。” “你摆跟我日白，七八分钟前你是不是路口拐弯挆着酿东西？”
“莫有感觉，就觉得有个啥片儿把车头顶滴多歪了一下。噫，你咋还比着摄像头捏？哦你是不是内个，鉴宝滴内个博主？”
“你摆跟我扯别的！你在路口挆着我啊哈，给我一个宝贝手链摸走逑嗳！”【猛拍喇叭】
“哎呦呦呦，见着红人儿哩！大博主额老喜欢看你直播，你帮额看看俺这大链子成色咋样？”【一撸袖子，从手腕上摘下一个核桃串丢过去】
【下意识接住】“哦呦，整得成忙只串，这跟包浆老实红啦！纹路品相都不错，朋友们来看过来哈，这件手串，在其他楼层看已经没什么缺点了，但是呢放在我们律动星啊，就会有一个旋律听感上的问题，一颗核一个调儿，串不好就容易混音地狱。” “还是博主你会看！额耳朵糙，盘了百来年都没的啥感觉。”
“这种情况啊，自己不介意就放着不用管了，想好好保养的话我回头给你介绍个懂调理的加工师傅⋯⋯等啊！你给我串儿瞧是搞酿干壳儿！给我的拿过来！” “谁抢你串子喽，额说嘞莫拿莫拿！”
“你没拿不能说你们没拿给活？都是我粉丝朋友啊我也不纵整你，抢我手链那个同伙往哪边跑啊我去追他！”
“额就纳闷咧，哪儿啥时候还给咱掉下来个车伴儿？”
“你还讲！你把我撞到半空中时候，我明明看见你后车筐上坐着一个！” “你才车后头坐着一个！” “啥？！”【声音变调】 “甭急着回头咧！前面有卡口！刹车！”
【镜头视角被猛地下压】【尖锐的轮胎刮地噪音】【一片漆黑】【警笛鸣声渐响】
“⋯⋯我（哔 * 哔——）！一脚没给我脊椎踩断了去！”
【脚步声】“博主诶你好着么博主？！”
【画面重新亮起】【光线杂乱闪烁】
“人没事，朋友们不用担心。等下子！你手串哪去了噶！” “诶！”
“也着偷啦！”",668/07/03,碎数研,souvenir,23min58s,,,支线章节三盗乐行,0329
【影像】拍摄者采访记录存档,"采访对象：Khalid 热心市民莫先生
采访影像：
【背景音比较嘈杂，似乎在一个热闹的街区，人群的说话声中还混杂着不同风格的乐曲。】
【莫先生看起来还有点醉醺醺的，他抓了抓头发，似乎在努力回忆当天的情形。】
记者：您是这里常客吗？
莫先生：嗝，怎么了⋯⋯
记者：请问当天文玩核桃失窃一案发生的时候，您在场吗？
莫先生：这个呀，我，我看到了，那个小偷，我还拍照了，诺，就，就这个，就是距离太远！模模糊糊的。我那天刚从静协酒吧出来，想透透气，用我这个新相机，拍拍天空，然后就拍到了。哈哈，没有更多啦，只有给你们看过的那一张⋯⋯啊？你们没看清？来，再看一遍，看清了吗。不得不说，他飞得是——真的快！我这么好的波提切利，也只能抓住那短短的一瞬—— 记者：如此。那您有没有注意到一些特别的地方吗？
莫先生：啊？特别的地方？嘶，我想想⋯⋯【莫先生对着镜头做出了一个 V 字手势】他就是这么做的，对镜头比耶，是不是很有趣哈哈哈⋯⋯",668/08/02,碎数研,souvenir,7min26s,,,支线章节三盗乐行,0326
文玩核桃,"三颗外观品相上乘的文玩核桃，其中一颗已经碎裂，露出塑料质地的内里。邮寄人是一位居住在律动星的少女，对方在附件中写道：
这三颗塑料核桃均来自她父亲被怪盗盗走又归还的核桃手串。手串初回到手里时颗颗颜色不一，形同没盘匀称的失败品，这导致失而复得本有点欢喜的父亲破防大哭，闹腾之余将手串丢出窗外。在收拾过残局后，她注意到其中一颗核桃已经开裂，里面居然是塑料的！考虑到自己倒霉爹柔弱受伤的心灵，她在比对旋律捡走其他两个塑料假货后将剩余的核桃摆在家里窗台上。
调查组收货一段时间后，这位少女再度发来邮件：她的父亲终究还是没能躲过二次打击——剩下的文玩核桃陆续发芽了。她将发芽的核桃埋进了花盆里，希望父亲能有些慰藉，或者说不要再执意把那些油嫩嫩的白芽也薅到包浆。",668/11/09,碎数研,souvenir,,,,支线章节三盗乐行,0330
木质八音盒,"一只十分常见的八音盒，根据邮寄人和附带的信件来看其主人为 Khalid 克林酒馆老板露莎•克林女士。该八音盒外形为小提琴，底板上刻着其主人的姓名，无需发条或者电力驱动只需要拿在手上几秒钟即可演奏，制作精美具有一定的装饰作用。信中写道，因为各种问题，该八音盒在乐曲播放结束后都会因为复位而发出少许噪音，一般会由露莎女士亲自调整至原始状态来解决该问题。
“⋯⋯但是有一天我发现本来放在柜台上当装饰品的八音盒不见了，我的天哪，这可是我丈夫送给我的礼物，怎么说不见就不见了呢！那时候把我急得呀⋯⋯我问遍了客人看到我的八音盒了没有，客人都不知道它去了哪里，那天晚上我还哭了好久⋯⋯” “说来也怪，难不成真的应了那句一个东西丢失不去寻找的时候就会自己出现的话，在一周后我惊讶的发现丢失的八音盒自己回来了，而且就放在一堆酒杯后面！当然不可能是我放在那里的，我可是这里的老板什么东西放在哪里我可一清二楚！” “于是我把它放回原来的位置了，照常打开开关放我最喜欢的那首舞曲，接着我就做事去了——这个八音盒我是熟悉的，一首曲子大概三四分钟，在结束后我就要回来重新复位一下，是的这挺麻烦，毕竟是老款式了，况且这在律动星也是不可避免的问题。但是那天我忙着接待客人了没有管它，等我回来的时候它依旧在放那首优美的小提琴曲，没有任何一点异常⋯⋯这太奇怪了，于是我又重新计算了一下时间，这首曲子一共三分二十三秒，和以往不同，旋律的淡入和淡出没有半点违和，我听了几年的杂音就这么消失了！我甚至怀疑这还是不是我的八音盒，但是底下镌刻的名字又分毫不差⋯⋯”
“如果可以的话，我还挺想把它拆开看看里面是不是多了什么特殊的零件之类的。我听说您们这正在寻找这类的物品，我就把它寄过来了——哦对，如果可以的话，各位可否能来酒馆喝几杯，我再和您们详细说说。” 在信的最后，露莎女士这么写道。",669/01/04,碎数研,souvenir,,,,支线章节三盗乐行,0327
吉克•莱斯波斯-Year372,"发生地点：静协酒吧
“你确定是这一段被修复了么，我觉得这里还不是很完美。”
这是律动星最昂贵的威士忌酒，名自传奇极限运动员吉克•莱斯波斯。一杯就可以买下一颗卫星。
“你就拿你刚喝过的这杯酒来说，它的价格不会影响到它的味道，但如果我现在告诉你它的价格，你会想再喝一口然后真的感觉得到一些不同。这个时候，这杯酒的味道就已经出现了一道裂痕。”",669/04/07,碎数研,souvenir,,,,支线章节三盗乐行,0331
报道：《酒吧辩手，市长想谈谈》,"【律动星第三大道 114 号，静协酒吧，一间辩论者的酒吧。酒吧禁止物品旋律化，违反规则的客人将会被请离。但在这里，讨论不受任何限制，只要有理，任何话题皆受欢迎。大批辩论爱好者聚集于此，火热的辩论氛围街头传到巷尾，人们为有理者振臂，为坚定者喝彩。】
【670 年年关，市长邀请静协酒吧的辩论者参加一场公开辩论的节目。起初没人在乎这次作秀，直到全塔的主流媒体长枪大炮地对准这一小小的辩论者酒吧，人们才意识市长是要来真格的。】
市长：我来这里，只干一件事情。辩论，还是 OO 的辩论！
暴脾气：知道的晓得你辩论，不知道还以为你来打架的呢，说吧，到底要辩什么？大家还等着开席呢！
市长：天狗，是你们这出的吧。
【喧哗声涌起。】 理中客：有一说一，你要讲热心莫先生采访里的照片，确实是酒吧门口拍的。但是！谁能证实照片里的影子就是怪盗。所以！我认为应该从常计较，先从调音天狗到底存不存在开始讨论。
不动摇：我看那个影子，就是朵云！哪来的怪盗，证据呢！嘿，那边的秘书，你们证据呢？
秘书：那个，市长。
【喧哗声涌起。】
市长：别吵！我当然有证据。这核桃就是证据！
暴脾气：咋地？
市长：神秘失踪的手串儿，现在还回来了，你看！跟没盘过一样，白润！哎哎哎，别急着否定我，东西掉没掉换，有旋律为证，旋律是死的！而且啊，这旋律还被修复了！
暴脾气：卧靠，还真是。 理中客：回到问题本身，这只能证实可能确实有这么一个异想，可以修复物品的旋律，但你有什么证据证明就是照片里的影子？总不能因为他们出现在同一地点，就判定他们有因果关系吧？
市长：这里是像素塔，一切皆有可能！
【喧哗声此起彼伏，不绝于耳。】",670/02/23,碎数研,main,,,,支线章节三盗乐行,0332
报道：《酒吧辩手，市长想谈谈》•线索一,"理中客：辩论的最后，我们讨论调音天狗如果存在，又涉及到调音天狗的形态学、行动规律、可能出现的背景等等。我认为这已经不是在讨论它是否存在了，而是在制造一个它 “已经存在” 的语境。
市长的帮手：你说的对，但我们需要向市民解释，为什么被盗物品的旋律都被修复了。
理中客：所以我可以这么认为吗？你们在通过扩大影响，来制造异想！
【喧哗声已经溢出了酒吧。】
市长：你觉得人们所说的调音天狗是什么？是月食中偶尔出现的现象，还是一个精神的寄托？
理中客：你回避了我的问题，是否表明你认同我的观点。
市长：不不不，我只是为市民说话。",670/02/23,碎数研,main,,,,支线章节三盗乐行,0333
报道：《酒吧辩手，市长想谈谈》•线索二,"【辩论会结束后，本台记者采访了现场的围观群众，看看他们是怎么想的。】
市民 A：哎呀，我之前也没想到辩论这么有趣，逆转逆转再逆转的，可能我以后也会成为静协酒吧的常客吧。
记者：那么您对这次的辩题有什么看法吗？
市民 A：听完觉得调音天狗好厉害啊，什么都能修好，也来修修我家电视就好了。
记者：旁边这位朋友似乎有话要说？
市民 B：我瞎说哦，我瞎说，市长都把天狗捧到救世主的水平了，那它干嘛不一次性把律动星上所有的缺陷修好呢？我看它修东西，也没什么工期、CD 啥的啊？
记者：您是说，让调音天狗把整个律动星都盗走吗？
市民 A：它把律动星偷走了，那我们怎么办？
市民 B：一起打包带走呗，总不能把我们留在宇宙真空里。
市民 A：我看你脑子也有缺陷，需要修修。
记者：两位真是幽默，让我们来采访下一位朋友。",670/02/23,碎数研,key,,,,支线章节三盗乐行,0334
帖子：《天桥东！发现天狗！》,"楼主：[图片][图片][图片] 天狗 1 楼：已阅
2 楼：已阅
3 楼：我都看腻了，狗网友能不能发点正脸？调音酱，嘿嘿嘿，可爱的，软软的，香香的调音酱~
4 楼：（回复 3 楼）楼上还异？
5 楼：异成萝莉，总比异成狗强
6 楼：都默认是 meme 异想了呗，不是，TZB 也不管管？
7 楼：TZB 向来滞后管辖，只要调音天狗没有正式成形，那群临时探员动都不动一下。
8 楼：就是就是，接个龙，今天份的饭［图片］
9 楼：（回复 8 楼）太太好喂！香香！
10 楼：这个所有人都觉得调音天狗是黄毛萝莉的世界，我真是受够了！",670/05/20,碎数研,souvenir,,,,支线章节三盗乐行,0336
小说：《困在街道中的老人》,"沉默，如一道耳鸣荡过街道的巷尾，老人徒步，丈量石板的温度。
来到律动星已是遥远的故事，灯光熹微的夜晚，摘下老花镜，躺入棉被的顷刻，暖流环绕着大脑，无数个重复的夜晚织成梦境，时间犹如镜的回廊，折射他褶皱的脸庞。
这样一张脸，属于老人，还是死人，他想起护理员的怒骂，家人的漠视，一切本不该在这里，在天堂存储的记忆。起风了，云雾穿过他的身体，他在降落，降落向那片大地，那座城，那条困住他一生的街道。",671/01/01,碎数研,souvenir,,,,支线章节三盗乐行,0335
碎数研-report-BUBD-22-1,幽蓝国和它的接触机制幽蓝边界的形成机理尚不明确，我们推测幽蓝边界与忘忧宫的防卫护壁相似，不过表面威胁性更低。可以确定的是，幽蓝国确实属于像素塔最初的设计内容，但是绝不是以现在的形式存在。起码在 TZB 采取强制措施之前，幽蓝国就已经发生了改变。非常值得注意的一点是，进入幽蓝国这个废纸篓的数据，仍然存在被删除的风险，数据会以特定的加密形式被流放到下二层，最终在遗忘中消散。至于最终数据是被删除，还是以另一种形式继续存在于我们无法感知的范围，又或者最终处理区域设计在像素塔之外，无论哪种假设都缺乏一定的合理性。,671/02/01,碎数研,souvenir,,,,第四章管道迷宫,0113
报道：《对大众心理学研究的反叛：当他人主宰你的存在》,"如果你周围的一切人都在演戏，让你生活在他人意图的想象中，你该如何定义自己的存在？如果你的存在来自于他人的构建，那么你将去往何方？
在当今社会，我们执着于将心理学研究的焦点聚集在人个体与社会的交互上，以此探索人们如何相互影响与塑造；因此却怠于考虑人与人之间的割裂。或者说，人们似乎默认这不属于该方面的研究。
然而，当人际关系带来的的影响变得极端，这种生活状态对个体认知的颠覆同样是一个深刻的议题。正如电影《洛基的世界》中所述，如果你是主角洛基，而你从未遇到剧中的幽灵莱恩，那么你能否意识到自己是与他人不同的幽灵。
另一个相关的思考是，我们是否可以假设，某个年迈的个体因受到社会割裂的影响，在某种意义上处于一种类似 “尸体与活人之间” 的状态，他们的自我认知是否在社会的不断变迁中变得模糊不清？这并非人如何定义自己的存在与否的问题，而是社会如何影响已偏差的个体的问题。 在种种复杂的外界因素下，人们该怎样探索真实的自我？或许未来的研究需要更多地关注个体如何保持自我认知的完整性，以帮助人们在复杂的社会环境中重新审视和定义自身的存在。",671/03/22,碎数研,souvenir,,,,支线章节三盗乐行,0380
碎数研-report-BUBD-22-2,"在没有无人机成功返回的情况下，我们至今无法获得 “79” 内部的任何情报。有趣的一点是，根据现有情报得知，部分应该进入幽蓝国的数据，在滞留期失去信标，极有可能进入了 “79”。也可能幽蓝国核心存在某种筛选机制使不同的数据被流放的速度存在差别，那么这个机制为何存在，该机制如何对数据进行筛选，我们尚未可知。 抑或根本不存在这个机制，而是幽蓝国内部仍有活动单位对数据流放进行了干扰，这或许能解释为何偶尔能从幽蓝边界中提取到与搜索关键词无关的数据。我的同僚或许会支持活动单位这种解释，“79” 内部广阔，居住有活动单位也不无可能。
我们的调查人员设计了一种实验对此猜想进行了验证，具体过程可参考附录 A。实验发现部分有些数据被投入幽蓝国后，如果后续人为去除信标，会有完全镜像的内容被流放到石林河域内，又或者完全失去踪迹。这一实验表明了并非所有数据都会遭到处理，可见这并非是自动筛选修复机制。",671/07/23,碎数研,souvenir,,,,第四章管道迷宫,0114
碎数研-log-BUBD-951,"A：你还记得第四层的那个大坑么？
B：是的，虹之战的遗址。
A：我一直很奇怪那个遗址为什么会出现在那个地方，所以我去拿了第四层地形结构的多方对比资料，模拟出来这么一个东西。
B：让我看看。
A：你不觉得这形状和它很像？
【 A 拿出一张巨大鲸鱼的照片，该图像拍摄自幽蓝边界出现的瞬间。】
B：一般。
A：那这个角度呢？
B：嘶～我去联系外勤。",671/07/23,碎数研,souvenir,,,,第四章管道迷宫,0116
碎数研-report-BUBD-23-1,龙宫纪的阿特拉斯曾流传过一个超级游戏机的传说。据说它可以完全模拟一切，以至于人们探索游戏本身就可以获得一切问题的答案。 最初接触到该情报时，我们本能地以为这是六世恶言的余晖，但是我们仅能从复原的交谈记录中得知该流言，没有任何被害人以及 “无相” 的行动痕迹。本话题符合四层多数流言的一致特征，仅能判断该流言存在，但是没有任何证实抑或证伪的痕迹。似乎得知这些流言的人全都消失于某个神秘的地方。要注意的一点是这些流言仅出现于阿特拉斯，不符合幽蓝边界的侵染模式。推测为是源于四层并且扩散能力极其受限的一种流言系统。,672/01/20,碎数研,souvenir,,,,第四章管道迷宫,0115
碎数研-log-BUBD-952,"A：塔整体的结构具有成长和进化的特征，似乎整个系统本身具备分析自身并修补的能力。
B：你又想说什么？
A：这种系统没有经过测试，试运行就直接启动，这应该是不可能的。
B：所以呢？可能是那个组织在外面搭了一个模型，或者某人直接就设计出一个完美无缺的结构，这都可能。
A：我是在考虑，现有的塔史之前，可能存在一个塔的原型机（Prototype）。虽然我们找不到任何有关的信息，不代表这个东西不存在。
B：也许这个原型机没有被废弃，而是改成了别的东西呢？或者我们现在的认知建立在一个全新的基础之上，所以找不到资料也很正常，就像你无法探测伊戈尔大爆炸之前的任何讯号。 A：我的直觉告诉我这个原型机还存在于某处。它很有价值，不是可以随意毁灭的东西。
B：也许被改造成了我们每天都接触的某个系统，毕竟是原型。
A：phigrOS？",672/01/20,碎数研,key,,,,第四章管道迷宫,0117
【影像】街头的Fuli,"【说是有那么一天，石林的楼层守护 Fuli 擅离职守，跑到律动星上潇酒，她在路边买了支冰淇淋，边吃边舔，突然被一个不认识的陌生人指着鼻子骂道。】 路人 A：你是调音天狗！
Fuli：哈？
路人 A：没有错了，就是你，你手上的冰淇淋是我的，快还给我！
Fuli：不要血口喷人哦，老板还在这儿呢。（回头）OO ，老板人呢？
路人 A：没想到你这么狠毒，连老板都盗走了！
Fuli: OOO ，你这造谣能力，怎么还没上幽蓝国啊！
路人 A：（拽住衣袖）大伙儿！我抓住调音天狗了！快来人啊啊啊——
【 Fuli 见围观的人越来越多，深感大事不妙，遂启动了 TZB 派发给楼层守护的逃脱工具，从原地消失了。】
路人 B：这是什么传送？ 路人 C：闻所未闻，见所未见。
路人 B：难道，她真是调音天狗！
路人 D：我就说调音天狗是黄毛萝莉，苍天呐，五年了，我的萝莉控嫌疑终于撇清了！",672/07/20,Fuli,souvenir,11min03s,,,支线章节三盗乐行,0337
摘录•守护日志•机关枪•线索四,"哎呦喂，这都是个什么事儿啊！
咱们这个石林，好不容易太平了，一帮自称 Khalid 市政府的又找上门了，说什么叫我扮演调音天狗？
我寻思这兼职和我光荣的楼层守护岗位，我光荣的防治异想使命，有大大的冲突啊。
我不能答应，但是他们给的太多了，我实在经不住诱惑，犯了一点小小的原则性错误。
局座，你是了解我的，我干什么事，从来不经过脑子，这一次，也没有例外，我很有原则的！
这要以后搞出什么祸来，TZB 还请多担待着点儿，自己人不是？
你要说也是！我就是个臭打工的！帮殖民星球的政府想东想西做什么，您要是觉得不妥，就立即查办他们！我绝对举双手支持，反正全款定金已经到手了！
嗯，如上，下个月见吧您！",672/08/05,deathMark,souvenir,,,,支线章节三盗乐行,0338
量子同步终端,"Fuli：你们给我绑是什么？
市长：量子同步终端，启动之后，你就能立即传送在天狗食月现象出现的地点。
Fuli：哦～所以调音天狗，现在还只是一个 “现象”。
市长：没错，想要它成形，还得依靠你们相关者的帮助。
Fuli：事先说明啊，我不接受异想附身，虽然有不少林泊很乐意获得此类 “超能力”，但不包括我。
市长：你放心，只是一次 “公演”，不会出事的。",673/07/17,Fuli,bold,,,,支线章节三盗乐行,0339
量子同步终端•线索一,"【 Fuli 身边的风景不断变化，从田野到高楼，从村屋到工厂，只要人曾生活过的地方，都是调音天狗候选地。市长的要求是让人们观察到她的身影，误以为调音天狗已经成形，以促进异想的发育。但 Fuli 左思右想不对劲，天底下哪有这种好事？】
Fuli：就这么躺着，也能把钱赚了？
【也正如她所担心的，如同幻灯片般的快速传送，在公演开始的半个小时后戛然而止，她滞留在一个飘满不明物体的玫红色空间，而对面站着的，是一个和她同样衣着，同样面孔的黄毛萝莉。】
Fuli：好家伙，模仿我的脸？
Fuli？：清除⋯⋯污染⋯⋯
【这二重身低着头，怯生生地嘀咕着可怕的词汇，却不见任何攻击 Fuli 的行动，只是站在原地不断重复着。】
Fuli？：清除⋯⋯污染⋯⋯
Fuli：不会你就是调音天狗吧？ Fuli？：清除⋯⋯污染⋯⋯
Fuli：不管你是寻路系统坏了，还是语言系统先天不足，算我求求你哎，别搁那叨叨了！
【二重身忽然没了声音。】
Fuli：这就对咯，让我看看哦，这开模开的，哎呦，一比一复刻。
【 Fuli 对自己的二重身上下其手，试图探究异想的构成原理。】
Fuli？：Fuli 要清除污染⋯⋯Fuli 要保护大家⋯⋯
【她就像个坏掉的木偶，不断重复自己的使命。】
Fuli：污染？哪里来的污染？
Fuli？：月亮上⋯⋯有⋯⋯
【二重身的话还未说尽，快速传送再度开启，Fuli 奋起追赶调音天狗的身影，量子同步终端的使用时限却已到尾声。看向眼前停滞的风景，Fuli 罕见地品尝到挫败感。】 Fuli：话还没说完呢⋯⋯",673/07/17,Fuli,bold,,,,支线章节三盗乐行,0340
量子同步终端•线索三,"【 Fuli 放下手中的工具，一边哼哼着市长老儿这可不怪我，一边将量子同步终端绑回身上。破解程序运行完毕还需要一点时间，Fuli 四处张望，看着被玫红色沾染了大半的城市夜空，转转眼睛，唤醒了自己的 phigrOS。】
【先前种种异常并不是她的错觉，律动星陷入了无法逃离的名为沉默的旋律里。大街，小巷，空无一人；媒体，论坛，隐秘联系的手段，随意拨出的电话，不得回应。调音天狗的影响还在持续，从 Khalid 市中心开始，律动星正在逐渐化作一块一块无声的旋律被怪盗收入囊中，而推动这一切实现的人却成了现在唯一清醒的人。】
【量子同步终端忽然轻轻震了一下，目标重新锁定，引导光束自动射出，直直指向上空的月亮。】
Fuli：嚯，原来跑那上面了。
【 Fuli 戴上面罩，启动传送的同时从楼顶一跃而下，化作残影追逐二重身而去。】
【月光依旧淡薄冗长，不受任何影响。】",673/07/17,Fuli,bold,,,,支线章节三盗乐行,0342
量子同步终端•线索四,"【月亮上确实是安全的，这里似乎有什么东西，隐隐与调音天狗的力量对抗着。Fuli 随耳边飘转的旋律轻轻哼唱，毫不拘谨的被二重身背着，行走在黑月疗养院的某一条通道里，铁板拼接而成的走廊很是宽敞，却连一盏灯都没有，只有偶然走过一小段接近外层的路时，才会有月光从缝隙中渗进来几寸。】
Fuli：（抱怨）明明是个发光体，怎么里面会这么暗啊。
Fuli？：⋯⋯
Fuli：噢咿噢咿，你不是会说话的嘛？怎么就又自嘚儿闷着去了？（拍拍对方脑袋上的大蝴蝶结）来叨叨两句？
Fuli？：污染⋯⋯在前面⋯⋯
Fuli：还会别的话不？你这几句来回念我耳朵都掉了三层茧了。
Fuli？：⋯⋯遗体。
Fuli：啥？ Fuli？：⋯⋯遗体⋯⋯方法！保护大家！
【二重身忽然停下，扭过头来认真的对 Fuli 一字一句念道。随着她说出这句话，前方浓稠的黑暗忽然被驱散，一颗荧黄色立方体悬浮在空间中央，随着能量的注入明明灭灭。】
Fuli：（从二重身背上跳下）没想到月亮底下藏着这种大家伙！你⋯⋯诶，又跑了！
【四周灯柱亮起，偌大的空间只剩 Fuli 一人。】",673/07/17,Fuli,bold,,,,支线章节三盗乐行,0343
隔音耳机,"厚实，质朴，像是两百岁的军人会带在身上的东西。一个可以用缝缝补补来描述的电子产品。
但如果这是 Fuli 的唯一选择，她一定会十分难受吧。",673/07/17,Fuli,bold,,,,支线章节三盗乐行,0364
隔音耳机•线索四,"【剥离调音天狗造成的影响进展很顺利，但二重身的消失一事仍然沉甸甸的压在 Fuli 心头上。她本想在遗体的旋律化开始后去寻找，却发觉剥离速度越来越快，令她难以拿捏停止的时机，只得不休不眠在一旁守着。】
【这日，Fuli 打着哈欠守在控制台边，离睡过去只差临门一脚，而同样境遇的还有剥离进度，似乎非要与她凄凄惨惨决出个胜负来。眼前的景象模糊了又清晰，清晰了又模糊，终于，本就略大的隔音耳机从头上掉下来，与地面接触的清脆响声弹断了紧绷着的那根弦，令她意识彻底断片。】
【⋯⋯】
Fuli：（迷迷糊糊）好硬的床板⋯⋯这哪儿啊，铺盖质量恁差。
调音天狗：是月亮上。
Fuli：哦月亮啊⋯⋯嗯？⋯⋯月亮⋯⋯OOO！我想起来了！
【 Fuli 一个弹射起步，冲刺趴到控制台荧幕前。】
Fuli：还好还好，进度条一直没动。（大口喘气） 【 Fuli 捂着小心脏转过身来，她那二重身——或者说——调音天狗，正睁着大大的眼睛望着她，看起来憋了满肚子的话。】
调音天狗：⋯⋯你会带走遗体，对吗？
【听到天狗这么流利的说出一个短句，Fuli 小姐不禁潸然泪下，可惜形势不允许，她憋住了。】
Fuli：昂，我打算带着它去找真凶。
调音天狗：可它⋯⋯源头⋯⋯！
调音天狗：Fuli⋯⋯污染⋯⋯要清除污染！
【天狗急得结结巴巴。Fuli 假装听不到撇过头去，瞄到开始反向增长的剥离率又老老实实正回来。】
Fuli：哎呀，这有啥好怕的。遗体就算再危险，那也属于人造物，在我支配的范围里。
（揉捏天狗的脸）你要是不放心，我把你也带上。 【天狗怔怔的看着 Fuli，眼中划过神采宛若流光，终而化作不秘的应允。】
调音天狗：⋯⋯嗯。",673/07/23,Fuli,bold,,,,支线章节三盗乐行,0368
量子同步终端•线索二,"Fuli：克——劳——尔——
克劳尔：（惊住）是机关枪探员啊，找我有什么事？
【 Fuli，一个有着铁饭碗的 TZB 探员，认识同为 TZB 探员的克劳尔并不奇怪。】 Fuli：律动星的月亮，是不是你搞的鬼！
克劳尔：等等，我们认真分析一下，为什么一有问题，都觉得是我干的？
Fuli：你看这是什么？这是谁的东西？嗯？你和谁走的最近？
克劳尔：Fuli，你在哪里找到的这个东西？
Fuli：你少在这里装傻，律动星的人现在一个个都成了那个样子，你到底想干什么？
克劳尔：我很好奇你怎么把这玩意毫发无损地带过第五层，但那不重要了，但是你要的解决方案，可能就是这个我找了很久的东西。
Fuli：少当谜语人，这到底是什么？
克劳尔：你先拿稳了，我就告诉你。 Fuli：我直接放桌子上，你说吧。
克劳尔：这是一个遗体的——某个部分。那个传说中异想的遗体。还有活性的时候足以将整个像素塔都污染的那个异想。
Fuli：你脑子里进喵喵茶了么？异想怎么会有遗体？",673/07/25,Fuli,bold,,,,支线章节三盗乐行,0341
喵喵茶,"你知道人喝完茶之后总会发出一声 “哈啊——” 对吧。
但你喝完喵喵茶之后，你会发出一声 “喵——”。",673/07/25,Fuli,souvenir,,,,支线章节三盗乐行,0344
小熊娃娃•线索四,"克劳尔：（小声）原来在月亮上。
Fuli：你说什么？
克劳尔：所以，律动星的人怎么了？我这边数据都如一潭死水。
Fuli：已经用这东西配合地方特色解决了。他在月亮上留下了一个类似增幅器的东西，只不过有点大。虽然没留下说明书，但他做的东西我基本都能看懂，所以没差什么。
克劳尔：真有你的，真有你的。你有没有见到他本人，我觉得他会和这东西在一起。
Fuli：没见到。你能不能先给我解答一下，这到底是什么，为什么异想会有遗体？
克劳尔：他永远回不来了？
Fuli：日志里有写他在等人，但应该指的不会是你或者我。
克劳尔：我知道，他等不到了。阿忒弥斯，可能已经登出了。
Fuli：谁？",673/07/25,Fuli,main,,,,支线章节三盗乐行,0352
【影像】日蚀之月,"塔历 673 年 7 月 17 日至 673 年 7 月 23 日，据港湾赤溪崖天文台发报，律动星上演了一场持续七天的超长月食。月食引发的通讯中断和电磁风暴使得我们完全失去了与律动星的联系，直到 7 月 24 日 11 点 59 分，通讯才恢复正常。
我台第一时间联系了当地的驻星新闻站，该站通讯员失去了这七天的记忆，但接下来他旋律化了身边所有的物品，很快兴奋不已地欢呼：“缺陷被修复了！律动星完美了！” 通讯员走到街道上，只见当地居民奔走相告，完美了，完美了，天狗食月了！
通讯员最后留言说，他要与当地居民一同庆祝这一伟大的时刻，随后再无任何消息传回。
7 月 25 日 7 点 32 分，宇宙飞船比邻探索 8 号进入律动星太空港，据船员所说，律动星上的居民全都消失了。
如今我们对律动星那七天的了解，仅停留在 7 月 24 日的 12 点至 13 点，由律动星向外界发出的几万条报平安的通讯。难以置信的是，本台查阅了所有通讯，对律动星依旧一无所知。",673/07/25,碎数研,main,7d,,,支线章节三盗乐行,0359
报道：《律动星城市监控网现已恢复，失灵原因疑似与月食有关》,"过去几天，律动星的超长月食对各层塔住民们的生活住行都造成了或大或小的影响。
虽然统治局官方的调查还没有结束，但已有不少证据指出，这种影响并非是单向的。
早在 7 月 19 日时，一家提供监控系统维保业务的公司便向本媒体透露，两日前位于律动星的所有监控摄像机几乎同时失灵。由于事发突然，他们先是尝试联系位于律动星的公司员工，同时派遣新的维修人员前往支援，得知两种方案均以失败告终后，该公司联系了他们一部分服务对象，获取到了监控失灵前后的录像。监控故障原因如出一辙，而录像也相似且诡异：时间在走，但是画面中的所有人都是静止的状态。显然这已经超出了他们能够处理的范围。
月食结束后，本媒体再次联系了上述的公司，监控已经恢复正常，而他们排查故障时发现，报错的原因仅仅是一次信号不稳，也就是说录像并没有问题。似乎，律动星的人们确确实实的静止不动保持了七天。",673/07/25,碎数研,souvenir,,,,支线章节三盗乐行,0379
旁白：流言,"你听说了吗
昨夜的鸡鸣
今早的狗跳
你听说了吗 
你不知道
街头巷尾
一片喧哗
你不知道 
我来告诉你
粉饰的现实 流言的真相 我来告诉你",673/07/30,旁观者,main,,,,支线章节三盗乐行,0313
旁白：怪盗,"偷走我吧，调音天狗
你偷走很多人，为什么不偷走我啊
我也是白玉的微瑕，地板的尘沙 我也是秋雨后的暴寒，阴霭天的晚霞
偷走我吧，调音天狗
为了让你偷走我，我能付出任何代价 我能付出妹妹的泪珠，弟弟的恸哭 我能付出冷却的壁炉，空荡的家 调音天狗，请听我说话！
你到底在寻找什么，为什么不回答！",673/07/30,旁观者,main,,,,支线章节三盗乐行,0314
旁白：恍惚,"我听到有人叫我。
那个声音从墙角拐过来， 好像很不开心，
抱怨着昨天下过的雨。
哪里有蟋蟀的声音？
我听见有人在跳舞， 那是我认识的人， 那不是我认识的乌鸦， 更不是我认识的舞步。
没有舞鞋，没有手， 没有眼睛，没有笑， 我仿佛听到，
我仿佛听到这里没有， 这里没有音乐。
他停了下来，
那非我认识的人。
他不在那里，
但我听到他的声音， 我听到了他的沉默。",673/07/30,旁观者,main,,,,支线章节三盗乐行,0315
旁白：黑月,"请与我同行，
请与我回到远方的歌声， 我还有这里，
我还有被他留下的思念。
无法歌唱，无法哭泣， 无法原谅，无法感激。
请与我同行，
请与我爬上寂静的山顶， 请与我迎接坠落的繁星， 请与我跨过崩裂的大地。
我听不到你的声音， 并非忘记了月亮的形状， 只是无法分辨，
我的眼是否真的睁开。",673/07/30,旁观者,main,,,,支线章节三盗乐行,0316
旁白：From 1 to 500000,"一梦没醒
十人没听
二十杯子坠
五十碎片丢 三百街道灯灭
五千影子摇晃 两万耳环叮当响
三万声音
四万眼睛
七万钟表停止
八万门打不开 十万流星停不下 二十万词语说不出 五十万梦醒不来",673/07/30,旁观者,main,,,,支线章节三盗乐行,0317
幻梦 之一,"我在梦里遇到了一个朋友， 她约我在醒来后见面， 我不敢醒来，
我害怕再也找不到她， 于是，我还在梦里。
一团火变成了另一团火， 一棵树变成了另一颗树， 一杯茶变成了另一杯茶， 它们似乎在大笑， 它们似乎在躲避， 它们似乎在争抢。
我的朋友， 没有变成另一个朋友。
滴答滴答，
有什么在等着。
滴答滴答，
好像我就要醒来。
我会告诉我的朋友， 我做了一个好梦。
梦里有另一个我， 梦里有同一个她。",673/07/30,旁观者,main,,,,支线章节三盗乐行,0318
幻梦 之二,"它从误解中诞生，
没人能见到，没人能听到。
它遇到了最初的自己， 于是拥有了双眼， 看到了众人的欢愉。
于是拥有了双唇， 品尝了孤单的苦涩。
它的双足无法行走， 它的双手无法触摸， 于是，它做了一个梦。
在那里，它遇到了朋友， 要带它去天的另一方， 向最初的自己告别。",673/07/30,旁观者,main,,,,支线章节三盗乐行,0319
673：律动星盗乐行事件 亚空间副本,"【该光盘记录了盗乐行当晚律动星所有发生变化的数据点，但因其文件格式不符合公有传输协议，所以无法被组内设备解析。】
—这格式是不是有问题，便捷工具没法解压。
—扒基地后台得到的数据都这样，只能在塔内展开。
—还得去律动星不成？那地方现在施行准入管制，673 年前没有登记过的个体都不能再访问了。",673/08/04,碎数研,main,,,327-0-001,支线章节三盗乐行,0320
673：律动星盗乐行事件 亚空间副本•线索一,"【第一次展开_】
—感谢您的帮助，这边挖掘工作马上就开始，我的同事说您有一个特别的要求，能具体说说吗？
—没什么，听说碎数研很会找东西，我朋友的相机那期间丢了，麻烦你们找找。
—只是相机的话没有问题！还请您提供一下型号和运行 log。
—好的。",673/08/06,碎数研,main,,,327-1-001,支线章节三盗乐行,0321
673：律动星盗乐行事件 亚空间副本•线索二,"【第四次展开_】
—还没找到吗？
—几个时间切片都找过了，没发现协助者要的相机。
—换了四批调查员依然没有发现，不会被副本提供者删除了吧。
—等等，换个角度思考，我们拿到的是正在修复中的律动星，有没有可能那台相机也是星球的瑕疵呢？",673/09/17,碎数研,main,,,327-4-001,支线章节三盗乐行,0322
黑月疗养院员工需知,"如果你在阅读本需知，并且不是本疗养院的员工，建议您离开。
如果你是本疗养院的员工，本需知将再次提醒您，请回想一下自己的个人储物柜的位置，以及其中放置的物品。",673/10/12,碎数研,souvenir,,,327-5-000,支线章节三盗乐行,0345
黑月疗养院员工需知•线索一,"研究日志：
我们成功复原出一张完整的明信片，上面写着：我很抱歉。
不出意外的，这个明信片在第二天失踪了。",673/10/13,碎数研,souvenir,,,327-5-001,支线章节三盗乐行,0346
黑月疗养院员工需知•线索二,"研究日志：
如果你比对盗乐行之前和之后的物品碎片，是不会注意到任何异常的。只有一种检测能告诉你这件律动星的物品是否经历过盗乐行，那就是异想污染检测。经历过盗乐行的物品，均有一定程度的异想污染痕迹。
但我们注意到一部分数据碎片的异想污染程度显著高于其他盗乐行物品，鉴于此事发生在律动星，这十分的不正常。
另外一个不正常的事就是这个所谓的黑月疗养院，除了疗养院自身的记录，我们找不到任何该疗养院存在的痕迹。没有员工记录，没有病人记录，没有人讨论它，没有人知道它。",673/10/13,碎数研,souvenir,,,327-5-002,支线章节三盗乐行,0347
小熊娃娃,"一个外表和手感均无异常的小熊玩偶。
但如果你把它拆开，头部下方与身体的连接处是一个类似喷射器的结构，而身体内则装有容器和控制器。",673/11/04,碎数研,souvenir,,,,支线章节三盗乐行,0348
小熊娃娃•线索一,"研究日志：
我们成功找到律动星的代表物品，一种玩具小熊。根据我们找到的数量估计，这个玩具小熊普及到了律动星人手一个的地步。不过令人疑惑的是，这个小熊搭载了能够无线播放音乐的功能，这是首次在律动星中找到这样的玩具。也许这就是这个小熊能如此畅销的原因。
不过我们还是有个疑点，如此畅销的产品，按理说应该有铺天盖地的广告才对，但我们找不到任何有关的宣传。更奇怪的是，找不到任何它的包装以及使用说明。",673/11/04,碎数研,souvenir,,,,支线章节三盗乐行,0349
小熊娃娃•线索二,"研究日志：
保持着我们的疑点，研究员百州成功找出更多带有相似数据标签的物品。虽然我很想将其称之为一堆破烂，但为保持研究的系统性，姑且记录下所有物品。
天线。
耳机的耳机罩。
遥控器的按键板。
钟表表盘。",673/11/04,碎数研,souvenir,,,,支线章节三盗乐行,0350
小熊娃娃•线索三,"一张笔记本的残页：
如果你能读到这段文字，而且知道你为何而来。我为你留下了一个礼物，就在属于你的床下。
我猜你会喜欢。那是这个星球不会出现的东西，这是我把它作为礼物的唯一理由。可是如果是你来到这里，你也许已经见过它了。
但也许你永远都不会来到这里，所以我做的一切都只能是徒劳，但是请原谅我，这是我唯一能想象到的浪漫。",673/11/14,碎数研,souvenir,,,,支线章节三盗乐行,0351
影像带：《洛基的世界》•线索一,"剧中的一段独白：
你与我眼中的世界，无论多么相似，都映照在不同的双眼中。
你与我之间的联系，无论多么紧密，都无法被我的双手握紧。
当你对我的期待漠不关心时，当你对我的喜怒哀乐无法理解时。
当你对我喜欢的旋律表示不出任何由衷的欣赏时，我们可能已经活在了不同的世界中。",673/11/25,碎数研,souvenir,,,,支线章节三盗乐行,0354
影像带：《洛基的世界》•线索二,"研究日志：
有关异想旋律化的研究是十分有趣的，理论上过滤之后，律动星不应该出现任何成型的异想之物。但是如果考虑到异想的成因，以及带入律动星的物品也可以被异想化的这一事实，我们要考虑异想也能被旋律化的可能。甚至可以说可能性很大。
这让我思考一个问题，是否每个人听到的被旋律化的物品都是一样的？如果异想也能被旋律化的话，被旋律化的异想在每个人听来是否都是一样的？
就像大部分人对色盲的理解都是错误的。以为红绿色盲就是把红的看成绿的，绿的看成红的。但如果是这样那么色盲患者从一开始就会把他们眼中的绿色称为红色，红色称为绿色。但是这样的状态是否适用于旋律呢？也许我们每个人听到的音乐从本质上都是不一样的。但是出于某种现象，我们认为他们是一样的。
如果我能把异想带到律动星就好了。",673/11/26,碎数研,souvenir,,,,支线章节三盗乐行,0355
影像带：《洛基的世界》•线索三,"研究日志：
经再次研究，我们成功提取出该影像带的所有音轨，并注意到影片中存在一条十分独特的音轨，前面大部分都是空白，只有最后的部分是一声混有杂音的怒吼。
但是当隔日试图对该数据再次分析时，没有人记得数据盘的保存位置了。
另外，研究员百州失踪了。",673/12/18,碎数研,souvenir,,,327-7-002,支线章节三盗乐行,0356
影像带：《洛基的世界》•线索四,"研究日志：
经再次研究，我们成功提取出该影像带的所有音轨，并注意到影片中存在一条十分独特的音轨，前面大部分都是空白，只有最后的部分是一声混有杂音的尖叫。
但是当两天后我们试图对该数据再次分析时，没有人记得数据盘的保存位置了。
不过，研究员鹿茵失踪了。",673/12/18,碎数研,souvenir,,,327-7-002,支线章节三盗乐行,0357
波提切利原型机•线索二,"纸张的残片，手写的文字：
我很高兴他没有注意到我真正的目的，如果能骗过他的眼睛，那么一般人也不会注意到任何异常。就像这里的每个人都觉得月亮的存在是理所应当的，我把她放在那里则是我认为最合理的选择。
也许曾经的我会认为这种诱导他人的手段是种罪恶，一种小人的奸计。但你做过一次之后，你的潜意识会用尽一切思路让你自己的行为合理化，这也许是为什么人们永远无法阻止恶行的传播。当你开始习惯于自己的恶行，你就会忘记自己为什么将其称为恶行，再接下来，一切就会顺理成章的继续了。
但起码我还是为她做了一些事情，起码我还认识曾经那个自己，就像我认识这夜空中每一颗遥不可及的星星。",674/01/09,碎数研,souvenir,,,,支线章节三盗乐行,0362
波提切利原型机•线索三,"【依据像素塔数据分享准则条例 B-1-12，该数据无法显示】
【像素塔数据分享准则条例 B-1-12：当任何数据以真实情况反映如下内容时，该数据及其转译内容将被禁止任何管理者权限以下人员的观看：
1，大型人为灾害事件造成的遗体或残骸；
2，大型人为灾害事件现场以及涉及的武器；
3，使用过的高成瘾物以及相关用品；
4，使用过的恶劣爆炸物残片以及相关物品；
5，严重违反异想危害管理法的任何物品；
⋯⋯】",674/01/10,碎数研,souvenir,,,,支线章节三盗乐行,0363
隔音耳机•线索一,"碎数研 -log-BLMN-2-001：
研究员百州挖掘出了疑似隔音耳机的物品，并提出一个有趣的疑问。类似隔音耳机的物品，在律动星是否算作违禁品？根据统计，隔音耳机的数量在律动星的确屈指可数，而且保存的状况也不理想，基本全部在被幽蓝国碎片化之前就已经损坏。
所以这次找到了一个能正常使用的耳机让我感觉到了些许的违和。该设备身上仅有一处像是磕碰造成的伤害。直觉告诉我这是跌落造成的。
R，鹿茵。",674/01/26,碎数研,souvenir,,,,支线章节三盗乐行,0365
隔音耳机•线索二,"碎数研 -log-BLMN-2-003：
如果说有一些人为了寻求没有音乐的安宁，就去律动星之外的地方取得这个耳机，倒也合理。但是为什么仅此一个保留十分完好呢？我怀疑这背后也许隐藏着一个秘密组织。就像反社会人格一样，律动星这样的地方也许会出现反音乐的群体。但既然作一个组织存在，无法解释隔音耳机这一物品在律动星的存量。
或许有一种狂野的解释。或许隔音耳机这种存在，在律动星的人眼中是无法想象的，所以存在某种宗教也说不定。耳机或许作为祭祀的道具，很久才进行一次祭祀，每次毁坏一个，所以我们才会找到少量损坏的和唯一一个还好的。而席卷律动星的那场风波或许就是这个宗教的手笔。
即便是这样狂野的解释，也让我觉得错过了什么，就像是被人砍断手脚但背后发痒一样难受。
R，鹿茵。",674/01/27,碎数研,souvenir,,,,支线章节三盗乐行,0366
隔音耳机•线索三,"碎数研 -log-BLMN-2-004：
我意识到一个有趣的问题，如果将隔音耳机旋律化，我们会听到什么？
会是一段沉默么？
如果有办法在研究室重现律动星的技术就好了。虽然不太可能，不过我终于觉得我的手脚又长了出来。之前被我忽略的盲点就是目前盘旋于整个研究室的沉默。我们知道旋律之中会掺杂间歇，正是沉默的留白使旋律的跃动有了意义。但如果沉默本身就是旋律呢？就算不是这个隔音耳机，是否有什么存在会被旋律化成一段冗长的沉默？
或许律动星有什么东西，被旋律化之后就没有恢复过，而无人在意，只因为那东西的旋律只是一段沉默。或许当初律动星的月亮会定期消失，就和这个听不见的东西有关。
R，鹿茵。",674/01/28,碎数研,souvenir,,,,支线章节三盗乐行,0367
黑月疗养院日志,一系列厚重的资料，看似是打印的字迹，经分析调查实为手写。只能解释为是某种功能机器握着一根笔写下的这些字。只要看着这本日志，就会勾起人的睡意。,674/02/09,碎数研,key,,,,支线章节三盗乐行,0369
黑月疗养院日志•线索一,在这里，对物品的调整会反映到物品生成的旋律，所以我想通过把她旋律化来监测她的状态。而且，经过实践发现了，对旋律的调整同样也会反过来影响物体本身。这听起来十分离谱，但是通过对旋律化的物品加入和弦和共振，我成功地对物品本身产生了不同程度的影响。用一批基底相同的人偶进行实验后，虽然有效果，但是很难复现相同的结果，这个环境中有我忽略的因素存在。还要解决的就只有如何让她被识别为物品并进行旋律化。我试图通过操作模糊数据标签，但是系统似乎没有接受这个行为。我不认为是我的权限不够，一定是有什么我还没有想清楚。,674/02/09,碎数研,souvenir,,,,支线章节三盗乐行,0370
黑月疗养院日志•线索二,最担心的事情还是发生了，对阿忒弥斯的治疗影响到了地面的人，这让我不得不把她的遗体保留在这里。而且在问题解决之前，我也必须留在这里。我似乎在最开始的尝试中忽略了一个重要的要素，也许有一部分数据溢出了，但我不敢确定。她的监测数据均没有变化，但我总觉得哪里不太合理。如果单纯的异想可以被旋律化呢？如果她身体属于异想部分被单独旋律化并剥离出去，可是她的检测数据均没有变化，这不合理。这抑或是合理的，只因这是前所未见的病例。,674/02/10,碎数研,souvenir,,,,支线章节三盗乐行,0371
黑月疗养院日志•线索三,这或许意味着我要再次杀死她一次。,674/02/10,碎数研,souvenir,,,,支线章节三盗乐行,0372
黑月疗养院日志•线索四,治疗即将结束，但是从她身上剥下的这个异想必须在这里处理掉，或者永远留在这里，绝对不能让它离开这里。我不能再犯下相同的罪了。,674/02/11,碎数研,souvenir,,,,支线章节三盗乐行,0373
《盗月行》调查报告,"自宣布展开对调音怪盗的调查以来，本组收到了 251460 件热心市民邮寄的收集品投稿，其中 78% 的收集位置为律动星首都 Khalid，9% 采自港湾巨人堤道，其余零零总总分布在霓虹、二代地表等地。这些收集品有的是记录调音怪盗的文字、录音、图片、视频，有的则是被调音怪盗修理过的物品，后者直接记录了怪盗的行踪，也为本次调查工作提供了坚定的基石。
⋯⋯⋯⋯
最后需要感谢 “不愿透露名字的 TZB ” 的大力支持，虽然很可惜，该市民捐赠的《 673：律动星盗乐行事件 亚空间副本》压缩格式错误，本所至今没能打开。但是 TZB 盗取基站数据的勇气可嘉，贯彻了破碎数据研究组 “能偷绝不挖” 的先进理念，值得所有碎数研同好学习。
大型调查《盗月行》已完美结束，感谢参与，各位辛苦！我们下次再见！
附件：档案整合文件",674/02/23,碎数研,main,,,327-9-002,支线章节三盗乐行,0312
克洛诺斯的鸽子,"一只白色羽毛的鸽子，但尾巴是灰色的，有时候会发出一些奇怪的叫声。据说原本是克洛诺斯养的，现在被统治局当做传信工具鸽。
雪梨膏：豌豆你看，这是鸭子。
豌豆：？这不是鸽子吗？
雪梨膏：这是鸭子，我赌 10MB。
豌豆：行，我赌 20MB 这是鸽子。
雪梨膏：OK，愿赌服输哦。
鸽子：【拍翅膀】嘎——
豌豆：⋯⋯【扔下 20MB 头也不回的走】",689/03/07,雪梨膏,bold,,,,第六章方舟蜃景,0211
罐装雪梨膏,"雪梨膏干事使用未知方法从自己身上剥离下的一部分，掺入致死量农药后被装进雪梨膏住的同款小罐子送给了豌豆特工。
豌豆大受感动，带回家后并没有将其吃掉，而是放在床头好好珍藏。
又要想别的方法来凑够当月业绩了，雪梨膏有点遗憾。",722/11/30,豌豆,bold,,,,第六章方舟蜃景,0213
萨芙的运动相机,"没有商标，没有绚丽的涂装。但有着 8T 容量，8k 分辨率，和一流防抖效果的浮置镜头。称得上是户外党必备的运动相机。这是萨芙在告别监护人时，监护人出于情义和对她的了解，从一个小作坊买来送给她的礼物。
可萨芙喜欢这个相机的原因不是这些。这款相机的私密相册不会像其它相机一样显示在相册列表中，只有对着特定角度连续拍摄三张照片后才会显示，可谓安全性极高。而该相机的私密相册中，保存着数张艾达的照片，均标注了拍摄地点。",730/09/16,萨芙,bold,,,,支线章节一忘忧宫,0275
战士•六•人类,"港湾• 740.A.P 
“我想去冰封层。” “你决定好了。” “决定好了。”
“毕竟是志愿行为，我也没法阻止你⋯⋯你真的决定好了吗？决定好见他们了吗。” “他们不是真的他们，你我都知道，过去的人类种已经灭亡了。” “确实，新的冰封巡逻队安全无害，但它们毕竟是异想之物，变数太大。” “像素塔的变数，只有人类。你是怕我回去，做些多余的事。” “总队长，我们无法再承受一次牛肚谷战役。” “不会的，他们已经不在了。”",740/04/11,Dlyro,souvenir,,,,第三章幽蓝边界,0102
伯尼丝的研究笔记•线索一,"一月三十二日：
历史的意义，因人而异。
在真实性上，现在人知晓的历史和虚构的故事，则意外等价，都是他人的漫漫而谈。就算讲述者完全记述，现实参杂了观点后，也会产生一定程度的形变。
那么真实的历史该如何发掘，又该怎么传递下去呢？语言和记录终归是苍白的，唯有来自过去的物品，能让后来的人，窥探真相在时间中留下的轨迹。
能说文字中的过去没有意义吗，也不能。我们将多个故事相互比对，相互过滤，就能获得更加纯净的历史。而我用这种方法得出的结论便是，忘忧宫并未被毁灭，它仍然存在，就在无尽海底的某处。",743/01/32,伯尼丝,bold,,,1874-0-003,支线章节一忘忧宫,0268
伯尼丝的研究笔记•线索二,"当时，艾达走进我的办公室，眼前满是被灰尘填充的光线，透过窗户斜立在地板散落的文件上，我能看出她眼中的不耐烦，大概是察觉到了什么。我们来自那个痴迷自然生产的伊塔卡家，所幸艾达是林泊，并不具备接触家族核心的资格。艾达很小的时候，母亲就离开了，因此一直是我在照顾她。
艾达：“你和艾尔帕克还在联系？”
伯尼丝：“他一直在资助我的研究，你知道搞科研是很花 data 的。” 艾达：“那种蛇头的⋯⋯算了，随你喜欢。”
伯尼丝：“资源不分贵贱。”
艾达：“你又要拿历史典故糊弄我了？”
伯尼丝：“我们是神的创作，我们的一切成就都是在赞颂神。这是旧时代一个恶事做尽，但是也资助了许多艺术家的人说的。” 艾达：“听上去他的赞颂也包括恶行。” 伯尼丝：“对了，如果能找到忘忧宫，要和我一起去吗？”
艾达：“会被禁止的，都不是什么好事情。” 伯尼丝：“我以为你会好奇。” 艾达：“让历史归于历史，这是你说的。”",743/02/03,伯尼丝,bold,,,1874-1-003,支线章节一忘忧宫,0269
虚妄之匣,"那天，艾达在整理自己上一世的物品时，发现了虚妄之匣，看上去就只是一个透明的盒子，里面空无一物，打开之后却发现张纸片，上面写着一首诗：
当我寻回，便已遗失。
当我洪亮，便已沉寂。
远处之外的遥远光景，并未将我带去远方。
而我并未迷失，也并未疯狂。
是你尚未看清，无界之外的光芒。
那是漆黑夜空，无法阻挡的光芒。
跨越晴空的巨鹏，为清晨的露水徜徉。
只因是你，我留下这束光芒。",743/02/05,艾达,bold,,,1874-0-001,支线章节一忘忧宫,0262
虚妄之匣•线索一,"摘自林泊百科：
分类：#谜题保管所
词条：谜题保管所• 24225 正文：请找出此诗的出处。
——提供人：艾达

评注：本诗发现在提供者的上代遗物中，盛放本诗的是一个奇趣盒，外观透明，但无法看到其中的物品。
用具象代指概念，是一种很常见的行为。历史和传说中出现的盒子，大部分都会带来灾害，或者看似奖赏的诱惑，盒子被频繁作为引来灾祸的象征。无论是潘多拉魔盒，还是被带离以色列的约柜，盒子中的内容，都是人类最关心的。  来自门图•佩特曼的回复：
我知道，详情请私信。",743/02/07,艾达,bold,,,1874-1-001,支线章节一忘忧宫,0263
艾达的超震动小刀,"广告：
暴力与精致的完美结合，科技与幻想的碰撞。
你还在担心身边会生成奇怪的异想之物么？
超震动小刀，帮您解决一切烦恼。
现在购入仅需 433KB！",743/02/08,艾达,bold,,,1874-0-002,支线章节一忘忧宫,0265
艾达的超震动小刀•线索一,"摘自林泊百科：
分类：# 异想之物 # 六世恶言 # 诈骗
词条：超震动小刀
超震动小刀是六世恶言（发生于 666 年，利用异想之物的诸多恶劣连环骗局）之一，无相组织号称其对异想之物有特殊的功能，并通过随机电车广告兜售，借助虚假宣传销售套牌产品，高价出售携带震动功能的水果刀。该产品原为 PUG 厨具发售的锐 1000 系列，后经过电镀涂装，作为新产品卖出，过万消费者因此受骗。
该骗局造成了一定程度的经济损失，乃至人员伤亡。至今犯罪嫌疑人仍未落网，如有疑似人员出现，可向统治局举报。",743/02/12,艾达,bold,,,1874-1-002,支线章节一忘忧宫,0266
定向绳索,"说明书：
注意：本产品请与符合规格 KN-12 的子母空间信标配合使用，使用旧规格信标时可能出现无法预料的错误。
通过调整绳索任意一段的旋钮可以调节自动模式。
请勿使用非官方软件更改本产品的三种预置模式，可能出现无法预料的问题。
本产品可以额外保存两种自定义行动模式，可以通过官网下载驱动程序编辑。
驱动程序也可以用来遥控绳索的动力端。",743/02/12,碎数研,souvenir,,,,支线章节一忘忧宫,0279
伯尼丝的研究笔记•线索三,"艾达：“你是不是要走了，因为匣里的诗。”
伯尼丝：“是啊，去奥德修斯港，对方似乎想在无尽海见面。”
艾达：“我应该去的，毕竟提问的是我。”
伯尼丝：“改变主意了？”
艾达：“只是想，出去走走。”
艾达：“有个声音一直跟我说，别去，伯尼丝在骗你，根本没有什么忘忧宫。忘忧宫若虚无缥缈，那么你们追求的又是什么，只有这点，我想知道。”",743/04/02,伯尼丝,bold,,,1874-2-003,支线章节一忘忧宫,0270
萨芙的运动相机•线索一,"艾达：萨芙？
萨芙：哟，好久不见啊。
艾达：不是有聊天吗，不过在大学里都瞧不见你。
萨芙：工作忙嘛，你怎么会到奥德修斯的，我记得这是个黑码头啊，你们不需要走这个渠道吧。
艾达：和人约了这里。 萨芙：原来如此。
艾达：表姐和我一起来的，结果一个电话不知道去了哪儿，我有点不放心。要不，你和我一起去？
萨芙：也行，多个人安心一点。",743/04/03,萨芙,bold,,,1874-0-005,支线章节一忘忧宫,0276
萨芙的运动相机•线索二,"萨芙：从出生开始，我就不知道自己该做什么，所以就顺着自己的喜好干了很多事情。永远是去喜欢的地方，看喜欢的风景，爱喜欢的人。
艾达：这不是挺好的嘛。
萨芙：可这是自由么？还是因为不知道根在哪里，所以一直在游荡。
艾达：萨芙这样挺好的，人为什么要回避自己的喜欢。
萨芙：那你为什么在回避忘忧宫呢？
艾达：伯尼丝什么都和你说。嘛，那个地方对我上一世很重要，但过去的事我记不清了，现在，我就是我。
萨芙：虽说如此，但你应该去的，伯尼丝说的对，机会只有一次。",743/04/03,萨芙,bold,,,1874-1-005,支线章节一忘忧宫,0277
定向绳索•线索一,"萨芙和艾达跟着定位器来到了一座普通的居民楼，门图就在最顶层的房间中。
二人来到屋顶，萨芙用随身携带的相机向下伸，拍到了屋内的情况。确认了没有看守，只有门图一个人被蒙着眼绑在凳子上。两个姑娘从开着的窗户进到室内，解开了绑在门图身上的绳子。艾达掏出帕拉斯的身份证件。向门图质问。
艾达：“你为什么会有这个？” 门图：“他是我的父亲。”
门图大体记得艾达，她是林泊，林泊不被允许接触家族秘密。艾达见门图眼熟，但记不大清了，伊塔卡家不该存在于像素塔，那近乎疯狂的血脉崇拜使她恶心。萨芙看出来伙伴的窘迫，替问道。
萨芙：“父亲？那你怎么不是伊塔卡？”
门图：“哼，我本来也用过伊塔卡的名字，但是因为忘忧宫的事情被这些人追查，就离开了港湾，也换了一个新名字。” 萨芙：“他们为什么追查你？” 门图：“那当然是，我有他们想要的东西。”",743/04/03,碎数研,souvenir,,,1874-1-006,支线章节一忘忧宫,0280
身份证件,"旧款身份证件，可以录音，自人们离开忘忧宫后不再生产，改为植入式电子身份证。
表面只有拥有者的姓名，其余信息均储存在内部芯片。
虽然有严重的磨损，但依然辨认出上面写的名字。
帕拉斯•伊塔卡。",743/04/03,碎数研,souvenir,,,,支线章节一忘忧宫,0282
身份证件•线索一,"艾达：这个地方没问题吧。 萨芙：应该冲不进来。看看有没有丢东西，一会儿咱就出去找统治局举报黑港口。
艾达：你口袋里是什么？
萨芙：好像是大叔掉的东西，我看看，帕拉斯⋯⋯。
艾达：帕拉斯•伊塔卡。
萨芙：他刚才用的不是真名吗。
艾达：不一定，帕拉斯是伊塔卡家族的创建者，很久之前就重生了。
萨芙：我们去找他吧，把事情问清楚。
艾达：怎么找，奥德修斯港这么大。
萨芙：我在他身上装了定位器。
艾达：什么时候？
萨芙：秘密。",743/04/03,碎数研,souvenir,,,1874-0-006,支线章节一忘忧宫,0283
身份证件•线索二,"艾尔帕克：我在外面可都听到了，把藏的地方说出来吧。
门图：骗小孩的话你也信？
艾尔帕克：你没有讨价还价的余地。看来，交代清楚之前，这两位也要委屈一下了。
艾达：等等，艾尔帕克？
艾尔帕克：怪不得眼熟，你是伯尼丝的妹妹吧。
艾达：没错，是我。我们可以做一笔交易，你想去忘忧宫对吧，这家伙知道怎么去，答案就在这张纸上。纸给你，放我们走。
艾尔帕克：真理之珠放入虚妄之匣，龙宫之门自会打开，这么简单？
艾达：就是这么简单，想必你也知道大概，他向我展示过，东西就在他身上。
艾尔帕克：确实如此，不过你知道的还是太少了。
艾达：什么？
艾尔帕克：你们走吧，看在伯尼丝的面子上。",743/04/03,碎数研,souvenir,,,1874-2-006,支线章节一忘忧宫,0284
真理之珠•线索一,"律动星的物品由音乐编织而成，生活于此层之人无时不在接受着音乐的滋润，使这里的幸福感明显高于其它层。但是这些旋律并不完美，不是因为不够优美，而是每次一次循环，开始和结尾会有很明显的中断。
当门图第一次从父亲的保险箱中找到真理之珠时，并未发现这个球的特别之处，只是感觉到异常的吸引力。后来他发现，真理之珠不若其他事物，总带着断断续续的噪声和诡异的起伏，它韵律是完美的，并且超乎想象。",743/04/03,碎数研,souvenir,,,,支线章节一忘忧宫,0287
真理之珠•线索二,"【艾达和萨芙到达约好的餐厅，正准备坐下。】
服务员：不好意思，两位，这个座位有预约了。
艾达：我们就是预约这里的人。
服务员：请问预约的名字是？
艾达：门图，门图•佩特曼。
服务员：不好意思，这和我们记录的姓名不一致，我不能让您二位使用这里。
萨芙：你看这样，反正预约者也没来，我们就先坐在这，等他到了，如果不是我们要见的人，那我们马上就走。
服务员：这恐怕不太合适。
萨芙：预约是有时限的吧，我知道预约时间是六点整，那么十八分钟内他再不出现，预约会自动作废，我们也会直接离开。
服务员：好吧，等您人齐了之后我再过来。 【十分钟之后，他们意外等到包裹一件，二人略有猜测，还未拆开，一个熟悉的身影走进餐厅，但当艾达看清来人的面貌，又否定了自己的猜想。】
门图：久等了，那么我们开始吧。",743/04/03,碎数研,souvenir,,,1874-0-007,支线章节一忘忧宫,0288
窃听器,外观是一个灰色的方形卡片，外壳可以随意变换颜色，能融入各种环境中。它可以通过声呐的原理扫描围的环境，能用很低的像素大致还原所处地点周围的空间，虽然没有颜色，但足以分辨人物的动作，例如可以检查出窃听对象是否在使用纸笔交流。,743/04/03,帕拉斯,souvenir,,,,支线章节一忘忧宫,0289
窃听器•线索一,"监听记录—— 4 月 3 日 12:20
地点：某处餐厅
注释：艾达•伊塔卡和门图•佩特曼的会面。门图•佩特曼曾出现在奥德修斯港的出海记录中。
对话内容 1：
艾达：你知道这首诗的含义？
门图：知道但不能明说，有人在跟踪我，你可以按照这上面的去查，我是为了寻找忘忧宫来的，希望你协助我。
艾达：我对忘忧宫没有任何兴趣。
门图：那你又是为何把这首诗放到谜题保管所？
艾达：这是两回事。
门图：你是伊塔卡家的吧，我记得你。 艾达：那个家族与我无关。
门图：有些东西是丢不掉的。
对话内容 2： 艾达：什么声音？
门图：不好，港口的人来了。
艾达：你干了什么？
门图：没时间解释了，快跑！",743/04/03,艾达,souvenir,,,1874-0-008,支线章节一忘忧宫,0290
窃听器•线索二,"监听记录—— 4 月 3 日 12:20
地点：某处餐厅的包间
注释：开头出现卡片落地的声音，自此以后，人声响度锐减。
对话内容 1：
伯尼丝：我很惊讶你会同意见我。
克劳尔：在此之前，把你的包借我一下。
伯尼丝：怎么了？这是，港区发的身份卡？
克劳尔：这类窃听器，会发出一种节奏很特殊的超声波，仪器一测就知道。
伯尼丝：没想到他还有这手段。
克劳尔：搞偷渡，自然要谨慎些。你和艾尔帕克是老朋友，我也不介意你告诉他，忘忧宫的秘密，我解开了。
伯尼丝：只凭这些资料？ 克劳尔：当然不止。
伯尼丝：所以结论呢。
克劳尔：你的判断是正确的，忘忧宫外围很可能是一层没有实体的防护壁。",743/04/03,克劳尔,souvenir,,,1874-1-008,支线章节一忘忧宫,0291
旁白：忘忧宫,"这是一个
无人知晓的故事；
亲情，爱情，友情 编织成注定的命运；
在那遥远的无尽海 港湾的倒影中
克洛诺斯的钥匙 终将打开迷宫的大门；
名为故乡的宝藏 等待冒险者的来临；
阅读者啊！
打开封藏的记忆 那是我们 最后的期许",743/04/04,旁观者,main,,,,支线章节一忘忧宫,0252
旁白：奥德修斯港,"呓语的幸存者 重建的旧港
不存于世的幸运之地
乃淘金者的乐园 走进它：
咸湿腐烂的鲣鱼 水牢泛滥的绿藻 朽木霉菌的热香
远离它：
涌浪之上
维纳斯举起断裂的手臂
滋生蚕食世界的根基",743/04/04,旁观者,main,,,,支线章节一忘忧宫,0253
旁白：克洛诺斯,"守望之热情
重临之欲望
通晓之智慧
归来之线索
遗忘之承诺 
此五者
汇聚时
龙宫门
为君开",743/04/04,旁观者,main,,,,支线章节一忘忧宫,0254
旁白：奇迹之森,"位于忘忧宫保护圈外，奇迹般存在的海底原始森林。人们至今也未曾明白，它存续的原理，只能大致推出，可能是在大洪水期间，无法入城的人们，对生存的呼唤，让森林拥有了助人类呼吸的屏障，并使它作为异想之物，永久地留存了下来。
奇迹之森，欢迎汝等 来向真实，去往归墟
无名深处，暗流涌动
昔日低语，耳畔轻吟
忘忧魂草，无尽廊岸
异想轮回，终力梦幻",743/04/04,旁观者,main,,,,支线章节一忘忧宫,0255
旁白：迷宫尽头,"我的父亲 教会了我
引发奇迹的咒语：
想你所见，见你所想 
于是奇迹诞生了 
手起， 波掀大海
足踏，
升伏高山  世界因我所见 而变我所想 
可这还不够
我要造一座迷宫
藏着无尽的宝藏 
半人半蛇的女妖 牛头的持斧怪胎
皆为我操控 
女妖潜伏于 勇者的梦境 败坏他的精神 
牛头游走在 迷宫的关要 摧毁他的肉体 
不够 
还不够！ 
我藏的宝物 要整个宇宙 都为它服务！ 
即使是我
也要向它臣服",743/04/04,旁观者,main,,,,支线章节一忘忧宫,0256
《拉瓦钵的覆灭》•线索三,"蓝得似海，这是旧世界对晴空，最美好的赞誉。但在当时的拉瓦钵，人们头顶的天空，正是一片无尽的，宁静的，波澜暗奏的，异想丛生的海洋。
龙宫纪 90 年，失去故乡的人们，在废土之上的巨塔水箱 “拉瓦钵”，建立了他们新的家园，一座倒悬在海上的都市——忘忧宫，也是我此生生活的地方。我的监护人克洛诺斯，是拉瓦钵计划的总设计师，作为他的助手，我也全程参与了忘忧宫的建设。
用旋转来维持卫星内部的重力，不得不说，这是个天才的构想，当我看到以海为天的草案时，我是真的认为，他们找到了代替十日骓系统的完美方案。
但灾难还是发生了。
他说，拉瓦钵计划，从一开始就是失败的。没有什么是永恒不变的，时间也一样，扭曲与混乱，是万物最终的宿命。总有一天，无尽海会淹没忘忧宫，食莲者将再次清醒，踏上寻找故乡的旅途。
我无法赞同他的话，即使是距离拉瓦钵覆灭的如今，月面纪 743 年。今日，我将带着他的智慧，踏入无尽海的深处，克洛诺斯的碎片，已然集齐。 我相信奇迹，因为他便是奇迹。",743/04/04,伯尼丝,key,,,,支线章节一忘忧宫,0260
《拉瓦钵的覆灭》•线索四,我放出了一个怪物，一个名叫克洛诺斯的怪物。,743/04/04,伯尼丝,key,,,,支线章节一忘忧宫,0261
虚妄之匣•线索二,"装入真正的真理之珠后，虚妄之匣散发出柔和的光芒，光罩展开，穿透冰冷的深海缓缓下落，若一颗燃烧大气的流星。
四个人遵从伯尼丝的指示，尽量让自己处在光罩的保护中。原本的设计成保护三个人，不过好在三个姑娘身材娇小，加门图四个人勉强挤得下。下落中，听力极好的艾达，听到了头顶迫近的引擎声。
疑似艾尔帕克的人，驾着一个潜水器，不顾一切地快速冲向四人，想要抢夺这个能进入忘忧宫的 “钥匙”，看来他发现自己被耍了。
“快逃！”
伯尼丝也发现了异象，正准备加快速度，来自潜水器的水雷重重地撞击在光罩之上。
猛烈的冲击将所有人冲散，他们深知忘忧宫的危险，凭借本能地想要拿到虚妄之匣。
只见虚妄之匣光芒大作，将所有人都包围进了保护圈，但就在他们即将接触忘忧宫的外壁时，萨芙与门图被踢开了。",743/04/04,艾达,bold,,,1874-2-001,支线章节一忘忧宫,0264
伯尼丝的神奇挎包•线索一,"艾达安全降落忘忧宫后，看到萨芙和门图两人失去意识，有些不知所措。伯尼丝则在见到了忘忧宫的瞬间，唤起了尘封的记忆，那是被称作 “通晓的智慧” 的，克洛诺斯五魂之一。果然如此，伯尼丝露出了安心的笑容，她向艾达解释道：“不会有事的，意识还保存在缓存区域，他们俩会醒来的。” “伯尼丝？你，好像有些不一样了。” “带着他们去奇迹之林吧。” “那你呢？”
“我得去控制中心，我也必须去。”",743/04/04,伯尼丝,bold,,,1874-0-004,支线章节一忘忧宫,0272
伯尼丝的神奇挎包•线索二,"搬运两具身体并不容易，艾达幸运地找到了还能用的小推车，在前往深处的路途中，她注意到一个新鲜的足迹，沿着这个足迹，她顺利地找到了井。放好身体后，艾达注意到足迹还在继续延续。
这会不会是，艾尔帕克的足迹？
他到底想做什么，艾达抑制不住自己的好奇，跟着足迹走了上去。
艾达跟着足迹到达了控制中心，她看到倒在一边的伯尼丝，大脑一空。
艾尔帕克没发现艾达的闯入，此时他已经利用虚妄之匣，反转了能源通路，不用多久，忘忧宫就将浮出海面，重临人间。
我成功了，艾尔帕克，不，“重临的欲望” 仰天狂笑着，凭借他手中本就有的两魂，以及门图处拿到的 “归来的线索”，再加上 “通晓的智慧”，忘忧宫的核心，终于为他打开。",743/04/04,伯尼丝,bold,,,1874-1-004,支线章节一忘忧宫,0273
伯尼丝的神奇挎包•线索三,"伯尼丝的重伤让艾达失去理智，她的灵魂痛苦地呐喊着。艾达拿出小刀，无谋地朝艾尔帕克刺去，对方反应及时，侧身躲来，并夺取了武器。
艾尔帕克惊异于艾达的出现，无魂之人，本不该出现在忘忧宫中。
“你不该出现在这里，除非。”
艾尔帕克有个大胆的想法，但这不可能。
“看来你知道了。”
醒过来的伯尼丝从包里掏出手枪，扳机轻扣，艾尔帕克失去了生命迹象。
「检测到机体失活，需要重生机体。」
「我们仅收集部分死亡信息，然后为您启动程式。」
「浮点错误，已停止启动程式，感谢您使用 PhigrOS，愿未来再见。」 伯尼丝抱紧艾达，轻声耳语： “一切都结束了。” “是啊，都结束了，你不该回来的，伯尼丝。”
艾达已不再是现在的她，过去和未来合为一体，封印忘忧宫的枷锁已然破碎，无尽海的浪潮将吞噬这座城市，覆灭拉瓦钵的怪物二次来袭，七天之内，阿特拉斯将再度毁灭，而这一次，没有挽救的余地。
“快走吧，等它醒来，一切都来不及了。” 艾达按下传送钮，伯尼丝来不及挣扎，消失在原地。
坐在钢琴凳上，艾达扶上琴键，双手舞动出一段遥远的旋律，若末日的钟声，向虚假的平静，打出震耳欲聋的一炮。有什么要发生了，游鱼似龙卷的风暴，逃命般离开忘忧宫的区域，接着是保护圈，漆黑的异想之物，攀上外壁，吸噬能量，很快便让保护圈失去了作用。海水涌入这桃花源，凡他走过的，皆只剩断垣残壁。忘忧宫正在塌陷，不过半刻，控制中心也会四面受敌。
“真是一场好梦啊，你说是不是，伯尼丝。” 她的双眸，透着悲恸的光芒，如果可以，她也不愿醒来。",743/04/04,伯尼丝,bold,,,1874-2-004,支线章节一忘忧宫,0274
定向绳索•线索二,"完成了和艾尔帕克的交易，艾达二人提前到达港口，藏在 “出航口” 的下方。
几个黑衣人押送着门图，同行的还有艾尔帕克。他掏出门图潜水衣的巡航仪，轻转两圈目标锁定 “海底”，拿出从伯尼丝处拿到虚妄之匣，正准备跟真理之珠合并。
不远处，已经穿好设备的伯尼丝，抛出了定向绳索，直接冲了下去，一手抓过门图背带，同时带走了虚妄之匣。黑衣人看向伯尼丝出现的方向，却意外发现了角落的艾达二人，拉响了警报。
萨芙见大事不妙，带着信标，准备下水。可是艾达却犹豫地停在了原地。
“门图被抓的时候，不是说好了吗，一起去救他。” “我。”
艾达迟疑了一会儿，她想起伯尼丝担忧的神色，再度抱紧了萨芙。
“走吧。”",743/04/04,碎数研,souvenir,,,1874-3-006,支线章节一忘忧宫,0281
身份证件•线索三,"萨芙和门图和另两个人走散后，在忘忧宫空荡的街道中探索，不久地上的障碍物吸引了萨芙的注意。
那是一具冰冷的尸体，肢体僵硬，全身没有外伤，双眼正常闭合，仿佛在睡眠中忽然死去一样。这个地方处处透着诡异，撤离后的废墟，不曾腐烂的尸骨，以及那张熟悉的脸。
萨芙意识到什么，转身望向身后的门图，只看到他一点点向着尸体跪下去。最后跪在地上，抱起了尸体，无声地哭了起来。
萨芙：“你到底是谁。”
抱着尸体的他，未曾回应萨芙，但萨芙似乎明白了，这是一场梦，他们必须醒来。
但，醒来之后，又该去哪儿呢。
恐惧充斥着萨芙，她为何会有这种想法。",743/04/04,碎数研,souvenir,,,1874-4-006,支线章节一忘忧宫,0285
【影像】时光的废墟,"随着调查进度的推进，我的心中已蒙上一抹诡异的色调。时光流过无水的河床，头顶的宇宙漆黑若空洞，星星的光芒淹没在克劳尔的手电中。他踩在岩石上，指向远处薄雾掩没的方向，白砂拖痕的尽头是搁浅的巨轮。
调查队创立的第三天，我们按照方舟一号航行日志，来到名为黄昏基地的人造星球。
这是虹之战的古战场，战火和毁灭性武器的打击下，曾经遍布在这大地上的恶行，已随着战争的结束散如云烟。现在的这里，除了海水和白沙滩，只有那艘不知何时搁浅的太空巨轮，阻滞着基地的空气流动。
起风了，克劳尔凝视空气中浮起的灰尘：“建造者的影响还在，那艘巨轮不断污染着周围的环境，原本的黄昏基地可没有海洋。” “一切的答案，领航员都知道。” “什么？”
“没什么，建造者的呢喃，扰人心烦的东西。引发污染的源头异想——方舟领航员还在船中。” 克劳尔没有五官的塑胶脸上，清扬起几朵连漪。AI 不受异想污染的影响，想要理解人类的观感，还要多运行几个程序。
我笑了：“去找她吧。”",743/04/05,鸠,souvenir,,,,支线章节二弭刻日,0301
【影像】哈娜,"【那边坐在地上摆弄模型的生物，约是十三四岁的人类少女，柔软的白发齐肩，但就分析结果而言，发丝的材料是发白的塑料丝，非自然光照下，可能呈现任何颜色，我猜测该设计具有特殊的生物功能，如果有机会的话——】
弭儿：你想解剖我？
克劳尔：组织切片，不需要解剖。
鸠：她会读心哎。
弭儿：你要这么想，也行。
【这是异想吗，为何感觉在和一位有自我意识的个体交流？】
鸠：你想离开这里吗？
弭儿：你是认真的。
克劳尔：钻石姬探员，我不建议你这么做。
鸠：正义探员，你也去学学读心吧。
【是我学不会吗，是我的接口不允许。】 弭儿：按照你想的，也不是不行。
鸠：欢迎加入统一治理管理局！你可得好好教你这位前辈啊，你说是不是，正义探员？
【我讨厌谜语人。】",743/04/05,克劳尔,souvenir,,,,支线章节二弭刻日,0302
伯尼丝的研究笔记,"—啊啊啊，为什么这些人这么喜欢用录音纸文件啊。
—又找到什么了？纸质文件的复原步骤可是很考究的，认真点。
—就算你这么说，不行了，休息一下。
—好吧，我来看看复原的部分。",743/05/20,碎数研,bold,,,,支线章节一忘忧宫,0267
萨芙的运动相机•线索三,"【碎数研三号工作室】
—这是什么型号的机器啊？
—这个是波提切利三代！现在最好的运动相机！
—原来有第三代的吗。
—嗯哼，这你就不知道了吧，在第二代开发之后，他们老板克劳尔被无相组织骗到破产，所有人都认为不会有第三代，但实际上，接任的设计师弭儿小姐的已经完成了设计图纸。
—那位啊，我记得克劳尔和弭儿东山再起后，办了时钟链接拉力赛。
—就是他们！第三代设计图纸无法投入生产，弭儿就把图纸卖给一个小集体。但这个集体也很快就倒闭了，第三代只做了不到一百个成品，加上品控问题很多无法正常使用，就算买了，收藏者都以为是小作坊的仿品，当第三代根本不存在。呀，没想着今天见到真品了。 —你小心一点，委托打捞的就是相机的失主，东西要送回去的。
—怎么，怎么会这样⋯⋯",743/05/20,碎数研,bold,,,1874-2-005,支线章节一忘忧宫,0278
奥德修斯港出海记录,"即便是在这不安定的年代，艾尔帕克仍坚持使用纸质文件记录奥德修斯港的出海记录。这个淡蓝色的文件夹看上去分量十足，像一个忠诚却病入膏育的管家，手上还握着主人的家徽。
破碎数据研究组从冗余数据中恢复出了它，这是非常有价值的数据，极有可能隐藏着忘忧宫的线索。",743/05/21,碎数研,souvenir,,,,支线章节一忘忧宫,0292
奥德修斯港出海记录•线索一,"【碎数研三号工作室】
—这两页互印的墨迹，我检查后发现对不上。
—是不是我说的文件页数和文件目录的问题。
—嗯，而且不止一篇，应该是有人删除了底层数据。
—有没有可能，是克洛诺斯？
—我知道你想说什么，名为艾达的个体在那次事件里泯灭了。
—他既然能复活一次，那就能复活第二次。
—哎，谁知道呢。就让过去的留在忘忧宫吧。",743/05/21,碎数研,souvenir,,,1874-0-009,支线章节一忘忧宫,0293
奥德修斯港出海记录•线索二,"以 “门图” 为关键词进行检索，得到的记录：
711/4/14；门图，科尔劳•西林，里尔德；保证金 32MB，未归
716/6/23；桑托•西林，门图；保证金 20MB，未归
723/9/4；门图•佩特曼；保证金 24MB，未归
737/3/3；门图•瓜加拉蒂，克劳尔；保证金 29MB，未归",743/05/21,碎数研,souvenir,,,1874-1-009,支线章节一忘忧宫,0294
纸片,"写着港湾综合图书馆的馆藏编号。
查询结果：《一种异想干涉现实的概念操作方法》
摘要：团队通过解析克洛诺斯之死，运用诗歌传播模因，成功让江源二八六区市民产生 “天空钟” 的概念，即城市上空存在悬浮的巨大时钟。此现象持续了 196 天，与龙宫纪持续时间相同。",743/05/22,碎数研,key,,,,支线章节一忘忧宫,0295
收容报告•小报,"来自《清醒者日报》677 年 12 月 7 日刊，被人私自带出图书馆，再被发现已经沾满不明液体。 
都市传奇专栏：
“感谢读者们一直以来的支持，今日叶子将向您讲述白林中心城附近，那片神秘花海的故事⋯⋯
白林本没有花海，人们用血肉铺平了贫瘠的土地，才就此百花齐放。 ⋯⋯⋯⋯
故事到此结束，希望大家喜欢，我们下期再见。”",767/06/01,中之层收容所,nonsense,,,,额外章节,0383
收容报告•红色蝴蝶结,同主人一样天真又可爱的蝴蝶结，没有什么特别之处。,767/06/01,中之层收容所,nonsense,,,,额外章节,0384
收容报告•红色蝴蝶结•线索一,布料上，隐隐能闻到血腥味儿。,767/06/01,中之层收容所,nonsense,,,,额外章节,0385
收容报告•陶土花盆,种着一株花的、非常普通的花盆。无风时，盆里的花儿也在欢快地摇摆。,767/06/01,中之层收容所,nonsense,,,,额外章节,0386
收容报告•陶土花盆•线索一,产自第五层的花海，花海之中，陶艺人女孩儿和她盆栽小屋是唯一人造的美景。,767/06/01,中之层收容所,nonsense,,,,额外章节,0387
收容报告•陶土花盆•线索二,"花盆被戴蝴蝶结的女孩儿放在他手里的那刻，有什么东西也被放进了心里。
顷刻间，女孩儿如薄纸片般被撕裂，花田变得招摇而狂放，肆意舞动。",767/06/01,中之层收容所,nonsense,,,,额外章节,0388
收容报告•裙底之物,"在即将被完全溶进地狱景象里时，花田又切回了原来的模样。
结束了吗？得救了吗？
女孩儿甜甜地笑着，不作回答，拾起了地上无法被消化的眼球。
自女孩儿掉进花田始，无一人得救；到历史能记述的终末，也不会有人生还。肉体成为养料，灵魂只剩残骸，空洞地见证着每一场杀戮。
花海操纵着女孩儿的影子，小心收好那灵魂的象征，抱着花盆走向了下一个食物。",767/06/01,中之层收容所,nonsense,,,,额外章节,0389
收容报告•裙底之物•线索一,"风吹花海，推排若浪，两人立于大地之上，相视一笑。
“我们做到了。”
“是你做到了。” 蒙面人看着女孩裙下的眼球，它们蠢蠢欲动，探头探脑，似乎在思考眼前的男人会是他们下一个同伴吗。
“你是来带我走的吧。” “对。”
女孩儿在花田里不知度过了多少岁月，又不知吃了多少血肉，她渐渐长大，也终于迎来她的宿命。蒙面人拿出玻璃瓶，她散作无数花瓣，倒吸入瓶，花瓣染红了水，女孩又显现出她的模样，渐渐下沉，像一片失去生机的树叶，析出所有的汁液，只留下透明的茎脉，发现她，透过她，再忘记她。
“又回收了一个，还剩⋯⋯”
蒙面人打开档案快速翻动，档案几乎每页都画上了巨大的红叉，突然他的手指停留，泛黄的照片映入眼帘，那是两个青春洋溢的少女，也是他下次的目标。",767/06/01,中之层收容所,nonsense,,,,额外章节,0390
登入权限：土星•线索一,【夜里，离岗的巡逻员们在交流室打发着时间，队长和 Gino 坐在沙发上喝茶，队长突然提出一个问题】 Dlyro：我们世界是真实的吗，Gino？ Gino：队长？ Dlyro：你可能听不懂我在说什么，可是你难道一点都没察觉到吗。 Dlyro：那些不存在于我们生活中，却常常出现在脑海里的词汇，诗歌，传说，还有回忆，你就没有怀疑过它们从何而来吗。 Gino：我无法回答这个问题⋯⋯ 【那一夜，Gino 不曾入眠】,770/02/28,Gino,key,,,,第一章冰封世界,0039
诗笺#2,冰封世界，融化中。   五神鸟拙追旭日，光携风行列成诗。 春照唤鸠归，剑已出鞘，难再回。 峰上两相遇，针芒相对，淋绦絮。 三寸巧舌嚼不烂，五丈坚岩立俩人。 云开雾散仰苍穹，古韵幽弹檄终曲。 萨里巅，悉听风，风何言，言何语，皆被小儿闲涂。 常言道，东海吞象无尸骨，覆水浇地亦难收。 且叫豪侠驾车迎，连营下榻待新机。,770/02/29,deathMark,main,,,,第一章冰封世界,0003
录音笔Alpa,鸠专用录音笔，纯白色外壳，右侧贴有 mope 贴纸，背面刻着鸠和隼的名字。 装载辅助型人工智能喵 alpa，喵 alpa 没有个人意识，但不时会发出奇怪的声音。,770/02/29,鸠,bold,,,,第一章冰封世界,0008
【录音】山风,记录了异常的山谷风声，如猿啼鹤唳，似虎啸龙吟，前段高昂而悠长，中间归于沉静又生于破晓，进而高潮迭起，空谷回响，结尾绵长如水，波澜不惊，似有精灵细语，传递世界末日号鸣，却因外来者闯入，终究戛然而止。,770/02/29,鸠,souvenir,10min32s,,,第一章冰封世界,0012
两用摩托Trophon,Gino 心爱的雪陆两用摩托，不同于其他巡逻员的坐骑，是队长 Dlyro 魔改作品之一，拥有雪地摩托漂亮的履带和滑板，也可以一键形态改变，收起前滑板，变为机动性超强的陆用摩托。,770/02/29,Gino,bold,,,,第一章冰封世界,0018
诗笺#3,咕。咕。咕。咕。 溲泡泛。   细鳞片鲴炖白蘋，馍汤灌口魄神还。 乐府兴来调琴瑟，秦人似获蛊中音。 驰行冰原二十载，唯闻笛笙青河沿。 求留小憩痴人苑，细问客从何处来。,770/03/01,deathMark,main,,,,第一章冰封世界,0004
【录音】火锅,铜锅里咕噜咕噜冒着热气，毫米厚度的鱼片在浇油汤汁中翻滚，皎白光泽的鱼肉让人浮想联翩，灰黑的鱼皮勾勒了鱼片棱角，和葱花，香菜旋转起舞，在水面划出一道道连漪。筷子轻挑这一块儿，送入嘴中，滋酢作响，入口即化的口感，仿佛让人忘了屋外的天寒地冻；再嘬嘴汤，心也融化在这温暖里。,770/03/01,鸠,souvenir,5min21s,,,第一章冰封世界,0014
宿舍钥匙,鸠和 Gino 的宿舍钥匙，鸠平时别在帽子里。  Gino：鸠，开门。我拿东西洗澡。 鸠：您呼叫的用户正在更换装备，请稍后再拨。 【屋内传出一阵巨响，像是有什么重物倒地，接着隔热门发出连续的闷声，Gino 能想象房间被鸠搞得一团糟的悲惨场景】 Gino：咕咕，你绝对没在换衣服吧！ 鸠：我不叫咕咕！ 【门开了，只穿了衬衫的鸠，左右观望，确认了没有其他人，扔给 Gino 一堆衣服，像极了秘密交易的巷道贩子】 鸠：快去洗澡，十点前别回来。 Gino：你是在翻我的衣柜？【 Gino 定睛瞧，鸠的衬衫正是他的工作服】 鸠：哼，咕咕才不会对你的遮羞布感兴趣呢。 【鸠一把带上门，门带的风压让 Gino 眯噓眼睛，她是不是暴露了什么】,770/03/01,鸠,souvenir,,,,第一章冰封世界,0025
第七小队徽章,鸠加入第七小队的证明，图案为雪原上盛开的银莲花。,770/03/02,鸠,souvenir,,,,第一章冰封世界,0013
诗笺#5,学不会写诗⋯⋯   春天， 万物复苏的季节。,770/03/03,deathMark,main,,,,第一章冰封世界,0006
录音笔Alpa•线索一,鸠会拿它来记录灵感和听到的声音，所以 alpa 里保存着大量难以理解的小样，以及黑历史。  Gino：“这里面都记录了什么？” 鸠：“哥哥说秘密只能和好朋友分享，你是我的好朋友吗？” Gino：“不好说，你觉得呢？” 鸠：“哥哥还说好朋友不会窥探朋友的秘密，所以你不是。” Gino：“咳。您哥哥可真是逻辑大师。” 鸠：“对吧！”,770/03/03,鸠,bold,,,,第一章冰封世界,0009
【录音】踩雪,抓住一把棉花糖样的絮状物，它们是从山的那边飘来的，踩上去有泡沫纸爆裂的声音，似乎除了剥夺人的体温没有什么大用处。Gino 说这是雪，冰原上好久没下雪了，雪是个好兆头，下雪说明有云，有云则有水，水则代表着天气回暖，山中的湖冰融化，过不了多久，深潜湖底的鱼群乘着暖意，迂徊上游繁殖，他们跃出水面，溅滟水花，灵动的躯体，片羽的鳞片在空气中画出生命的彩虹，来年便有新的鱼儿诞生在冰原上了。  “半个月后的渔猎节，你一定会喜欢的。”,770/03/03,鸠,souvenir,,,,第一章冰封世界,0017
两用摩托Trophon•线索一,鸠和队长的关系很好，让其他队员十分羡慕。  Carl：好像队长很喜欢新来的姑娘哎 Theo：你不说我还不觉得，说起来真是哎，是因为可爱吗？ Carl：你也想变得可爱？ Theo：没有的事，别胡说【头冒蒸汽】 Carl：我说你啊，渔猎节去和队长告白吧，明眼人都看得出来你喜欢她。 Theo：我⋯⋯ 【偷瞄远处的队长，Dlyro 正和队员们有说有笑地讨论工作，Theo 思索半天好像做出了决定】,770/03/03,Gino,bold,,,,第一章冰封世界,0019
梆笛,雪原上唯一的乐器，是 Gino 家乡的宝物。  鸠：家乡，Gino的家不在冰原吗？ Gino：说是家乡，其实也就隔壁巡逻队。冰封纪元之后，人们就不再做乐器了，我的笛子是七百年来仅存的历史遗珠，独此一份。 鸠：既然是宝物，又怎么让 Gino 带出来勒？ Gino：师傅说，笛子若得不到感动和旋律的浇灌，就会像其他乐器一样，消逝在冰原中了，嘱咐我常吹常练，才是保护笛子唯一的办法。 鸠：是这样吗？,770/03/03,Gino,bold,,,,第一章冰封世界,0023
【录音】黄莺亮翅,"壁炉中虚拟的黄色火焰缓缓跳动，乐人将梆笛从盒内取出，言，今日欢喜，应奏上一曲。 颤来音扬似晨晓，春意浓，万物复苏，黄莺闹。黄莺闹，翼展驾风飞，啼早，啼早，呼朋唤友，迎春茂。黄莺瞧，枝头绽新芽，白梅好容貌，溪冰绕石漂，鱼跃花间俏。
黄莺笑，抖尽尘雪，亮翅逍遥。",770/03/03,鸠,souvenir,3min42s,,,第一章冰封世界,0024
空投小饼干,超级不好吃的压缩饼干，每周用不知道的方式，空投到巡逻队营地，似乎是物资补给的一部分，随包还送辣椒酱，美乎其名，补充维生素 C。,770/03/04,第七巡逻队仓库/鸠,main,,,,第一章冰封世界,0022
诗笺#4,人类的身份这么重要吗⋯⋯   活物需要名字， 死物也需要名字。 活物为了 厚土埋身 亦存生机。 死物无欲， 只求活着。,770/03/06,deathMark,main,,,,第一章冰封世界,0005
录音笔Alpa•线索三,喵 alpa 是哥哥的大学毕业设计之一，拥有稍高出普通猫咪的智能，平时睡在录音笔中，也会在鸠的个人终端冒泡。  鸠：今天 alpa 好安静啊。 Gino：估计是睡着了。嘿嘿嘿，新人赶快点，不要偷懒，写完报告我们得下班了。【假装严肃】 鸠：哦哦哦，晚上吃什么？ Gino：不是小饼干。 鸠：收到！,770/03/06,鸠,bold,,,,第一章冰封世界,0011
两用摩托Trophon•线索二,对巡逻队的队员来说，摩托侧面的花纹意义重大，Gino 刚加入巡逻队时也想了很久。 花纹设计得很成功，目前还没有人一眼破解密码。,770/03/06,Gino,bold,,,,第一章冰封世界,0020
魇魉角,从无尽深渊爬上来的魇魉身上，割下来的柔软角质，作为冰原食材中最精华的部分，是鱼馅水晶包的包衣主材料。,770/03/07,鸠,souvenir,,,,第一章冰封世界,0026
电磁霰弹枪,第七小队的标配武器，弧形的枪管设计深受队员喜爱。,770/03/07,Gino,souvenir,,,,第一章冰封世界,0027
冰川美食汇,冰封著名美食杂志，编辑部成员来自全界各地，主编是第一巡回救援队的副队长，一个很有趣的新式料理人（Dlyro言）。由于电子版全年订阅即送五升苟驼油，Dlyro 用下属的账号订阅了十份，这可比直接订购苟驼油便宜多了。 鸠：Gino 队员哦，你有没有发现一个问题。 Gino：什么问题啊，鸠队员？ 鸠：这个杂志抽奖，每次都有你唉。 Gino：嗯？中奖了我本人怎么不知道？ 鸠：不信你看啊。,770/03/09,Dlyro,souvenir,,,,第一章冰封世界,0043
冰川美食汇•线索一,"88 期封面：尖椒苟驼酱 “本期取材期间，我们在47营地苟驼的栖息地附近发现了大量一级异想污染的低矮灌木丛，据随队的档案管理调查，这类单叶互生的半木质性植物，应该是灭绝已久的朝天椒，如今被异想污染复原了。我想到很久之前一位老师傅跟我说过，远古时代，辣椒和盐是制作酱菜最好的辅料，如今发现辣椒的我，重燃了恢复古菜谱的想法。
于是我们借着晚上休息，和当地的苟驼猎人买了一条成年苟驼做实验，结果很成功，切碎成丁的小米椒和苟驼肉恰如其分地融合交汇，椒的辛辣和肉的甘甜相辅相成，最后加入少许苷碎，并胡麻，最后的装饰也完成了。那么容许我再次介绍一下本期的封面美食，尖椒苟驼酱。 按照惯例，我们将抽取五名幸运读者送上本期的封面美食，获奖结果会在杂志封底显示。封底：恭喜你，幸运读者 Gino！奖品会在三天内送到您的营地” 鸠：瞧瞧，我随手抽一期都能抽到你。 Gino：这个我确实知道，记得也是唯一一次中奖。 鸠：我手气这么好？不是啦，我们直接看封底呀。 鸠：全是你的名⋯⋯这是什么？",770/03/09,Dlyro,souvenir,,,,第一章冰封世界,0044
冰川美食汇•线索二,93 期封面：蒜蘸丐狖眼 “按道理，异想之物给我们世界带来灾难，是应该消灭的存在，但是丐狖这种废柴，它确实没有危害性，甚至可以说是一无是处，每天趴在河滩上动也不动，肉也没几两，如果不是在它身上检查到了三级异想污染，恐怕已经不在捕杀名单上了。编辑部收到丐狖料理的投稿时也十分震惊，吃什么不好，吃丐狖，等看到是眼球料理，大家却不约而同地啧啧赞许。本道蒜蘸丐狖眼的灵感来自前些日的联合围剿，冰原魇魉大潮过后，投稿人负责打扫河滩战场，走到支流时却停住了脚步，他看到，数百只失去眼球的丐狖死在冰面上，河滩布满了冰原魇魉的狼脚印。传闻狼走过的河滩会长出大蒜，投稿人挖开泥土果然找到了，他想如果把蒜和丐狖的眼球放在一起吃，会是什么味道呢。于是就有了这道菜的诞生，蒜蘸丐狖眼，投稿人提示，淋上了少许米醋，风味更佳。 封底：恭喜你，幸运读者 Gino！奖品会在五天内送到您的营地” Gino：？？？ 鸠：哈！ Gino：我没有吃过眼珠！ 鸠：话说异想之物的眼睛都会发光，丐狖也会发光吧。 【 Gino 看向 Dlyro 的展示柜，正中间的发光眼球标本让他想入非非】 Gino：我觉得吧，这里面有问题。,770/03/09,Dlyro,souvenir,,,,第一章冰封世界,0045
冰川美食汇•线索三,45期封面：骡舌火烧 “梦魇马使用技巧逐渐失传的今天，我们有幸采访到了神技•融通的末代传人，第七小队的 Dlyro 队长。 【视频资料】*Dlyro 队长正在展示梦魇马术 【文件缺失⋯⋯修复中⋯⋯修复失败。滋，滋⋯⋯】 reseting process completed Dlyro 队长说到马有关的美食，提及远古时代有道名菜，叫做驴肉火烧，第八十一小队驻地附近新出现的骡，应该是驴和马的杂交品种，可以代替料理中的驴肉。它们在草甸区大量繁殖，让我们伤尽了脑筋，Dlyro 队长建议物尽其用，骡皮骡肉骡架子，能吃的吃，能用的用，骡肉沾上辣酱烘烤半刻，放进小饼干内食用最佳。Dlyro 队长特别提到，骡的精华在舌头一处，此处肉质最为鲜美，可谓上品中的上品。 我报过半的人员出身于八十一小队，说到底冰川美食汇就是从这个巡逻小队中诞生的。为了感谢 Dlyro 队长的菜单与亲手指导，我们决定日后每次抽奖，都保留一份送给第七小队，以报答 DIyro 队长的无偿协助。”  鸠：原来是送给队长的啊。 Gino：既然谜题解开了，去吃饭吧，现在？ 【鸠突然发现了什么】 鸠：哎，今天是美食汇投寄的日子唉～ Gino：总有一种，不祥的预感。,770/03/09,Dlyro,souvenir,,,,第一章冰封世界,0046
【录音】睡眠,灯未熄，我打开窗户，月亮在白莲花般的云朵里穿行，从远方高塔流转而来的寒风，带着流星吹落屋檐上的雪，转而袭向小屋，那寒意让我直打哆嗦，只能再关上窗，老实躲进棉被。拿出个人终端，打开了之前的录音，我久久未曾动笔。 放弃工作的我，索性看向窗外，隐约察觉到了天空中的异样。 那有一座塔，也不能说是塔，它的直径大到难见边际，顶则高耸入云，云雾作衣，似有飞兽萦绕，若展翅鲲鹏，俯视人间。 那座塔是什么时候建成的⋯⋯ 直到昨天还不在那里。,770/03/17,鸠,main,21min5s,,,第一章冰封世界,0015
【录音】睡眠•线索一,听着 Gino 均匀的呼吸声，不禁地，我打起了节拍，一，二，一，二⋯⋯好轻柔，好平静，是让人安心的喘息。 “你还没有睡？” 旋律戛然而止，他醒了！ “不是说了⋯⋯不要熬夜吗⋯⋯” Gino 摇得床架直晃，我戳戳床板，他又没了动静。 原来是梦话。 啊～～唔。困了。 明天再做吧。 那么今天的日记到此结束。晚安。,770/03/17,鸠,main,,,,第一章冰封世界,0016
鱼篓,渔猎节鸠获得的装备，由魇魉皮蒙肋骨架制成，防水性能极强，是迎接大丰收的必备物件之一。,770/03/17,鸠,souvenir,,,,第一章冰封世界,0028
【录音】鱼戏,捕鱼人蓄势待发，河中鱼浑然不觉，绞叉亮锋芒，霎时间，水花飞溅，河冰染上了弱肉强食与鲜血的颜色。这不禁让人思考，若丰收对人类来说是大自然的馈赠，那对被捕猎的生物而言又意味着什么，是无法抗争的宿命，还是世事难料的灾难。,770/03/17,鸠,souvenir,5min21s,,,第一章冰封世界,0029
发,被冰原魇魉叼走的 Theo，仅剩证明他存在的物件，Carl 死前亲手交给了 Dlyro 队长。  “快跑⋯⋯来不及了⋯⋯有什么⋯⋯从深井⋯⋯”,770/03/23,Dlyro,souvenir,,,,第一章冰封世界,0030
病号服,芬德斯最不喜欢的造型之一，当他拿到巡逻员制服时，病号服被轻易丢弃了。,770/03/23,芬德斯,nonsense,,,,第一章冰封世界,0034
花柄小刀,阿爽在雪地上醒来时，手里拿的刀具。据阿爽言，在遇到芬德斯之前他还在家中，和妻子做饭。  芬德斯：你的情况，我大概明白了。 阿爽：真懂了？ 芬德斯：懂了！反正跟着我走就是了。,770/03/23,阿爽,bold,,,,第一章冰封世界,0035
锦囊,Dlyro 交给 Gino 的锦囊，里面写着她最后一条命令。  “去你和鸠相遇的地方”,770/03/26,Gino,main,,,,第一章冰封世界,0033
0327围剿令,为了应对深井涌出的大量冰原魇魉，众巡逻队组织队中的精英人员，参与围剿活动，队长拿到围剿令后，全队出击，却没有让 Gino 和新来的鸠参加行动。,770/03/26,Dlyro,souvenir,,,,第一章冰封世界,0040
诗笺#1,"逃吧。   事到如今
转瞬即逝的虹 还能逃到哪里去
哪里容得
醉人的花香， 故去的残响， 清醒的思想， 虚构的梦乡。
哪里就是 我的故乡。",770/03/27,deathMark,main,,,,第一章冰封世界,0002
【影像】深井,二人流浪的第五天，遭遇大量冰原魇魉，躲在悬崖岩壁上才摆脱追兵。阿爽坐定，一时间，寂寥无声，万籁俱静。头上是千军铁甲，脚下是万丈深渊，阿爽不得不寻找另外的出路，他环视四周，黑暗一眼望不到边际，注视深渊的湖底，他却看到了自己。阿爽想起来老家的废井，被伙伴推下时看到的也似今日，只不过，过去的井小得装不下一个孩子，而现在的井大得盛不满一颗灵魂。  “我找到出去的办法了。”,770/03/27,阿爽,souvenir,,,,第一章冰封世界,0036
魇皮纸377,写满文字的冰原魇魉皮，鸠只能依稀认出 377 这个数字，目前交给 Alpa 解析中。,770/03/28,鸠,main,,,,第一章冰封世界,0041
魔术棒,Kouma 在垃圾堆里捡到的魔术道具，Kuzumi 正在努力练习，想通过魔术让大家露出笑容。,770/03/29,Kuzumi,souvenir,,,,第二章废土之下,0060
魇皮纸377•线索一,"“解析进度：3%"" “已确定词汇：塔傀儡梦醒”",770/03/31,鸠,main,,,,第一章冰封世界,0042
诗笺#6,光。   流亡时代， 鸢尾将开出花来， 万丈光芒， 穿透阴霭， 拨见云开。,770/03/32,deathMark,main,,,,第一章冰封世界,0007
两用摩托Trophon•线索三,在逃亡中，trophon 被黑洞吸去了它的两只后视镜。,770/03/32,Gino,bold,,,,第一章冰封世界,0021
【录音】黑洞,这是一沟绝望的死水，清风不起半点波澜。 尽兴它洒泼破铜烂菜，纵造不出新世界来。  “记录：3 月份的最后一日，冰原遭遇了史无前例的巨大灾难，从塔上飘下的白灰点燃了所有抗争的战士，巨大黑洞从遥远的地平线升起，又带走了苟活的懦夫。我们疾驰在冰原上，就像队长所说，只有通往萨里山的路受到塔的庇护。”,770/03/32,鸠,main,1min1s,,,第一章冰封世界,0031
【影像】脂球,逃亡中，鸠拍到的奇妙照片，脂肪制的众多黑球，缓慢离开他们主人的身体，在新雪上留下不规则的墨迹。这一点点的不真实和怪异，让她觉得熟悉却陌生。,770/03/32,鸠,souvenir,,,,第一章冰封世界,0032
【录音】光,传说，星星的碎片在大气中燃烧，会形成好看的弧形，而当无数碎片一同落下，它们将化作通天的光桥，带来远方的讯息。没有人曾走进光桥，这是写在最底层的禁忌，若去尝试，他们必会知道光的对面，有一个新的世界。  “走吧，Gino。” “去新世界！”,770/03/32,鸠,souvenir,1min13s,,,第一章冰封世界,0037
登入权限：土星,属于林泊者的联络权限，是队长 DIyro 被吸进黑洞时，留给 Gino 的礼物。,770/03/32,Gino,key,,,,第一章冰封世界,0038
诗笺#7,"开始了吗。   一朝梦醒时分，三神魂归衙里；
香焚茶温之室，心焦氛凝之间。
何故？
优伶无故殁街头，风言诽词遍因特；
瞬发微力熄群愤，急控情报防再传；
仆射迨悲令新官，奔走探实来相报。",770/04/01,deathMark,main,,,,第二章废土之下,0047
诗笺#8,"石林的孩子，你为何不回家   石林，啊，石林 我魂牵梦绕的故乡 它有璀璨的长河 和斑斓的过往 鼓点是它的主旋律 快乐是它的投名状  那里有
油彩泼洒的石柱 矗立四海
披头散发的荒人 自由歌唱  电磁轨道镶嵌着砖石光芒的太阳 机械残骸无意识地缓慢飞翔
那是从天而降的宝藏 带着最后的希望  如今我的父辈 脱去了工装
苦守宝藏
似盐像  我知道他们正在死去 人不能在垃圾上久存 世界也一样",770/04/01,deathMark,main,,,,第二章废土之下,0048
星星的碎片•冬,通过光门时，鸠捡到的神奇石头。似乎触摸它的左上角会发出奇怪的声音,770/04/01,鸠,nonsense,,,,第二章废土之下,0055
【录音】太平鼓,蹈舞摇铃十八调，太平鼓响求太平，泥潭深陷仍作乐，从衢歌声与壤同。 【鸠与 Gino 循着歌声，来到垃圾山前，无数的电子器械被天空的磁力轨道投放到顶端。站在山脚，鸠看到远处的山腰，蚂蚁大小的拾荒者敲着手里的单面鼓，大声唱颂着无人听懂的词句】 【猛地，巨大的机械从上层滚落，正巧砸在了拾荒者的身上，音乐没有停止，可能是身边的垃圾起到掩体作用，他们暂时没有生命危险。】 【 Gino 见状前去帮忙，他一跃而上，参差零落落脚点在他这里成了节奏的舞点，拾荒者的鼓声越发激烈，Gino 跳动的速度便越快，这段路如有神助，很快 Gino 就到了拾荒者的面前，他拖动身旁的工型钢，利用杠杆原理来搬走压倒拾荒者的机械。鸠则费了点功夫，从另侧的缓坡缓慢挪动前行，等 Gino 工程过半，鸠和她的蝴蝶装饰才从下方探出头来。】 Gino：咕咕，你为什么只是看着？ 鸠：私认为 Gino 力大无穷，就算没有咕咕，他也能完成使命的。【只见鸠打开 alpa，找了个有皮革制品的角落坐下，看着汗流浃背的 Gino 偷笑。】 Gino：不干活，你上来作甚！ 【半恼】鸠：完成咕咕组织下发的任务，聆听劳动人民的声音哇。 【被困的拾荒者纷纷看向新来的鸠，鸠也就顺着他们的询问闲聊起来，聊了一会儿，拾荒者觉得女孩讨喜，其中一位摸了摸口袋，还予她糖吃。Gino 瞧见心中五味杂陈，若不是自家的孩子，嫉妒必蒙蔽他的双眼。】 Gino：哎。,770/04/01,鸠,main,5min23s,,,第二章废土之下,0059
诗笺#10,"一路顺风  水燕婴石朔北却，游龙岱滞八荒绝
此去江湖行道远，横船不忘寄纸鸢",770/04/01,deathMark,main,,,,第二章废土之下,0084
录音笔Alpa•线索四,最近鸠产生了个奇怪的爱好，做完录音日记后，再修改它的频率保存在作品里，所以如果听到奇怪的杂音，不如破解看看。,770/04/02,鸠,bold,,,,第二章废土之下,0067
【影像】涂鸦,"拾荒者陷入困境的真实原因：为了翻新涂鸦墙，在找寻颜料的途中迷失方向。
翻新结果：色块堆积的街道，失去轮廓的人形，无意义的文字还有烦躁的情绪充斥着整幅画作
评价：越发抽象，不如不翻",770/04/02,鸠,souvenir,,,,第二章废土之下,0080
诗笺#9,"知识改变不了命运   曾真理虚构左右为邻 真理敬虚构：右厢有礼 虚构割席，相左真理
遂二者同室而不相见 相知而不相言",770/04/03,deathMark,main,,,,第二章废土之下,0049
【录音】叫花鸡,"叫花鸡系中国传统美食，整鸡腌制过，再涂上泥土或面粉，用荷叶包住，最后放到炉中烤，这便完全锁住鸡肉的肉汁，保证鸡肉的鲜嫩，和鸡皮的酥脆金黄。原食谱对食材要求十分严苛，由于地域限制，Gino 使用了野生绿毛鸡，金属含量超标的电池土，还有锡箔纸作为替代。  寻找美味，似乎是我生来的使命，每到新的地方，当地美食总让我流连忘返。五湖四海，八大菜系，佳肴盛筵，茶点小食，香味飘过的街道，就有我的身影，这就是我，超级美食家鸠鸠，欢迎来到我的美食汇觅食频道！【背景声：yeah！！！！】 现在让我们采访一下本次的特邀嘉宾，Gino 大厨！
大厨有什么想跟我们的观众说的嘛～ 【咔呲咔呲，Gino 抱着块“大石头”，专注地往地上砸，对鸠则不理不睬。】嗯⋯⋯那请问大厨，今天做的是什么菜啊。 【 Gino 抬头看看鸠，又想起自己嘴里还叼着凿子，便指挥鸠把旁边的青汁拿来，比划了个喝的手势。】 让我喝了它？【有点苦】什么东西？ 【松嘴说话】“解毒剂。” ！！！！！
鸡倒是挺好吃的。",770/04/03,鸠,souvenir,3min35s,,,第二章废土之下,0063
绿色变异种,"Gino 和鸠在第八区填埋场发现的奇异物种，有着八条腿和六只翅膀，别名绿毛鸡，前普遍认为绿毛鸡是从某知名快餐的基因改良鸡变异而来的转基因生物。
【林泊百科】：绿毛鸡的羽毛熬成的汤，有解除重金属中毒状态的作用。",770/04/03,Gino,souvenir,,,,第二章废土之下,0064
【影像】水塔,石林人赖以生存的装置，每座水塔都被当地居民画上了奇怪的图案和当地编号，第八区水塔的连栏上，就画着八足骏马和一个覆盖在马背上的无限符号。水塔高三十米，宽八米，桶圆状，四塔一组，其中三塔为净水循环系统，后一塔为储水塔。净水装置二进五出，进者，空气，河水；出者，纯水入储水塔，废水流沼池，又分三气顺管而上，进入能源网络，维持循环系统运行。,770/04/03,鸠,souvenir,,,,第二章废土之下,0065
两用摩托Trophon•线索四,"在拾荒者的帮助下，更换了后视镜和轮胎，并装配了广播系统。  Kouma：test，test，trophon 号听得见嘛～ 鸠：Trophon收到！请长官下达下一步指令。 Kouma：Start your engine! 鸠：top gear! Gino：喂喂，你们太兴奋了点吧。 鸠：陪我跑一圈吧，Gino！
Gino：好吧，抱住我，别被风吹跑了！ 【 Trophon 引擎轰鸣，鸠感觉到身下的庞然大物闷声怒吼，进而双蹄离地，强烈的失重感让鸠慌张片刻，她搂紧 Gino，偷偷闭上了眼睛。于是，两人消失在了石林中】",770/04/03,Gino,bold,,,,第二章废土之下,0066
录音笔Alpa•线索五,"深夜摸鱼的 Alpa，偷偷溜出录音笔，在走廊上，被正在画画的 Kuzumi 抓个正着，于是两人度过了一个愉快的幻想之夜。 Kuzumi：哪里来的猫猫啊，真可爱～ Alpa：汪！
Kuzumi：？？？？狗叫？
【 Kuzumi 恍然大悟，举起 Alpa 高呼】 Kuzumi：我懂了，冥冥自有天意，你就是上天赐给我的我的灵感女神！
Alpa：喵呜～～
【被压在 Kuzumi 腿上的 Alpa 发出悲鸣，这个人类女孩在说什么啊。Kuzumi 文思泉涌，小小的便签本逐渐被黑猫 Alpa 的历险填满，猫猫遇到的同伴仿佛是真实存在的生物，在 Kuzumi 的脑中一一浮现，Kuzumi 有预感，这将是一本伟大的绘本。】",770/04/03,鸠,bold,,,,第二章废土之下,0068
锚,"阿爽漂浮在海面上，百层高的船锚挡住了刺眼的阳光，巨大的“JUSTICE”凹雕上沾满了漆黑的油污，他看着橘红的天空，思考着为何会沦落至如此地步，现实不给他思考的时间，芬德斯伸向他的手臂和船锚重合，过度苍白面孔和毛发在阳光下闪着绒光，他提示道：“别松懈，危险潜伏在暗处。”
“到底要逃到什么时候才算安全？”阿爽倦了，他拍开芬德斯，坐起身来。
“不知道，但，”芬德斯起身离开，说道：“我建议你，别回头看。” 只觉一阵胆颤，后浪的推波轻柔地拨动他的手指，又爬上了他的手腕，这刺热的触感让阿爽不敢低头，他朝着芬德斯前进的方向踉跄奔去，离开海水刺热也消失不见，阿爽越想越害怕，跑了很远很远，直到追上芬德斯，他才在芬德斯意味深长的笑眼中，再见船锚。 油污从顶部缓缓融化，像是件脱离了宿主的人形皮肤，在海上摆弄着它，由无数双泥手织成的蠕动裙摆。
芬德斯说道，“这个世界哪里都不安全，强大的罪恶即使在太阳之下也依旧肆意起舞。”",770/04/03,阿爽,souvenir,,,,第二章废土之下,0083
【影像】堡垒,"我们行驶在第十区的中央领域，一座城池大小的堡垒出现在我们眼前，它和各地的混凝土蜂窝立柱群不同，巨大拱形主体横梗在谷底，数百指示塔悬挂于山壁。我收到的求救信号显示，求救者正从堡垒门内向外缓慢移动，直觉告诉我不能贸然行事，一是我们不清楚堡垒内部环境，二来求救者所发信号紧急程度较低，应该没有生命危险。
等待中，鸠朝着堡垒一顿乱拍，她站在摩托上，笑着讲找到了好角度。鸠拍照的习惯是到达石林后才有的，风景，人像，静物，除了自己，都在她的狩猎范围内，说是给新专辑取材，我却不是很认同。 透过相机看到的地方更远，我拜托她顺道瞧瞧有无人出来，鸠敷衍答应，她抬头看着铁锈色的天空，又是快门一闪。 “Gino，有东西出来了。” “哪里？” “天上。” 她手指着远方，一个黑点不断拉扁又还原地向我们飞来，伴随着黑点出现，之前的求救信号突然消失，取而代之，地图上浮出了无数的求救信号，正如山壁中涌出的黑翅鸟类，飞出牢笼。 “快跑！” 我把鸠拉上 trophon，飞速离开现场，车在疾驰，身后却感觉不到鸠的温度，后视镜里，女孩儿正后仰着头，倒摄着鸟群飞来的场面。 “还拍，要掉下去了！”
“不拍了不拍了，越拍越远了。” 鸟群似乎不能离开堡垒所在的山谷，我们一直到离开第十区才敢熄掉油门，我问鸠在想什么。
她翻看照片，过了会儿突然停下，看了我一眼，说道：“还是真人好。”",770/04/03,Gino,key,,,,第二章废土之下,0086
【影像】巢栖道站•线索一,"Kouma 站在石梯高处的平台上，眼前无数擎天立柱直插云霄，九轮红日于轨道轮换，曾十日并出，万物皆照，焦禾稼，杀草木，而民无所食；今民非民，日非日，乾坤倒转，万象星移，悲哉，叹哉。 鸠认床，在拾荒者的聚落如何也睡不好，起的时间正巧，便想着，看会儿日出，等Gino 醒了早些出发。
“ Kouma 早啊～” “小姑娘也来看日出啊。”
“是哦，今天怎么没看到 Kuzumi。” “她出门了，倒是你们，真的要住在第八区？” “临时的，找到前往第三层的入口，我们就离开。” “哎，当初 Kuzumi 和她哥哥也是，离开后再没回来。别这样看我孩子，倒悬之后，石林就没几个活人了。”",770/04/03,鸠,main,,,,第二章废土之下,0087
【录音】晨,"伴随 Gino 笛声清醒，鸠打开终端，Alpa 仍在解析 377文件，列表中一个个黯淡而陌生的名字至今没有消息，她打开便签本写上日期，启动录音笔，默默记录着清晨的声音。 【4月4日晴
登上塔的第四天，我们在拾荒人的帮助下逐渐了解了光门后的新世界石林，并在第八区搭建了临时的家。
石林安静地像过去的冰封，我担忧这也是暴风雨前的平静，临走前 Dlyro 队长的锦囊提到，塌陷现象是条没了狗链的猎犬，贪婪成性，凡是见到的活物都得咬上一口，冰封遭难后，不久就是石林，再接着，存在于塔序列中的世界都将难逃此劫。
可是我们的故事真的会如此完结吗。】",770/04/04,鸠,main,53s,,,第二章废土之下,0069
【录音】晨•线索一,“早饭烧好了，咕咕来吃饭。” “来了来了。”,770/04/04,鸠,main,,,,第二章废土之下,0070
五彩石,石油河尽头的产物，触感光滑，晴天会折射出五色异彩，可以顺着五彩石形成的河滩向南走，循迹找到尽头的吐浑瀑布。 【林泊百科】：吐浑瀑布与无尽海至白林的审判航道直接相连，居住着大量从无尽海溯流而上的异想之物，若非必要通行，请各位冒险者远离吐浑瀑布,770/04/04,Gino,souvenir,,,,第二章废土之下,0071
彩虹绘本,从 Alpa 身上掉出，疑似绘本的文件，生动形象地描绘了一只会狗叫的小猫咪来到彩虹瀑布，与各色神奇生物相遇相知，相伴同行的历险故事。,770/04/04,鸠,key,,,,第二章废土之下,0072
拾荒者令牌,前往第一区中央回收站登记注册，就能领到拾荒者令牌，似乎每层都有这样的身份证明，像极了主题乐园的集章册。 如果是主题乐园，应该有快速脱出的办法吧,770/04/05,Gino,souvenir,,,,第二章废土之下,0061
石林地图,Gino 利用土星权限制作的动态地图，记录了石林三天内人们的活动情况，如他所料，拾荒者的踪迹循规蹈矩，和他猜想的如出一辙。,770/04/05,Gino,main,,,,第二章废土之下,0062
金属臂,此物被发现时，横躺在连接石油河两岸的栖区大桥上，若离了水的鱼，任由形态学的上下端不停摆动，直到能源发光体登上天体球的最顶端，五指感召，贴地直立，远方渐行。 “好像能吃的样子。”【思考.png 】,770/04/05,Kuzumi,souvenir,,,,第二章废土之下,0073
苦杏仁,苦杏仁，性属苦泄，善降气，投喂精神不振 Alpa 最佳。【危险操作，请勿模仿】 来自河对岸第二区的赠礼，因为不好吃，Alpa 分析完，鸠把一袋坚果，分开埋在了第八区的水塔旁的湿沙土里。,770/04/05,鸠,souvenir,,,,第二章废土之下,0074
收音机,Kuzumi 拜托 Fuli 修理的收音机，似乎和鸠小时候拥有的型号相同。,770/04/06,鸠,main,,,,第二章废土之下,0056
巴雷特外壳,在前往拜访第三区管理者 Fuli 的途中，鸠捡到大量不同型号的子弹壳。,770/04/06,鸠,souvenir,,,,第二章废土之下,0077
Fuli雕像,"Fuli 的家建在她本人巨型雕像的下方，雕像是第五区的赠礼，感谢 Fuli 过去给他们的帮助。
“就算是这样，也太夸张了吧！”",770/04/06,鸠,souvenir,,,,第二章废土之下,0078
收音机•线索二,"Fuli：不行了。
鸠：很难修？ Fuli：其实我还没找到它坏在哪里⋯⋯
鸠：我能看看吗？ Fuli：嗯嗯⋯⋯【失去梦想】
【鸠抚摸着收音机的主板，若有所思，她想起哥哥向她的演示，“这个牌子的收音机，设计上有个薄弱点，只要重新焊锡，薄弱点消失，就不会坏了，甚至比其他收音机还要好用。”】 鸠：你点一下这里试试？
Fuli：这里吗【她将信将疑地做了，反正焊错也能重来】
Fuli：真的好了！你好厉害啊，鸠！
鸠：哼哼，哪里哪里，客气客气。 【来到这里，和哥哥的往事便时常浮上心头，但鸠一直没记起，那记忆中的人儿真正的模样，以及她到底从哪里来，又如何到此处的原因。】",770/04/07,鸠,main,,,,第二章废土之下,0058
收音机•线索三,"Fuli：修好是修好了，可我这几天要工作，没法送给Kuzumi。【悲】
鸠：交给我好啦！
Fuli：爱你，鸠！
Gino：嗯？交给你什么，你想做什么？
【这时 Gino 收集情报回来，夜间风大，他乱发狼狈，鸠瞧不过，意图整理反而弄得更乱了】
Gino：别闹了，小孩子要有小孩子的样子，晚上就该睡觉。
鸠：嘤～
Fuli：Kuzumi 也不急，明早你们回第八区路过第六区，顺便送给她好了。那个时间她一般在巢栖道火车站。
【我在地图上没有看到火车站啊，Gino 陷入沉思】
Fuli：车站在第六区的西北隅，通过逐日隧道，再走五百米左右往东转就到了。 鸠：指引 NPC 发言！
Fuli：才不是勒，我怕你们找不到才解释得这么详细。
Fuli：对了，要加好友吗？【眼神暗示】
【Gino 扶额，别啊，鸠还不知道林泊者的存在】 鸠：好友？
Fuli：就是你眼睛向右转三圈，向左转一圈，再从上往下扫，然后会跳出一个界面，界面左侧有个好友键看到没？把我的ID输进去。
鸠：哦哦哦哦，看到了！
【这不是和终端上的一样嘛】
Fuli：我现在把收音机传送给你，它就能保存在系统里了。
鸠：通体了解，不愧是引导 NPC•Fuli！ Fuli：这个梗过不去了？ 鸠：Gino 来加好友啊。
Gino：加完就睡觉哦。
鸠：了解！",770/04/07,鸠,souvenir,,,,第二章废土之下,0075
【影像】巢栖道站,"普通的乡间小站，有着别处看不到的鲜花点缀，在这个世界却异常突兀。
Kuzumi 站在月台上，她在等一班火车，这辆车她等了好久，几十年的清晨，几十年的傍晚，所有太阳与地平线相交的时刻，她都在这里默默等待。她的记忆里，有那么一个人，松开她的手，登上列车，自此再未回头。她还在等那班列车，想把自己画的绘本给他看，想，再见他一面。",770/04/07,鸠,main,,,,第二章废土之下,0079
HQ004班次车票,唯一一辆驶经巢栖道的火车，两人见 Kuzumi 上车后，也购票前往，随后在火车里寻找，却久久没有发现 Kuzumi。,770/04/07,鸠,souvenir,,,,第二章废土之下,0081
液压剂,红色管状剂体，Gino 在第三区生化人工厂发现的物资，有着“生化人专用”的标签。,770/04/07,Gino,souvenir,,,,第二章废土之下,0082
诗笺#11,"为什么我进不去？  公里半径的螺旋轨道，列车缓慢通行
游荡虚空的怪物，呼吸的律动与引擎同频 难逃物理定理， 无妄之灾袭来如期
蒸汽鼓动轰鸣，
齿轮和拉杆也被迫分离
管道进而破裂，
煤气自由了，它想去哪里就去哪里
人们捂住口鼻，
疾走逃离，贪婪汲取车外空气。 回闻鲸鸣绕梁，
她见怪物的眼睛里， 有着一个幽蓝色的废墟。",770/04/07,deathMark,main,,,,第二章废土之下,0085
诗笺#12•战士,"“人是某种应当被克服的东西 反抗—一这是奴隶的高贵。”  七十二年
一切的开端，恐惧的领袖 痛苦腌渍的大理石 刻下无数饿殍 石刻的脉路
搏此刻  再六十年
燎原的火种，灾后的秩序 冰雪流淌的污染物
蒙蔽历史双眼
雾蒙的未来
畜氓虻  一声调起
无关权力与正义
大幕拉起
无关奸逆与仁义
春风吹起
无关实在与主义  冰封再起
何来用意？",770/04/07,deathMark,main,,,,第三章幽蓝边界,0092
诗笺#13•夜之歌,"“我是必定成为光明的！” 我在暴风雨中呼唤；  故事开始，
怎容句号打趸， 八足骏马， 十日凌空，
不过注脚诠释， 寒夜已过， 万物复生，
正如预想演算；  只不过——
——只不过；
“为何黑夜不伴我左右！” 我在甘蔗地上怒喊；  日正当头， 鸦鸣不止， 干热空气， 赤足烫地；  我舔去嘴角咸酸泪， 抹开糊眼沙砾， 草秆堆上，
人们在祈祷黑夜， 同它的降临。",770/04/07,deathMark,main,,,,第三章幽蓝边界,0093
诗笺#14•橄榄树上,"奔跑，蹦跳，游嬉，在橄榄山上。
海风吹角，巨兽鲸鸣，
在橄榄山上，碎石，烂布，菖蒲。
紫的，黑的，油光的，卵石， 透得水冰，润得羊脂。
枝晶，霜花，微观，菌体， 水份渗透，根深茎营。
流体的，原子的，电离的，撞击可见的， 再进入，再深入，再融入， 凝视不可分割的介质， 那是否，
是现实的本质， 抑或像素的锯齿。",770/04/07,deathMark,main,,,,第三章幽蓝边界,0094
诗笺#15•魔术师,"难道你不知道吗？
我在寻找查拉图斯特拉。",770/04/07,deathMark,main,,,,第三章幽蓝边界,0095
诗笺#16•流浪人,"夜晚，牛嚼云丹。
于海岸， 背上行囊， 流浪人，
在寻找答案。
飞轴转动， 故事承前。  入世沉浮风渡， 淘沙运浪空留。
月上柳梢， 子午。",770/04/07,deathMark,key,,,,第三章幽蓝边界,0096
【影像】Fuli Auto Shooter!,高山，洼地，草丛，林间，还有它的裙底，所有能藏匿的地方，所有平静午后的怅望，都暴露出他们的真面目，硝烟和子弹是她的前奏，炮弹和电流遥跨天际，失控者一个个倒下，紧接着更多的自律机器加入他们的队伍。Fuli 双手前伸，穿界之门于此显现，此地不宜久留，子弹总会打完，而敌人不会减少，唯一存活的方式，只有离开。,770/04/09,Fuli,souvenir,,,,第二章废土之下,0076
诗笺#0,摘自 Phigros 计划   曾有流浪人 未受洗礼 未信神  攀似绿箩藤 圣石登宵 持剑诰  我要这 穹顶降镐 地霜共冰消 渊无饥骨 路非遥  垂髫闻 沉思莞尔 教后生：何不 振臂筑塔 通云霄      ——2089.10.27,770/05/21,镜,main,,,,第一章冰封世界,0001
里表舞厅,【灰白色的空间，台阶螺旋向上，又连接到起始的端点，四下空无一人，唯有一外来者灰头土脸地抬头望天，她叫鸠，独自从幽蓝边界漂流而来。】 鸠：Gino？ 【 Gino 是她曾经的同伴，如今不知去向，她现在只能靠自己探索了。】 鸠：【深吸口气】GINO——！ 鸠：哎，刚才还在的。 【鸠放弃了继续寻找同伴，她绕着地面徘徊了许久，没有找到出口，便开始摆弄地面上散落的旧物件，其中一个破碎的皮球吸引了她的注意。皮球的表皮被尖锐物划出三道裂口，橡胶外翻，随时有爆开的可能。裂口平行排列，深浅不一，不像是多次留下的，更像猫科动物的爪子扒球的抓痕。】 鸠：老虎？狮子？不太可能，那该直接破了才对。 【捡到球的地方，靠近亮区的边缘，仿佛在暗示什么。鸠为了确认，再次看向天空，漏出光的地方正如三道裂缝，她即刻想到了两者间的关系。】 鸠：我在这个球里？有可能。 【她把球放回亮区，又往上走了两段，回头再看，皮球原地转动了半圈，这证实了她的想法。鸠加快脚步，跑回原地，立马撕开了皮球，果不其然空间越来越亮，楼梯接连摊开摊平，像她手中的皮球一般。破碎翻开的皮面上，画着头尾相连的四层台阶，而她正站在凹凸起伏的山丘上，遥远地眺望着。】,770/05/21,鸠,souvenir,,,,第四章管道迷宫,0108
里表舞厅•线索一,"【山丘会移动，鸠望着地平线不断增加的嶙峋，停下了脚步。不能再走下去了，这样没有意义。这里是地球吗，她再次问道自己，从冰封出来之后，种种超乎常识的体验，让她没法确定，自己是否来到的 “地上”。也许这只是一个虚拟游戏，她在睡梦间无意登录了这里。2089 年游戏产业早已迈入新时代，人们在各色虚拟空间开启第二人生，有这么一个不为人知的漂流空间，也不足为奇。】 鸠：怪不得我瞧 Gino 面熟。 【 Gino 很有可能是虚拟人物，但新的问题出现了，如果这里不是现实，她又为何不能醒来。】 鸠：说的也是，到底为什么？ 【她皱着眉头，看向天空。】
鸠：那么你又是谁？",770/05/21,鸠,souvenir,,,,第四章管道迷宫,0109
里表舞厅•线索二,"【天空冲破束缚，山丘散作尘沙，鸠又回到起初的昏暗房间，此时正中的位置摆放着一台频闪不断的单色屏街机。鸠走进这台机器，只见上显示出一行文字：“输入你在思念的名字。” 】 【她思索了会儿，将手伸向K的方向，Kuzumi，这是她的回答。】 【“回答正确。” “奖赏时间。” 应答结束的机器消失在了沉默中。】 鸠：那么接下来—— 【房间深处，有一束光照亮，它将此定位为舞台中心，捧着花束的小女孩突然登场，她背对着来人，轻轻地歌唱。鸠走进，再走进，她谨慎地提问。】 鸠：Kuzumi？ Kuzumi：哥哥，你回来来找我了。太好了，我终于等到你了。 【女孩儿的眼里闪着泪花，细看却又空洞无物。鸠想起女孩一直等待的原因，更找到了离开的办法。】 鸠：给，你的收音机，下次不要再弄坏了。
Kuzumi：嗯！
鸠：我要走了，Kuzumi。
Kuzumi：哥哥，不能和我留在这里吗，我，我不想你离开。
【鸠摇了摇头。】
鸠：我在未来等你。",770/05/21,鸠,main,,,,第四章管道迷宫,0110
迷猫•线索一,"他们分开了两天，Gino 也就在城镇上闲逛了两天。他非常不幸，或者说幸运地，没有窥到一丝幽蓝国的秘密。 这座小镇的建造时间不明，气候变化不明，居民种族不明，有两足行走的怪笑猫咪，也有行动缓慢的老年人类，各类动物肆无忌惮地闯进城镇，半米高的猫被踩得一滩又一滩，居民对此早已习以为常，依旧闲趣说笑。Gino 匆忙躲闪，视野之余瞥见一路过的老媪。 她冷呵呵地笑，走在 Gino 的眼前，浑浊的双眼却给人一种错觉，仿佛直勾勾地透过头颅，凝视着青年的后脑勺。虽然她半天没有反应，但Gino 不敢转头离开，有一种如果真被看了后脑勺就会发生不好的事情的感觉。
老人开口了，她的声音并不衰老，但莫名轻浮。 “只要能找到一个不存在的空房间，里面就会有你想要的东西。”
Gino 此时还不明白老人的用意：“我没有特别的东西要找，我只想知道这里有餐馆吗。”
“这里只要不想吃东西，就不会饿。” “这里是哪里？” “我不知道。” “你不知道？” “为什么要知道，等等⋯⋯也许我只是忘了。知道又如何呢？听上去就很麻烦。”",770/05/21,Gino,souvenir,,,,第四章管道迷宫,0120
诗笺#17 Zer0,"必然的背叛，无非发生早晚， 耳边的轻语，忿恨溢出言喻， 她逃不了了，
她只能飞向天空， 飞向无人问津的孤岛， 萧条冷清的大街， 把歌声卖给现实， 将过去关在过去， 让未来回归山野，
回归那羚羊粘了雪花的墨眼。",770/05/23,deathMark,main,,,,第四章管道迷宫,0103
里表舞厅•线索三,"【这里没有任何基础，因为这里就是基础。鸠行走在海洋的背面，银背的鱼群聚如繁花，游似雁阵，巨鲸潜行，轻哼着远方的歌声，它的背上隐约驮着一座金顶华殿，形制随着水流不断更改，没有定型。】 鸠：快看，是过场里的！ 【顺着她的视线看去，海岸线若拂晓的弧光，于足下升起，各类海侵导致的奇怪礁石，不得不让人想到《橄榄树上》里的场景。】 鸠：应该就是那里了，幽蓝国。 【鸠还不清楚前方有什么在等待着她，但她的直觉告诉她，Gino 很有可能也在那里。】 鸠：Gino！
鸠：看来我们距离通关不远了，打 Boss 前首先是集合队伍！ 【她已走进浅海区，主体的重力方向改变，岛屿的全貌映入眼帘，那么接下来她该做些什么呢？】",770/05/23,鸠,main,,,,第四章管道迷宫,0111
空投小饼干•线索一,进入管道迷宫的第三天，鸠从口袋里摸出一袋小饼干，陷入了吃还是吃的沉思。最后两人就着辣椒酱吃完了最后的存粮。,770/05/23,鸠,main,,,,第四章管道迷宫,0118
迷猫,"“上面掉下来好多像是食材的东西，要不要做成食物。” “虽然肚子还饿着，但是不用了，好像很麻烦。” “是啊，好像很麻烦。” “太麻烦了，活着好麻烦。” “死是不可能死的，死了更麻烦。”
这里的猫会说话，喜欢把很麻烦挂在嘴上，是谜一样嫌麻烦的生物。起初鸠还觉得有意思，但听得久了之后，枯燥无味好麻烦。自从荒芜一片来到这像是城镇的地方，也不知过了多久。总觉得天应该黑了，但却不见太阳落到地平线的边缘，抬头一看，却是连太阳也没有，天只是亮着。
“为什么死了也会麻烦？”鸠问道。
“死了还会再活，活了还会再死，不如一开始就不要改变。” “是啊是啊，现在最好，现在不麻烦。” “现在不麻烦。” “不动不麻烦。”
“出不去就麻烦了。” Gino 啃着小饼干，有一搭没一搭地加入他们的对话。",770/05/23,Gino,souvenir,,,,第四章管道迷宫,0119
管道迷宫,"“79” 中心地带有一座市民大厅，它采用传统的罗马多穹顶设计，占地约两干平米，外设五道大门，一道主门共有八道合扇位于第一层，四道侧门分别在第三层会议室朝北处，第二层水库管理处办公室朝南处，以及地下一层综合商业设施西门东门。
但据迷猫们的描述，市民大厅的体积远不止表面，它的通风管道四通八达，路线复杂，环环相连，不见尽头。人们可以通过管道，抵达不存在的房间，因而此地又被称作管道迷宫。",770/05/26,鸠,main,,,,第四章管道迷宫,0121
管道迷宫•线索一,"Gino 和鸠正准备出发，远处平房传来一个诡异的笑声。
“你们要去管道迷宫？你们两个？”
坐在竹质躺椅上的老人咯咯直笑，强迫症般不停磨搓着指节，蜡黄的皮肤褶皱起伏，自掌纹一直攀到脖颈，她说每句话都用尽全力，浑身肉眼可见的颤抖。
“你们要的不在那里，它不该在那里！”
她猛得扑来，Gino 正想采取措施，却见鸠的右手一挥，他们面前升起透明墙壁两道，老人就这样被夹在中间，动弹不得。Gino 不解地看向同伴，这种力量超越了他的认知，或者说他对鸠的过去产生了疑问。
鸠也觉得不可思议，她只是产生了让老媪停下的想法，不知为何就做到了。
老媪依旧大笑不止，她笑骂道：“没有人能逃离这里！哪怕是你也一样！” 她在跟我说话，鸠明确感觉到了对方言语中的指向性。
Gino 更在乎为何老媪和前些天说的不一样，是因为鸠的加入吗，鸠到底有哪里不同？",770/05/26,鸠,main,,,,第四章管道迷宫,0122
管道迷宫•线索二,"“ Gino，是你触发了什么装置吗？” “没有，你那边什么情况？” “我这边黑了。” “是不是断电了。”
Gino 快步走向黑暗，手上搓得游戏币铮铮作响，金属摩擦的噪声维持着他对世间的感知，鸠的呼喊声忽远忽近，让他难以估计二人间的距离。他下意识地拽紧袖口，掏出腰间的手枪，常年的军旅经验告诉他，突然的停电绝非电路自然损坏导致的。
“别过来！有士兵种！”鸠喊道。
风的流向变了。
这是他的感觉。 远方爆出刺眼的亮光，接着是几道或红或紫的光刃，又伴着少许空间扭曲的恍惚。粘稠的液体，反射着模糊光影，围绕他的鞋底游走，他抬头看到鸠在光芒的薄壳里，满脸惊讶，又有些不知所措。
战斗停止，鸠所处的地区也恢复了供电。
“那是什么，自主防御措施吗？” Gino 问。
“我不知道，或者说我忘记了。” 她顿了顿，“被幽蓝边界吞噬后，我想起了很多，又感觉什么都没想起来。”
失去联系的语素，不再构成语言，Gino 默默道。
“不提这些了，你会想起来的。我找了枚游戏币，你那边有发现吗。”",770/05/26,鸠,main,,,,第四章管道迷宫,0123
街机游戏《催眠》,一台可以让玩家快速进入催眠状态的街机游戏，印有 HDP2 开头的序列号。游戏内容为很简单的平台跳跃，需要双人合作，部分内容需要两名玩家同时做出完全相反的动作才能通过游戏的关卡。进入催眠状态后，玩家的身体会离开游戏机，但却认为自己仍然在进行游戏。尚不明确为何会进行这样的设计，而且这个催眠状态需要特定条件醒来。截至报告提交，所有醒来的测试人员均在醒来时忘了特定条件的内容。,770/05/26,鸠,souvenir,,HDP2-HTET,,第四章管道迷宫,0128
街机游戏《瓶瓶罐罐》,"萌系画风的第一人称射击游戏，以独特的平视 3D 视角，开启打砖块新时代。游戏内的瓶瓶罐罐有四种材质，分别为普通受击物、多次受击物、弱点受击物、陷阱受击物，玩法內射击瓶瓶罐罐，解救出每层的同伴，即可到达终点。
无图版宣传标语：
帮助小动物从罐子里逃出来吧！
寻到器皿弱点，猛烈攻击，救出同伴！
升级装备和能力，更好地打罐子吧！
不要打到同伴哦，好痛的 ( ；´Д｀)
将救出的同伴作为子弹射出吧！别打到瓶子里哦——",770/05/26,鸠,souvenir,,HDP2-PPGG,,第四章管道迷宫,0129
游戏币,"老媪的疯狂并不能阻止他们的行动，Gino 质疑过消息的真实性，但除了去管道迷宫，他们也没有其他的选择了，无论前路如何，都值得试试。
“膝盖好痛！” “忍着吧，就快到了。”
二人一路走过十数个房间，里面不乏空置的，但都没找到他们想要的东西。他们正在前往的入口通往一个昏暗的大厅，只凭目测很难判断里面到底有多大，不过一眼望去，到处都是打开的隔门。几乎每扇门都从一片漆黑里向外扔出五颜六色的光点和音乐。里面像是许多房间被挤在一起，交叠的部分被利落地切除，曲折的墙壁就这样连成一片。每一个小隔间中，都摆着一台正在闪烁的电子游戏机。
“街机厅？”
“哎，有游戏打！” “这会儿膝盖不痛了。”
“哎呀，劳逸结合嘛。不过，这么多房间，我们要一个个找过去吗？” “我们还不清楚空的定义，恐怕真要如此了。” “大概是不必这么费劲的。”
鸠边玩边想，这边的游戏机不需要投币，她玩得不亦乐乎。
而 Gino 调查了几排隔间无果，开始搜索街机厅其他的基础设施，希望能找到点线索。
他走到第三个提供碳酸饮料的柜台，在水槽里发现了很让人在意的东西——一枚游戏币。
另一边的鸠站在《Phigros》之前，盯着屏幕上巨大的三个字 “请投币” ，陷入了沉思。",770/05/26,Gino,main,,,,第四章管道迷宫,0140
管道迷宫•线索三,"地上留着几根被扯断的线头，从地板上的一个小洞凌乱地伸出来。
鸠的视线划过曲折的墙壁，注意到更深处一个洁白的房间。那个房间十分独立，和周围的墙壁没有任何交叠，就像是被一群打乱的积木中唯一一个保持原始位置的方块。
两人来到那个房间，地上有一个完整的小洞，但是没有任何被扯断的线头。这里便是投币后所见的房间，一个本该有东西，却失去内容的 “空” 房间。
“就是这里。” 鸠仍有些不敢相信，但她的直觉告诉她是这里，不得不说，她的直觉一直很准。
Gino 看向屋顶的空洞：“ Alpa能追踪到他吗。” “也许，可以？”",770/05/27,鸠,main,,,,第四章管道迷宫,0124
街机游戏《Phigros》,和个人终端上使用的操作系统 phigrOS 同名的街机游戏，制作者不明，游戏开局需要连接个人终端作为感应器。因为至今没能成功开启，因此我们还没搞清它的具体玩法，但从外包装和登陆页面的美术要素中，可以初步断定该游戏属于音乐游戏这一分类。,770/05/27,鸠,souvenir,,HDP2-PGSL,,第四章管道迷宫,0130
管道迷宫•线索四,"Gino 在一个小房间中醒来，他发现自己睡在沙发上，但鸠则在一旁的卧床上躺着。
墙壁与地面均是平整的，而且有着适当的家具和生活用品，和一个朴素的门。Gino 还在犹豫要不要去打开门的时候，门把手轻柔地旋转了一下，门被推开，走进来一个面如缟素的男人。他的身形不算消瘦，亦不算健壮，和外面的人不同，他的脚步十分清晰，每一步都完整地抬起，丝毫不曾刮到地面。
“你们从哪里进来的？” “我⋯⋯”
“你不知道么？” Gino 刚想要回答，却被已经醒来的鸠打断了。
“小子，我可不会给你留后门。”
小子，是指他，还是鸠？Gino 本能地觉得鸠和对方认识。
“是你把游戏机拿走的？” “是又怎么样。” “你通关了吗。”
“没有，你是在讽刺我吗？”
Gino 环顾四周，有沙发，有茶几，有桌子，还有一台街机。是的，有一台街机。这个在稍微不寻常的家庭中算是很普通的物品，而且对于刚从街机的海洋中爬出来的两人来讲，这简直是最普通的物品了。",770/05/32,鸠,main,,,,第四章管道迷宫,0125
录音笔Alpa•线索六,"迷宫的过境贴纸过于美丽，鸠保留了下来。 
鸠：alpa 花里胡哨计划启动！
【录音笔里的 alpa 似乎有轻微的不满，可连绵不断的睡意让它重回了梦乡】",770/06/01,鸠,bold,,,,第四章管道迷宫,0134
游戏币•线索一,"一道彩虹指引着他们前进的道路，直到管道迷宫的尽头，一路走来道路两边鲜花绽放，幽香四溢，旷无天地间，白茫茫空荡荡，却不压抑，心中敞亮。
“这里也要投币吗？”
不知去哪儿的鸠，回到队伍之中，她指着远方藤蔓缠绕的售货机，手里拿着一枚游戏币。
同行的素檀，还没接受 Gino 不过几下操作便通过游戏的事实，他以前也尝试过同样的路线，却没达成同样的结果。
“有人在和我作对。”
“嗯？” 鸠回头，不解得问道。
“我不能再过去了，你们看不出来吗。” 素檀展示手腕上的锁链，那物什有形亦无形，束缚着它使命中的猎物。
Gino 回答他：“你不想离开这里。” “你从哪里得出的结论？”
“像素塔是个心想事成的世界，在这里你可以成为任何人。你理应能做到一切，但你不愿意这么行动。”
此时，鸠已走到售货机前，她按下 “管道迷宫纪念章” 的按钮，很快一包塑料包装的小物件掉了出来。她拆开包装，立刻走到素檀身边把印章盖在了锁链之上，这锁链瞬时应声破碎脱落。
“走吧，离开这里。”",770/06/04,Gino,main,,,,第四章管道迷宫,0141
诗笺#18 人•影•世,"桥头岸上，人影婆娑， 小儿驳船经过， 船首推浪层层波， 思恋几何多，
故人足下，澈湿衣蓑。 
夜雨连绵，人世蹉跎， 碎玉盏碗铜锣， 鱼灯点影锵锵钵， 憾事犹未果，
今人回首，寂若山火。",770/06/04,deathMark,main,,,,第五章霓虹灯牌,0142
游戏币•线索二,"Gino：我们出来了。
鸠：是之前的游戏厅！但又不完全是？
素檀：我们已经不在管道迷宫了。【他打开游戏厅的大门，潮湿的水汽扑面而来，户外车水马龙，行人神色匆匆，除了难以消解的潮湿，与普通的摩天都市并无差别。】
素檀：这个地方完全没有变。
鸠：外面在下雨哎，哇，好多灯牌，好炫酷！哎，怎么上面写的都是人名啊。
素檀：你这家伙！
【她分明都知道，素檀本想这么说，心中却升起些许疑惑，迷宫里她的行为举止太过奇怪，不知道他们所在的世界不是现实，也不知道那个游戏机是什么。】
Gino：所以你们现在什么打算？
鸠：我吗，我，肚子饿了⋯⋯
素檀：这里是像素塔，你怎么可能肚子饿！ 鸠：那可能，你们说的那个现实里的我，肚子也饿了？
鸠：【打开导航】附近有个百花大街，好像有很多吃的，我们先去搓一顿吧！
【鸠说完就准备跑路，却被素檀拎住了命运的后脖颈。】
素檀：你们现在最重要的事，应该是找到这里的楼层守护，让他把你们放走。你们不是去过石林了吗，见到机关枪了没。
Gino：如果你说的是 fuli 小姐，我们确实见过，她让我们坐火车去霓虹，再去港湾，只是中间发生了事故，现在列车都停运了，这条路也断绝了。
鸠：对哦，阿吉托运的摩托还没拿回来。
素檀：摩托过会儿去火车站领就是了。这么说吧，像素塔的下四层，冰封、石林、阿特拉斯、霓虹，每一层都有个像 fuli 一样的楼层守护负责处理紧急事件，而霓虹层的楼层守护你们也很熟悉。
Gino：你是说尊师？ 素檀：不然还能有谁，难道这个人不成？
【 Gino 随着素檀的指向看去，只见鸠窝在墙角，不停摆弄着雨伞，像是没见过这种形制的物件。】
鸠：我？我来做也不是不行。【意识到了什么】啊，要让我干什么来着？
Gino：【扶额】算了，我们还是先去吃饭吧。那你呢，你什么打算。【看向素檀】素檀：我只是个过去的倒影，到时间自然会消失。
鸠：咦，听上去有点悲伤。
素檀：【拳头硬了】你最好是。",770/06/04,Gino,bold,,,,第五章霓虹灯牌,0149
两用摩托Trophon•线索五,"trophon 因为寄放在货厢提前到达第三层，沦为仓库管理员，业余发明家布兰达的试验品，侥幸拥有了极其不稳定的飞行能力。 
Gino：都说了这是我的摩托，所有证件都在这里，为什么不能提？
布兰达：仓库规定滞留时间超过两个月的货物，必须得到站长的签发证明，并且缴纳滞留金才能带走，所以在站长回来之前，我没有权利给你。
【布兰达躲在报纸后面，暗地观察着和 Gino 一起来的鸠，小姑娘摆弄着头发也不知道想着什么。他怎么也没意料到，那辆摩托真有人来拿，要是被人发现了他做的改装，可不是丢了工作这么简单的】",770/06/04,Gino,bold,,,,第五章霓虹灯牌,0150
旅馆房卡,莲渡开设的，供外来务工人员居住的小旅馆；价格便宜，地段较偏，但离地铁站很近。布兰达为了不让 Gino 和鸠说出自己的违纪行为，将自己在莲渡旅馆的房间供给他们居住。,770/06/04,鸠,souvenir,,,,第五章霓虹灯牌,0151
便签板,"旅馆前台右面的墙上常年悬挂着一块巨大的刨花板，红色胶纸被裁成“公告栏”三个字的形状，贴在了板子正上方。
在霓虹常年不散的湿气浸泡下，板面的漆皮从底部蜿蜒开裂，露出了底下微微发涨的木屑颗粒。莲渡看着生厌，便置备了各式便签和彩笔摆在前台边，不需多少时日，那条条裂缝便被联翩的便签所淹没，如同漆黑木枝上抽出了斑斓叶片。
不知哪代租客在离开前留下的一小筐刀纸笔胶，打破了便签形制的局限性。现如今，这里成为了住客们大洒灵感的地方，周边小吃测评，散漫文雅的词句，无意义叫喊，剪纸作品，广告宣传一应尽有；住房问题反馈反倒成了次要的衬托点缀。",770/06/04,莲渡,bold,,,,第五章霓虹灯牌,0152
便签板•线索一,"将摩托就近找了个车棚放下，二人一路走走停停，抵达旅馆时已是傍晚。
Gino 收起伞，站在门口抖了两下水后交给鸠，叮嘱她把它折好放进门口的伞桶里；
鸠郑重地用双手将其托过，前脚一脸严肃的点了点头，后脚就趁着Gino 进旅馆内部探路的空档在四周溜达起来。
等到 Gino 回来时，鸠已经火热的投入了她的便签板补完计划之中，脚边围了一小圈的五颜六色碎纸屑。 
“ Gino，看！”鸠转过身来，举起手里鸽子形状的纸片。
黑边没裁干净，看起来剪得十分草率；鸽子的头部用红黑油笔匆匆地画上了四个攒成一簇的扁圆，Gino盯了半天，才勉强辨认出来那是鸠的头饰。
“你这不是暴露自己了么。”
“咕咕可不会这么大意的！” ⋯⋯ “还要多久？” Gino 从桶里拿起被鸠捆得皱皱巴巴的伞，一点一点梳理整齐后放了回去。
“差一点点，一点点！”鸠则踮起脚尖，努力把便签往高的贴。
Gino 看不过去，从鸠的手里接过便签，一伸手拍到了最高处，然后火速推着鸠去认路。
便签上写了什么，下次再看吧。  等两个小孩互相拌着嘴上了楼，莲渡叹了一口气，端着烧好的水从厨房里钻了出来。
方才 “她” 盯着板子看了颇久，久得让莲渡有些不安；给自己沏上茶，莲渡起身审视了一遍便签版，挑出其中几张撕下。
“是没去关注，还是没解出六道虹的密语暂时搁置，又或者故意没有道破？” 茶叶在水中翻滚浮沉。此时雨下得颇密，空气流通不是很好，莲渡坐回前台的藤椅上，伸手将窗户拨开一条缝，散一散这浓过头的茶香。",770/06/04,鸠,bold,,,,第五章霓虹灯牌,0153
锈色羊角锤,锈色羊角锤为进入六道虹集会的密钥，只有通过测试的个体才能获得，锤柄长六寸，锤体横截面两寸乘八分，通体呈点阵状生锈，图案对应领取个体的代号编码。,770/06/06,莲渡,souvenir,,,,第五章霓虹灯牌,0191
六色之虹,"隼：第六个。
【他从大衣的内侧口袋掏出一张泛黄的照片，其上正是莲渡的面容。】
Dlyro：您也是不客气。哟，熟人啊。
隼：最后一个。
Dlyro：我知道。
Dlyro：说起来你们以前也是朋友，有必要做的这么绝吗。
隼：和规则作对，他就该想到有这么一天，这对你也有好处，不是吗，咳——咳咳！
Dlyro：还有多长时间。
隼：没几天了，他回来了。
Dlyro：这也是规则？
隼：他是自由的，我们不是。",770/06/12,Dlyro,key,,,,第五章霓虹灯牌,0157
晚归来,"烟香弥漫，钻进门缝，闯入雨中。
闻之，
掷伞紧奔，故人不见。
夜息清冽，那是谁家午夜梦回。",770/06/15,Gino,main,,,,第五章霓虹灯牌,0158
便签板•线索二,"【公告】
若深夜听到敲门声，请勿打开。当前情况暂未查明，本店无法对您的安全作出保障。  这两天便签版上多了不少投诉的内容，大抵都在说有人大半夜恶作剧在旅馆里挨个敲门，害得他们心慌睡不安稳。
吉诺的直觉告诉他这与他昨夜里错过的那个人有关，可惜证据几乎是没有，想要深入调查下去，还是先得从旅馆老板那里探探情报。  “莲老板，这几日半夜有人扰民一事，你可有什么头绪？”
莲渡摇摇头，发丝杂乱，看来也被闹得憔悴：“目前只能定性为恶作剧，即使是报警也不会有什么结果。” “旅馆里有谁抽烟吗？” “不少人。公共场所禁烟，他们一般都在旅馆门口或者房内抽。” “薄荷烟。有天晚上我在旅馆里闻到了薄荷烟的味道。”
“哦？外香型？长住本馆的皆是些粗人，不见得会爱抽这类过甜的⋯⋯你意思是它来自于夜里不断敲门的那位？”
“不打包票，但是对方确实给我一种特别的熟悉感。”
莲渡沉默，收起自己常用的茶缸，又取出两只缠枝莲纹压手杯，提壶斟上七分满，双指屈起前顶，将其中一杯推到吉诺面前。
“他是冲着我来的。”莲渡垂目苦笑，“ 十分要命，不然我也不会一直待在这里。” 他需要一个与杀手正面谈判的机会，而吉诺恰好就是创造这个机会的关键。
“当然，粉饰太平不是我喜欢的作风。如果你真的想知道他是谁，今晚他来的时候，帮我抓住他。”",770/06/16,Gino,bold,,,,第五章霓虹灯牌,0154
便签板•线索三,"浓烟滚滚，不时能听到周围房客的惊叫，Alpa 驮着鸠在走廊上飞奔。旅馆出口曙光在即，鸠在颠簸间勉强睁眼一瞥，恰好看到一张边角黏附着引燃火星的便签—— 【馆长今晚不在，有事请留言在该条下。】  ⋯⋯  消防员从旅馆出来，示意火已经灭了，众房客这才松了一口气，纷纷按指示从外部把窗户尽可能地都打开，方便烟尘散去。  鸠捏着鼻子悄悄探头看了一眼，几乎所有家具都蒙了厚厚一层灰，地板上泥水浓妆淡抹，不甚美好；便签版成为了重灾区，大概是不能要了，鸠为上面的美食指南感到一阵可惜。 “小姑娘，不要着急，门框顶上也是有灰的，落头发里可就不好了。”
听闻此言，鸠赶忙缩了回来，循声望去，消防员正坐在旅馆门口的台阶上休憩，防火服没有脱，似乎是不想淋雨。
“火焰只在一层有所蔓延，在触发烟感报警器之后基本都被浇灭了；上面的房间没怎么遭到破坏，天黑的时候差不多就可以重新住进去。”
鸠乖巧地点了点头，悄悄扭过身打了个哈欠。半个晚上都没能睡成，旅馆这会儿也进不去；正苦闷当头，终端上 Gino 发来了消息。
Gino：【位置信息】
Gino：我忙完了。在这里汇合，吃早餐。
鸠：收到！",770/06/18,鸠,bold,,,,第五章霓虹灯牌,0155
便签板•线索四,"【公告】
前日旅馆意外失火事件，最终查明为电热烧水壶温控器失效所导致。
本旅馆对此给你带来的不便致以真诚的道歉，我们决定免除受波及住户本月的所有房费，祝您生活愉快。",770/06/18,素檀,bold,,,,第五章霓虹灯牌,0156
药箱,一应俱全的小药箱，是每座温暖小屋的必备之物，莲渡总觉得摆在外边占地方，于是把它塞到了厨房柜子里。,770/06/18,莲渡,bold,,,,第五章霓虹灯牌,0159
药箱•线索一,"午夜时分，莲渡一改过去的游击策略，坐在灯灭漆黑的厨房里，静待不速之客的到来。
咚，咚，咚。
熟悉的三下扣门声响起，莲渡唤醒终端，按计划通知躲在一旁杂物间中的吉诺，可信号明明显示满格，那消息却一直转着圈，最终跳动一下变成一个红色的叹号。
氛围微变。
一计不成，便换一计。莲渡弯腰钻到水池底下，从底板与侧板的衔接处揭起一根细丝。
吉诺现在所待的那个储物间是六道虹专门用来藏人的。储物间与厨房仅一墙之隔，其内有足够一个人吃上半年的干粮，饮水则通过夹在墙中的一根细管来解决。在敌人到来之前，莲渡检查过这一备案的可靠性，丝线穿过细管，另一端系着吉诺的一撮头发，轻轻一拽便可被告知。 于是莲渡拉动了细线。下一秒，细线却节节断裂，落进灰尘中不见了踪影。
敲门声再度响起。
“呼——”
莲渡深叹一口气，强迫自己将注意力集中在眼前。吉诺那边没有反应，那只有两种可能，一是他被做掉了，二是自己的动静传不到他那里去；既然这回都是 “熟人” 打架，前者的概率微可不计，那么就只剩下第二种可能了。
“使对象所有通知外界的举动全部失效，真是好用的能力啊。” 莲渡一遍遍审视着厨房，最后从柜子深处拖出药箱，挑选待会儿用得上的东西；不知不觉失去五个分身，栽在这种能力上并不冤枉；但好在，其他类型的行动似乎没有受到影响，比如说，布置障碍物阻拦对方，或者是制造出足以逃离的缺口。
既然有了其他的 “可能”，自己成功破局的那种可能就不会不存在。",770/06/18,莲渡,bold,,,,第五章霓虹灯牌,0160
药箱•线索二,"“哈，这回终于不是一堆房间了。” 敲完门，Dlyro 走回前台边上，从烟夹中抽出一根薄荷烟，拇指熟练地拨动打火机的砂轮，嚓嚓两下，一小簇火苗便弹了出来。
对方离他并不远，就在几步外的那间屋里，如果她记得没错的话，那是间开水间改造成的厨房。只要她能确定目标的位置，那么不论对方怎么呼救，都无法被其他人所知。德利能感觉到，此时目标在房里来回走动，不死心的挣扎张牙舞爪；在目标对象处于应激状态下时出手不是一个好的时机，她决定再等一会儿。
厨房内传出一阵窸窣的动静，节奏与屋外的雨声交织融合；啪嚓一声，灯被点亮，暖黄色的光芒从门缝缓慢渗出，温暖迷蒙，似在邀人进入。
“是放弃挣扎了吗？”
德利手指轻轻搓动，破裂的爆珠使得这工作前的最后一口烟层次十足。从前台到厨房的几步路被她走得十分从容，门内的人却绷得很紧，与她保持着同步的距离后退，一步，两步，直到抵住窗子退无可退，二人间的距离才开始进一步缩小。 一层的窗户都安装了防盗网。Dlyro 特地检查过，没有全套工具和个把小时是拆不下来的——况且她还热心的帮忙维修了一下。
这样随想着，德利握上了门把手，然后被烫得下意识松开。德利捂着手后退半步，重新审视那 “灯光”，不均匀的亮度分布和肉眼便可察觉到的闪烁频率如同隐忍憋笑的顽童，嘲笑着她的轻敌。
“够狠啊！”
德利不怒反笑，扭身一脚踢断锁芯，房门被暴力破开，横在门口的藤椅七零八落，化为熊熊燃烧的碎块。莲渡踩在厨房地台上，扬手敲碎天花板吊顶一角，露出排烟管道足矣让一个成年男性通过的全貌。做完这一场，他扭头看了一眼德利，绛红的眸子似是蔑视，又似是挑衅，随后毫不犹豫地仰身翻出厨房。
“啧！”
一脚迈出，流动的虚浮感成功带偏了德利的身体重心，也不知道莲渡往地上泼了什么，不仅奇滑无比，还在火焰的炙烤下散发着难忍的草木滞涩气味。德利快速稳住身体，走上两步便适应了个七七八八，速度不减地追了上去。",770/06/18,Dlyro,bold,,,,第五章霓虹灯牌,0161
药箱•线索三,"收到莲渡的信号，吉诺从储物间猛的冲出，恰好看到一抹白色发稍没入了前方左手边的门框；下一刻，房门被狠狠地闭上，震天的响动拉回了吉诺囿闭于回忆中的思绪。
吉诺飞跨两步，刚要摸上门把手，熊熊燃烧着的门板就轰然倒下，险些砸伤了他。
缭绕的黑烟卷着火星四散开来，或是与老旧电线破口滋出的电火花交错击掌，或是落到满地热油中滋滋作响。
吉诺使劲挤了一下眼睛，强忍着烟熏的刺痛感向内看去。厨房内火势虽猛，但大多都贴着墙边的各种零碎物品在燃烧；借着火光，吉诺在满地的污物中很轻易的便寻到了一行脚印，黏腻漆黑，延伸向排油烟管道那一角的巨大缺口；脚印虽个个方向杂乱不一，甚至有拖蹭的长迹，但连成一条线后却几乎是从门到破口处的最短距离。
“脚印在雨中坚持不了多久，若不抓住机会，很快所有证据将被这天然的破坏者清洗一空。” 吉诺认识到，这是莲渡拼上自己性命为他指出的方向。犹豫了片刻，吉诺飞速向鸠的终端发送了一条信息，然后顺着脚印跳进雨幕，加入了这场追逐战。
“但愿能把咕咕喊醒吧。”",770/06/18,Gino,bold,,,,第五章霓虹灯牌,0162
彩虹绘本•线索一,"崭新的世界总是充满探险的乐趣。Alpa 钻出录音笔，撅起屁股伸了个懒腰，如流体一般滚落下床。几夜来旅馆被它逛了个遍，在迷路时把它送回房门前的好心老板，有点眼熟的铁面白发女人，还有各种形形色色的房客，各异的面庞沿着五颜六色的灯牌光线滑入视野中，迷幻而光怪陆离。
绕着房间巡视了一圈自己的领地，Alpa满意的点点头，轻轻一跃跳上窗台。
是时候探索更大的天地了！
可不等 Alpa 钻出窗，一阵尖锐的铃铃声响了起，止住了它前进的脚步。Alpa 疑惑的扭过头去，却见鸠的 phigrOS 终端自动弹了出来，“寻找出口” 几个红色大字浮动于空中，惶惑无比。
即使认床如鸠，在旅馆里也能睡得格外香甜，哪怕此刻危字当头，也没有一点脱离睡梦的迹象。Alpa 踩在被子上，捉急的转上两圈，拱了拱鸠的脸，又叼起一缕头发向后猛拽；除了让鸠歪了歪脑袋之外无甚效果。 自己的力量还是太小了。Alpa 又瞧了瞧那条警报，提示音早已结束，终端窗口却一直保持着强制开启的状态，似是有什么玄机在内。 
“哞？”
Alpa 胡子颤动，对着窗口测测大小，不成问题，便大胆地弓腰钻了进去；片刻，叼着彩虹绘本跃出落地。那绘本本与 Alpa 差不多大，说来也是奇怪，竟是被 Alpa 一口吞下。
霎时间，小小的黑猫身形猛涨，再落地时，已是头纹王字的山兽之君。事不宜迟，房门在利爪下化作残破败片，Alpa 叼起鸠的衣领，脑袋一扭将其甩到背上，踏着席卷四散的妖异火舌狂奔离去。",770/06/18,Alpa,bold,,,,第五章霓虹灯牌,0163
山荷叶标本,"山荷叶，花瓣遇水则变透明，似雨中隐者；莲渡养了两盆在厨房窗后的屋檐下，雨势过大时会临时搬回屋内。 
为感谢鸠拯救他的爱植于大火之中，莲渡趁着花期未过，摘下几朵制成标本赠与了她。
只有咕咕知道，自己只是把滚在路中间的花盆扶正挪到一旁罢了。",770/06/18,鸠,souvenir,,,,第五章霓虹灯牌,0164
锈色羊角锤•线索一,"【霓虹层的黑衣地区为防止河水泛滥，中心城区未曾布置地上河道。同时为了满足实际用水需求，其下水道系统极为复杂多变，又因为诸多历史原因，其中分布着大量无市政记录的水道与地下空间。例如位于众志广场喷泉下方的英杰围场，它始建于像素塔历 202 年，外观为独立的泳池更衣间，使用正确密钥开门，则可以进入一片牛羊遍地的开阔草原。】
【草原之上寂静无比，远处的山岭银装素裹，莲渡身着深绿带莲花暗纹的唐服，手中杵着盘根状的拐杖，他与牧民打扮的看守者，站在围场外的层层彩幡下，两人的身旁是传送用的圆形地台。】
看守者：（拦住）嘿，密钥拿出来，瞅瞅。
莲渡：（拿出羊角锤）怎么，有状况不成。
看守者：（扫描图案）哎呀，说是亚空间导出程序正在遍历我们层，会利用时间戳错误的数据渗透到亚空间内部，盗取核心数据什么的，不能放进去。你没问题，进去吧。 莲渡：渗透，你是说历史 “重演” 吧。（收回羊角锤）
看守者：差不多，你不知道，今早我过来值班的时候啊，刚走出传送台，就看到布兰达站在外面。
莲渡：布兰达，他不是被回收了吗。",770/06/18,莲渡,souvenir,,,,第五章霓虹灯牌,0192
【影像】背叛,"黑暗里，男女老少，忽远忽近，浅声骤来，几处灯光飘摇，忽明忽暗，随声涨熄。
“来了，背叛者回来了！”
“布兰达，那个废品，他背叛了我们！” “不能让他活下去，回收他，拆除他，毁了他！”
“霓虹的雨，一声声都在议论着他的背叛，他背叛了，这是既定的事实！” “大地的颤动，河水的翻滚，蝴蝶的振翅，每一处波纹起伏，都在诉说他的背叛！” “他大错特错！他给素檀通了风，报了信！” “素檀要被回收，他要被回收！”
“规则，他们违背了存在的规则，是秩序的叛徒！” “但他把那位带回来了——”
“没有他，那位也会回来，那位回来，我们就得回收素檀——” “你们这些矛盾的综合体，你们所说的都是谎言！那位杀了我们的首领，自始至终，你们所期盼的才是真正的叛徒！”
灯灭了，破碎的太阳照亮了整个大厅，黑暗里的声音，受到巨人的扼颈，只听见那人愤怒的，绝望的回荡，而后熄灭无睹。灯火又起，黑暗的议论再起。
“尊师死了，在素檀之前，他死了。” “所以，我们需要新的首领。”
“但那个人不能是素檀！” “为什么不能是？” “素檀也要死了。”",770/06/20,Kuzumi,souvenir,,,,第五章霓虹灯牌,0165
布兰达的自述,"总结：
这是一份充满否认、忏悔、威胁、恐惧、绝望的自诉，一个处于崩溃的边缘的 “人” 对世界规则最后的抵抗。他是个正直的人，只是活在错觉中无法解脱。
他接触了错误的人，获得了错误的使命，又付出了错误的代价。他自始至终忠于内心，从一而终行使着自己的职责，作为车站的仓库管理者，为迎接最后的客人，又延续了自己本该到头的生命。只是这超脱常理的存活，让他产生了非分之想，以为自己已超脱了命运的束缚，超脱了死亡的追赶。
能洗刷他罪的，唯有霓虹的恒雨，与他灵魂的自性。",770/06/20,Kuzumi,souvenir,,,,第五章霓虹灯牌,0166
布兰达的自述•线索一,"“与他们分手后，我精神恍惚，他们的过往种种，无时无刻不在攻击我的大脑，我不知道他们怎能活着，在过往恐惧的笼罩，未来可能的毁灭下。我被蒙骗了，我以为这样的生活将永久持续，塔的基石坚固如人心。” “我们要死了，我们都要死了！” “找到那道彩虹！逃到更上层的世界！”
“去找那两个人——六道虹是错误，三会也是错误，此时再不打破规则，一切都来不及了！”",770/06/20,Kuzumi,souvenir,,,,第五章霓虹灯牌,0167
评《杰作的诞生》,"“一个青年人，废寝忘食，掏空心思，只为创作天下独一无二的杰作。” 这本书的开头，如此写道。
我们总说，大众的才是宏大的，群体的才是永恒的。个人的力量微小，不足以生成事物的一鳞一羽，个体的视角片面，不遂人意的造物畸形丑陋。“人” 已无用，“人群” 真理，早已成为社会的共识，但放眼整个像素塔，仍有那么一些人，挑战着世俗公理。
他们追求的，在现实之外，幻想之中，是未完善，不完美的存在，但又是活生生，灵动的现实物。人群总是质疑道，不完善何为现实物，本书到结局也没正面回答，甚至书中主角志向受挫，选择了放弃。但实际上，作者用故事本身回答了这个问题。
“我可以大胆地说，完美是个伪概念。我们总是奢求像素塔的一切都是完美的，是客体的，然而我们看到，听到，感受的，都是我们渴望的，主观人化的现实。在你们眼里，她从未存在过，但对于我来说，她一直在，在田间沟渠，在烟火小巷，在你我身边。”",770/06/21,艾达,souvenir,,,,支线章节二弭刻日,0300
诗笺#19 天蓝,"悲哉，碗底空空， 悲哉，腹内幽忧。
水清泛天蓝， 无鱼溪中游， 鸟踪亦难寻， 深山少人迹， 生机只乔木， 然非落果期。
悲哉！",770/06/28,deathMark,main,,,,第五章霓虹灯牌,0143
【录音】霓虹美食图鉴,"霓虹！美丽的永夜城！像素塔的美食中心！！咕咕和 Gino 今日来著名的美食擂台，百花大街啦！【背景声：oh！！】
【 Gino 正在研究这里的地图，他抬头看了一眼兴奋的鸠，摇了摇头。】
Gino：我们可不是来闲逛的，找到楼层守护，离开这里才是我们的目的。
哎呀我知道啦，边逛边找嘛！走！逛街去！
【鸠拉上 Gino 的袖子就要带着他到处走。】
Gino：但是你要知道，我们谁都没有带够 data。这里的物价还是挺高的。
啊⋯⋯【她沉默了一会儿】那咱们找好吃的，吃的总不会贵到哪里去吧？
Gino：但愿如此。【 Gino叹气。】  大家好！我是你们的超级美食家鸠鸠！今天我们来到了霓虹品尝这里的特色美食，但是因为资金严重不足的问题我们只买到了炸萝卜丸子还被老板骂了一场⋯⋯ 【 Gino 将刚刚炸好的丸子端过来，数了数丸子的个数，是两个人正好饱腹的数量。】
Gino：我不太饿，吃一点就行。
我？我⋯⋯那我也吃一点，剩下的留到晚上吃？【鸠看着丸子咽了咽口水，半推半就地让 Gino 分成两半。】
【 Gino 哭笑不得的将部分丸子包装起来，又在剩下的丸子撒上了老板所谓的霓虹风味调料。】
哇！谢谢 Gino！看！这是霓虹小吃之一——炸萝卜丸子！你看它色泽金黄香气扑鼻！
咬一口⋯⋯咳咳！好辣！Gino 你撒了什么咳咳咳——
【 Gino 递过来一杯水拍了拍被呛出眼泪的少女的背，然后将老板给的小调味瓶看了一眼。他好像，真的把辣椒粉给多了。】 不过还是，挺好吃的。",770/06/28,鸠,souvenir,24min02s,,,第五章霓虹灯牌,0168
尊师古卢,"【林泊百科】： 尊师古卢是霓虹层的楼层守护，该地真正的主宰者，魔女会议的领导者，负责管理霓虹的回收工作，统治局内部的代号为钻石姬。原则上，尊师拥有至高的权力和无上的荣誉，是该地区里不可冒犯的存在，然而平日却能在鸢尾大学内看到 “他” 勤恳任教的身影。也有人说，无论教坊中的老乐手，抑或者那位美术系的大学教授，都非尊师本人，真正的尊师正以其他的身份娱乐人间。
传说，尊师性情无常，偶以玩弄教徒为乐，继而翻作慈悲，传授智道。据某些入教时间长的祭司称，其本人知晓几乎所有的密法，在声乐方面亦有着极高的造诣。",770/07/08,Gino,souvenir,,,,第五章霓虹灯牌,0171
霓虹,"【林泊百科】：
建造在彩虹之上，由无数钢筋水泥和霓虹灯牌构成的超大型都市，整体分为三膜分布，上膜鸢尾，中膜透镜，下膜黑衣。常年降雨，一年中多达350天为暴雨天气。
乌云常年笼罩在城市上空，昼夜不明。霓虹是纯粹的城市生态系统，动物和植物种类少且污染严重，对人工的管理有着极强的依赖性，系统的各个方面都由人工与机械支持。每一个霓虹灯牌代表着一个居民的生命，灯牌不断闪烁，其熄灭之时即为居民死亡之时。",770/07/08,Gino,souvenir,,,,第五章霓虹灯牌,0172
霓虹•线索一,"鸢尾地区直接收到来自无尽海的雨水侵蚀，全地区采用海绵化地基，路面铺材均为多孔结构，透过多道过滤层，均匀将雨水送往透镜地区。
透镜地区多地上明河，目力极佳者可透过河床看到黑衣地区市貌。
黑衣地区为防止河水泛滥，中心城区无地上河道，下水道系统极为复杂，存在大量无市政登记的水道与地下建筑。数条河流环绕城市边缘，河面终年漂浮着未被分类的上层抛弃垃圾，气温升高时河水会在夜晚散发出化工品气味，河内无养殖种存活迹象，但有市民目击到起源是核污染艺术的异想之物。",770/07/08,Gino,souvenir,,,,第五章霓虹灯牌,0173
霓虹•线索二,魔女会议，当地的著名教派，传言称此教可以帮助居民减少罪恶。其教主名唤虹之主，祭司们尊称其为尊师。该教信仰为彩虹，因常年降雨，彩虹成为当地极难一见的景象，故理所当然成为人们的向往。彩虹实则为离开霓虹前往上层附带的一种现象，亦可看作逃脱 “回收” 的象征。,770/07/08,Gino,souvenir,,,,第五章霓虹灯牌,0174
霓虹•线索三,后历 242 年 3 月 7 日，三会在霓虹发起抵抗战争——虹之战，该战争持续极久，直到原三会首领之一的 peregrinus 成为先民统一政府元首之刻落幕，霓虹层自此回归先民统一政府的控制。后历 286 年，统治局接管像素塔，霓虹层归属新政府。后历 300 年，尊师古卢担任该层楼层守护，霓虹层的职能从人类据点变为异想监狱，以此基础大力开发第三产业。,770/07/08,Gino,souvenir,,,,第五章霓虹灯牌,0175
街机游戏《彩虹之战》•线索三,"“你就喝这些破东西？”
莲渡皱眉，滴着水的伞尖拨开随意堆叠的能量饮料罐，色素的干渍层染交错，糖分给地板糊上难耐的黏腻。而始作俑者坐在高脚凳上，神情恹恹的打着彩虹之战：生成值条充满亮起，重力倒置，沙石战栗，踏入异想攻击范围的敌方前锋集体腾空离地三尺，后面的士兵刹不住脚，和前面的同伴搅成一团，未及短兵相接，先民政府方便在浪潮般扩散开的踩踏事故中乱了阵脚。
眼看局势一片大好，素檀眉间的阴沉却没有一点化开的意思。不等他下达新的作战指令，游戏自顾自的将这场战役推演下去，倒悬于天上的海水轰然砸下，如某种宏伟业力的重锤，强硬的打断了这场对阿特拉斯登陆战。结算页面浮现，各项统计数值飞快跳动，背景里港口狼藉一片，被冲散的双方士兵七零八落星星点点。 
【两败俱伤】  隔了许久，素檀终于张嘴回应这来自于 “自己” 的质问：“是难喝，但至少喝了之后能有点力气。”
他盯着屏幕，看似严肃，实则出神，发出的声音仿佛喉咙上下黏在了一起，尔后胳膊伸向手边半满的饮料罐，出乎意料攥了个空。
“？”
素檀怔愣片刻，模糊的视野中央出现了一个聚焦点——火光，一支细烟递到他的眼前。
夹烟的手指甲修剪整齐，不见茧子，顺着指根的素戒向上望去，手背上轻轻鼓起的血管蜿蜒没入略长的直筒袖中，似根系般供给袖口的莲纹刺绣向上蜿蜒，最终被散在肩间的碎发限制住生长高度。
“歇一会儿吧。” 莲渡偏头，镜片反光恰好遮住了眉目，害他看不出喜愠来。
“好。”
对此，他说不出别的话。",770/07/08,莲渡,main,,,,第五章霓虹灯牌,0195
街机游戏《彩虹之战》•线索四,"昔日车水马龙的街道如今冷冷清清，偶能听到远方传来一声隐喻着灾难的悲鸣，轻轻擦身而过，在心头却如洪流滚动。两个身高相仿的男人并肩站立于街机厅的橱窗后面吞云吐雾，从烟雾与大小海报的缝隙间凝视这难得一见的街景。
“本来以为你挺落魄的，现在看来也一点都不差。”
素檀将打火机递给身边的人，自己先啜上一口，缭绕的烟气隔着玻璃与雨丝纠缠，分开，最终双双泯然，烟是很好的烟，没什么味道，但思绪却随着燃烧一起浮起来了，飘飘忽忽的。
“不然呢，所以我挺少念旧。” 莲渡咬着烟嘴，打火机燎过几下都没点着，大概是受潮了。“倒是你，条件够差了还不喝点儿健康的？出来走走是比登天还难吗？” “有什么必要？这么多人盯着这里，我往哪儿走，呵。” 素檀重重吸上一口，不短一截烟灰随着嗤笑落到脚边碎裂。“那些家伙像下水沟里的老鼠一样一个个胆小得不行，连正面来烦我都不敢，倒是上个月有个有意思的小孩跑了进来，还跟我打了两盘彩虹之战，后面又不见了。” “哦？说说看。”
“那小孩不怎么会打游戏，但是整场战术规划几乎可以说是照搬我的想法，一点创意都没有。”
“就算几乎同步，你还是早他一点点落败了。” “你咋知道？”
“这种事实不难猜，就像你大概知道结果，却还是选择去做一样。而且——他的到访不是个偶然。” 莲渡端详着指间的烟，“他作弊了。他用虹教密法去读了你的心语。在此之前，这个不怕死的家伙肯定从我身上读到了分身的存在，他知道你的位置，说明这件事是最近才干的，后面的事你也知道，他失踪了。”
“那咋了，这跟我输给这小孩有什么关系？” 素檀不依不饶。
“当然有，说明在相同的操作下，碰到致使失败的事件只是个概率问题，而你不肯相信自己的运气真就差的离谱。” “嘁。” 素檀猛吸了一口烟，再多用力一点怕是会烧到手指。
“所以，你喊我来到底有什么事？” 莲渡道，“这段时间我也不好四处走动。” “这台街机是个好东西。” 素檀抬起手，用烟头点燃了莲渡手上那支烟，“我在无数种模拟出的可能里反思时，发觉了一个漏洞，这可能会暴露我们的身份⋯⋯在这里不好说，但是你能听明白。该考虑准备后路的事情了。” 一支烟即将熄灭，而另一支静静燃烧。
“还有⋯⋯咳⋯⋯咳咳⋯⋯彩虹之战，我的时间快到了，你收好。”",770/07/08,莲渡,main,,,,第五章霓虹灯牌,0196
诗笺#20 戏中,"开一场不会结束的宴会， 唱一首唱不完的歌， 在原处等待，
可能的流连忘返。 
你问他会不会入戏太深， 扮一场荒唐闹剧， 为妄想淋雨，
绝望得无可言语。 
他笑道也许，
然而我们尚在戏中。",770/07/09,deathMark,main,,,,第五章霓虹灯牌,0144
校卡,一张鸢尾大学的学生卡，是 Gino 在学校草坪附近意外捡到的。上面除了写着学生的姓名和所读院系外还有校卡主人乱贴的贴纸。校卡是该校学生的身份证明物件，于是 Gino 凭此卡成功进入了校园内。,770/07/09,Gino,souvenir,,,,第五章霓虹灯牌,0176
《霓虹之声》宣传单,"霓虹之声是由鸢尾大学学生创办的一个广播社团。社团宣传单被设计的花里胡哨，以至于难以看清主题。Gino 在鸢尾大学四处调查的时候被路过的该社团人员强塞了这样一份宣传单。
学生：这位同学，要不要来我们社团看看啊！
Gino：不⋯⋯不用了⋯⋯",770/07/09,Gino,souvenir,,,,第五章霓虹灯牌,0177
社团导师名录,"Gino 在鸢尾大学找到的一份社团导师名录，上面写着大部分导师的名字和教授课程。
这份名录最新的修订日期大概是几天之前，似乎有一小部分教师信息被替换掉了。",770/07/09,Gino,souvenir,,,,第五章霓虹灯牌,0178
课程表,"一份使用很久的课程表，上面新贴了几条社团指导的安排。 
Gino：老师你好，您知道歌剧团之前的指导老师去哪里了吗？
老师：你说副院长？据说是前几天老家有事，请了长假，你找他有事吗。
Gino：是这样的，我是隔壁美食社的学生，之前和这位老师借了些工具。您知道他的去向吗，我该怎么还给他？
老师：这我就不清楚了⋯⋯
Gino：好的谢谢，打扰您了。
老师：没事，东西你先保存好吧，他还会回来的。
Gino：了解了。",770/07/09,Gino,souvenir,,,,第五章霓虹灯牌,0179
【影像】霓虹观雨,"霓虹无晴日，方坐于窗沿静观雨落。
虽时间已至黄昏，但终日昏暗的霓虹此刻倒也和平时没太大区别。四周弥漫的水汽渗入皮肤，潮湿充斥着霓虹的每一处空气，雨如银帘笼罩整个霓虹。远处建筑隐藏在雨幕里，只显露出部分模糊轮廓；灯牌亮光微微闪动，倒映出雨落的痕迹；雨水透过地面孔隙渗进鸢尾的地底，行人执伞而行，或急或缓，在街道上形成伞的游龙。 
暴雨是永恒的，彩虹本难以现身，但霓虹的人民还是如此向往彩虹的出现。
窗外雨脚如麻未断绝，屋内中人语低声切切。
“莲老板，你在看什么？” “只是看看雨而已，没什么。”",770/07/09,莲渡,souvenir,5min03s,,,第五章霓虹灯牌,0180
里表舞厅•线索四,"踏过教坊的大门，一阵强光袭击了鸠的眼睛。等她再睁开双眼，迷你裙的少女牵着她的手，向光芒发出的地方走去。她忘记了很多事情，怎么来到这里，怎么和少女相遇，唯独少女玫红的发色，翻越山河冬景，勾起些许回忆。
“久住（Kuzumi）？” 她问道。
少女回头，异色的眸子闪烁着嘲讽几分：“看来你还记得我。” “我们⋯⋯”
她突然分不清，石林那个小小的孩子紧攥的双拳，与眼前人粗糙的掌心有何区别。一股更遥远的印象，又透过少女的眼眸传递而来。
“我们以前见过吗？我是说，很久以前，而不是在这里。” 久住笑而不语，继续向前走着。
“我们要去哪儿？” “回家。”",770/07/09,鸠,souvenir,,,,第五章霓虹灯牌,0181
百花教坊,"【林泊百科】：
百花教坊表面上是著名音乐专科学校，持续不断地为霓虹层的大小乐团输送人才，实际上是魔女会议兼后续三会的总部，暗中操控着霓虹层的大小事务。该校被爆出实质作用后遭到大量游客围观，就此楼层守护钻石姬紧急发布楼层告知，宣称三会已离开百花教坊，但该地旅游热度不减，引得大量剧院搬迁到此地形成具有霓虹特色的戏剧集群。",770/07/09,Gino,souvenir,,,,第五章霓虹灯牌,0182
糖绳,"“怎么又是薄荷味的。”
鸠一边嚼着糖绳，一边鼓囊着，她被久住带到魔女会议的总部，一杯茶一包糖绳，坐了一个下午。她正好奇到底是哪个颜色，让她的味觉出了差错，久不见人影的久住，此刻终于现身了。
“尊师快死了。” 久住语气平稳，像在说今晚吃什么，“你不是来见他的吗，那就跟我来吧。”
鸠当然没忘记自己的目的，但久住的强硬让她的心产生了叛逆的抗拒，她本能地不想前去，就像在雏鹰被推下悬崖的第一天。
“他为什么会死？” “你心知肚明不是吗。”
又是这样，仿佛什么事都与她有关，她难道在玩什么垃圾游戏的续作吗，现在可不流行同一主角啊。 “我不想去。”
“我们已经到了。”
场景转换，一个老人躺在急诊病床上，身型消瘦，面无血色，高鼓的病肚塞满了无力排出的脏污，骤然，他咳嗽得像在敲击破洞的渔袋，下一秒被呕吐物噎死也不无可能。咳嗽完，肌肉缓和，老人双眼紧闭，眼睑缓缓鼓动，证明他还有微弱的意识。
“他是位老人家，我以为他和素檀是同龄人。” 鸠直言不讳。
“如果你说他的外表，那么直到今天早上还是如此。” 久住补充道，“他要老死了，鸠，你的哥哥隼，已经无限接近死亡。”
鸠走到老人的床前，越发困惑：“他是我的哥哥，但看着他，我无法想起任何我们的过去。”
“他就是那段过去，你遗忘的过去。” “那你呢，你是谁？”
“我可以是任何人，唯独不是你。”",770/07/09,鸠,souvenir,,,,第五章霓虹灯牌,0183
【影像】土丘,"舞台左端赶来一打白面具，他们翻滚，打闹，嘻嘻哈哈地移动到舞台中央；舞台右端应声赶来一帮红斥候，头戴凤羽帽，披挂紫藤萝，左脚捆右脚，铁锁铸造人群的战船。舞台中央，一光头小僧跳出，他舞起花棍，立定摆姿，大声吼：“来者可是顶上三毛狮，红鬓将军的部下？”
“正是你爷！” 声自空中来，形似紫金电，红煌煌火从胸中烧，足踏百丈冰，木滋焦煤啮，闪烁雷光，长枪摇头，铮铮灵动。那眉蚕卧卷舒，鼻翼沟和埋气，猩红巨口，嗷呜低哞，怎一个鬼面狰狞。
说时迟那时快，刀兵交错，两方对刃来回，火花四溅。一群群士兵纷至沓来，两波浪潮碰撞消弭，一夜间土丘完成了它千年的成长，二人站立在它坚实的坡上，只是其中一个已失去了头颅。
少涛涛，老徐徐，人影散淡，风烟渺沙，赶骆人长呼三声，红毛狮从土丘生长出来，放眼望去，又是一新纪元。",770/07/12,鸠,souvenir,,,,第五章霓虹灯牌,0184
布兰达的感谢信•线索一,"河面空旷，唯有被抛弃之物在细雨中静静漂浮，布兰达从深睡慢慢抽离，回到了沉闷的现实中来。习惯性的，他伸手去摸一把脸，指尖却顺着某种冰凉坚硬的平面刮擦而过。大脑辨认出这是他顺手罩在头上挡雨的铁桶，而顶入指缝间的锈孔边缘出奇尖锐，令他的身体本能警铃大作。腾地一下，布兰达从小船上坐起来，盖在身上的破铜烂铁哗啦啦滚动到两边，一瞬间，布兰达觉得四周空气中的某种视线全部聚集到了他身上。
“好吧，没有人，没有人。” 布兰达在心中安慰自己。
如果估算的没错，现在他应已漂流到了黑衣区边缘。两日前尊师被曝出失踪，他趁着魔女教内部大乱逃了出来；旅馆不敢回，集会的人看他的眼神很奇怪，而游戏厅中也不见了素檀的踪影；走投无路如他，只得尽可能跑的越远越好。
伪装成下水道中的蝇虫，固然容易被忽视，但自己所发出的声音也变得微弱而不易聆听。布兰达在刺鼻的铁锈与垃圾发酵气味中思考，直到发动机的嗡鸣变了个调，他才发觉靠岸在即。岸边正有四五人搬抬巨大木箱高歌而行，看到他后停了下来。
“嘿，那位戴头盔的朋友！可否借你的船渡河一用？” 其中一人招手喊道。
“你们运的是什么？” 布兰达透过洞眼看去，万幸，都是些生面孔。
“灯牌啊，运到 ‘上面’ 去。”
“哦，六道虹。” 布兰达思考片刻，猛地抬起头来看向他们，铁丝拧成的提手在颈下吱呀呀摇动，“那个，你们集会还缺人吗？”",770/07/12,布兰达,bold,,,,第六章方舟蜃景,0217
【录音】霓虹美食图鉴•线索一,"霓虹是一个特别的城市，虽然这里每天都在下雨咕咕都要发霉了，但是这并不阻挡我对美食的热爱！哪里有美食，哪里就有超级美食家鸠鸠！还有她的终极伙伴 Gino！
【 yeah！！！！】
诶诶，Gino 你说句话呀！【鸠晃了晃 Gino，Gino 只好一脸无奈的配合她。】
Gino：唔⋯⋯我是 Gino。
【雨声很大，Gino 的声音较为模糊】
唉算了，Gino 霓虹除了丸子有什么好吃的呀，我们去逛街！这次不怕资金不够了！
【鸠拉着 Gino 便走。霓虹真的很大，他们逛了一圈后还是选择进入一家餐馆。餐馆老板很热情的招待了他们。】
老板：哎哟两位里面请里面请，这里的东西尽管点哈！不要客气！
【鸠拿起菜单仔细看了起来，Gino 则坐在旁边望着窗外的雨出神】 好⋯⋯好多有辣椒的菜，原来霓虹人都这么喜欢吃辣吗！既然不要钱那咕咕就不客气了！老板我要这个这个这个和这个⋯⋯ 
剁椒虹鱼头，是霓虹的一道特色美食，它采用了霓虹的特产——短尾虹鱼作为主料，这种鱼的尾巴只有头部的一半长，是一种专门为做鱼头料理准备的物种。做的时候，厨师会先将鱼头切成两半，塞入葱姜料在锅中蒸熟，然后淋上炒熟的辣椒调料和热油，这样就能上桌啦！这鱼头糯软，肥而不腻，入口咸鲜微辣，肉质新鲜滑嫩，入口即化，回味无穷！！【碗筷的响动声】那么，终极伙伴 Gino 先生！请问您对这道菜有什么见解！
【 Gino 在一旁用筷子挑着玻璃球大小的鱼眼，听见鸠叫他愣了一下。】
Gino：嗯⋯⋯很好吃？
好耶！那么今天的霓虹美食之旅先告一段落！
【 yeah！！】",770/07/19,鸠,souvenir,,,,第五章霓虹灯牌,0169
布兰达的感谢信•线索二,"“六道虹” 基层成员可获得的信息极其有限。他们只能联系到自己的引路人，也只能进入自己所属的集会，因此不同集会的成员基本互不相识。凭借着不断从他人内心窃取而来的诸多信息，布兰达成功混进了这支六道虹集会中，做着运送灯牌的体力工作。
生活安定些许，不该有的心思又开始蠢蠢欲动——他仍不想死。这就是他现在潜入集会仓库的缘由。
即将被运向上层的灯牌们静静沉睡在木箱中，被深色的防水布遮蔽了一切信息探查。
布兰达掀开布料一角，昏暗的光线不足以让他看清内容物，但他觉得起码要搬走四五块才能给他腾出足以藏身的空间。
布兰达将双手伸了进去。 
“这真的是⋯⋯灯牌？”",770/07/19,布兰达,bold,,,,第六章方舟蜃景,0218
Poem Reimei,"枝丫托住月芒，星辰掩亮。
长夜寒凉，云旋天苍， 草叶结微霜。
且看，长夜渺渺，月照山冈， 旅人悲惘，迷失方向。
人言怅，独彷徨， 孤影晃荡，灯照砖墙。
夜暗吹笛寻归所，
乐声凝绝响，无处诉衷肠。

辗转寅卯，已至拂晓， 初日瞳曚，霞似霓裳。 乍泄天光，流云晦藏， 星月共隐，万物初彰。
闻雀语，正嘹亮， 晨光熹微，黎明苍茫。 
重收装，负行囊， 且听人语语声响，
步向初阳，此间旅途方长。",770/07/21,碎数研,main,,,,第五章霓虹灯牌,0145
锈色羊角锤•线索二,"鸠：你给我个锤子干嘛？
莲渡：无语。
【鸠查看了该收集品之前的记录，立刻明白了素檀的意图。】
鸠：我这就带人剿灭六道虹！
莲渡：你再看看！",770/08/02,鸠,souvenir,,,,第五章霓虹灯牌,0193
锈色羊角锤•线索三,"鸠：请问，这里是六道虹的集会点吗？
看守者：你是来卖灯牌的？回去吧，六道虹已经解散了。
鸠：哎？可是⋯⋯
看守者：反正我也没事干，就和你讲讲吧。最近霓虹的天越来越暗，确实是六道虹做的，但是吧，之后出现了个叫 “七” 的骇客帮，你知道吧，说什么既然人都跑了，留着霓虹层也没劲，不如全拆了，让幽蓝边界早点去港湾，要死一起死。上面那帮人一听不得了了，他们在港湾的数据都没搬完呢，赶紧叫停了援助。
鸠：还有这种事！
看守者：不止啊，我跟你说⋯⋯ ⋯⋯⋯⋯
【鸠退出集会点，素檀已在更衣间等候多时。】 莲渡：现在明白了吧。
鸠：我宣布！贼寇六道虹已被捕获！霓虹一切正常！接着舞接着乐！
莲渡：呵呵，不愧是你。",770/08/02,鸠,key,,,,第五章霓虹灯牌,0194
诗笺#21 悲惶,"曲枉、玄黄、心慌， 仰视苍穹，譬如天网， 落寞地，渡野芒，
河道彼处，淼淼现真章。
奔流不赴独步往，披巾向日应沙扬。
羊嚼草，牛食蒡，
残云就里，灿灿琉璃彩，仙人羽衣裳，
凝脂若玉，杏花眉眼，疲态微曛，见寻者，蕴敛影消，归无光， 意拂去，忘其状，甚悲惶。",770/08/21,deathMark,main,,,,第五章霓虹灯牌,0147
【录音】霓虹美食图鉴•线索二,"今天依旧是咕咕给大家介绍霓虹美食，不过这次只有咕咕一个人了呢，Gino 他去别的地方买东西啦让我自己吃点⋯⋯唉算了先不说这个！让我们继续体验霓虹的美食！
【霓虹嘈杂的街道环境声】 唉，走了一圈咕咕都不知道吃什么呢，在霓虹也待了这么长时间这里那些大酒店的美食也差不多吃了个遍⋯⋯诶等等？
【鸠发现了一家隐藏在巷子里的小餐馆，香味从餐馆内飘出来，鼻子灵的鸠很快被吸引了过去。】  终于端上来了！香味的究极来源！这道看似普通的羊肉粉丝汤，原料实际上选自霓虹的一种特别的养殖种异想之物鱼羊，这种羊表面除了质感如同鱼鳞一般的羊皮之外看起来和鱼没有半点关系，但是它的肉质却如同新鲜的河鱼一般细腻爽滑，和平常吃到的羊肉的重油重膻有很大区别。炖汤之后肉质鲜嫩可口，汤汁清爽鲜甜与平常老吃的那些辣菜都不一样；粉丝则采用店家制作的手工粉，吃起来十分满足！一碗喝下去整个身子都暖乎乎的！看来霓虹不仅仅有那些高大上的酒店，这里的小餐馆菜肴也很美味啊。
久住：你怎么还在这里，教坊那边找你很久了。
【想起早上出门 Dlyro 交代的事，她看向久住恍然大悟。】
久住：快走啦！
那么本期的霓虹美食图鉴就告一段落啦，大家下次再见！【 yeah！】别走这么快嘛！
我们不等 Gino 了吗！",770/08/21,鸠,souvenir,,,,第五章霓虹灯牌,0170
锦囊•线索一,"异想 DIyro 给 Gino 的锦囊，上面记录了塔组织的信息。 
“塔组织已存在近百年，它埋伏在各类研究机构，以师承和论坛的方式发展成员。塔组织的成员们创办了许多影响力极小的学术刊物，此类期刊极少和网上提供商合作，仅仅供组织成员之间传递情报用。期刊作者一般都是组织成员的假名，这些对应的假名和假身份，通常是生物的拉丁名词加上虚构的地名。
塔组织没有固定的集合地点和时间，它的成员的真实身份也难以被发现，即使组织了 Phigros 这般规模宏大的实验，施行者们往往也彼此不认识，普通人根本无法透过社会关系接触该组织。
但我可以明确地告诉你，你曾经见过一位塔组织的核心人物，但我不知道他是谁，仅凭我和你的短暂接触，获取的信息还是太模糊了。”",770/08/21,Gino,main,,,,第五章霓虹灯牌,0185
PhigrOS记录-鸠,"Dlyro：我们成为好友了，快来聊天吧～（1:00）
鸠：队长好！（1:01）
Dlyro：你好［挥手］是鸠吗？（1:02）
鸠：是我哦（1:02）
Dlyro：看来没加错，那明天见，晚安（1:03）
鸠：队长晚安～（1:03） ———
gino：咕咕起床没？我先出去了（8:40）
gino：你要十一点后才看 PhigrOS，就直接去书店吧，不用来找我（8:41）
鸠：啊，我才起（9:56）
鸠：你在哪儿，我去找你（9:57）
gino：我还在广场这边（10:00） gino：［位置共享］（10:00） ———
Dlyro：那边有动作，暂时别来了。（10:32）
鸠：好吧［失落］（10:32）
Dlyro：我早上已经把情报给 Gino 了，那边确定虹再现的日期了吗（15:00）
鸠：久住说是月底（15:21）
鸠：我们真走不了了吗？（15:23）
Dlyro：现在尊师失踪，谁也走不了，你和久住那边保持联系，魔女会议最近行为很诡异（15:25）
鸠：其实（15:25）
Dlyro：怎么了？（15:25）
鸠：没啥⋯⋯（15:26）",770/08/21,鸠,souvenir,,,,第五章霓虹灯牌,0186
PhigrOS记录-鸠•线索一,"莲渡：我联系不上 gino，他去哪里了（19:01）
鸠：不知道，他还没回来（19:04）
鸠：你怎么有我好友？（19:06）
莲渡：⋯⋯（19:06）
莲渡：［好友等级.jpg ］你猜为什么（19:07）
鸠：哦，你也是我以前的熟人，怪不得看着亲切（19:08）
莲渡：废话真多（19:10）
莲渡：今早的搜查什么情况，你连手下都管不动了（19:12）
鸠：“隼” 留给他们的任务，我管不着（19:14）
鸠：你好会伪装，看到这个语气，我才认出你和素檀是同个人。（19:17）
莲渡：我这id几百年了，自己老年痴呆，别赖别人（19:20）
鸠：那他们抓素檀，最后才抓你，我觉得有问题（19:23） 莲渡：异想杀手的局限就在这里，无法直奔本质，那个 DIyro 的概念还不完整，稍稍绕点路子就找不到边了。（19:25）
鸠：我现在列表里有两个 Dlyro，两个你（19:26）
莲渡：你等着，我这就切第三小号（19:28）
———
鸠：我现在处于两难的窘境（19:18）
gino：什么？（19:20）
鸠：素檀问我你在哪里，我该不该告诉他，你和追杀他的杀手在一起（19:25）
gino：我跟他说吧，新队长那边，放弃任务了（19:26）
鸠：说起来我才发现，我有队长好友，而且有了很久了（19:32）
gino：你有几个好友？（19:34）",770/08/21,鸠,souvenir,,,,第五章霓虹灯牌,0187
PhigrOS记录-吉诺,"gino：自动转接？PhigrOS 还有这功能（19:27）
gino：不对，我哪来的你好友（19:28）
莲渡：我敢肯定，你被你室友传染了（19:29）
gino：不知道你指哪点，我们还是说正题吧（19:29）
莲渡：黑衣区域的集体暴动是 “六道虹” 鼓动的，魔女会议已经追查到了，那边有进一步的行动吗（19:31）
gino：据我所知是没有的，首领换成鸠之后，整个组织都停摆了（19:33）
莲渡：我现在真不清楚她在想什么（19:34）
gino：估计她自己也不明白（19:35） ———
鸠：翻不到底，这么说我应该有哥哥的好友才对（19:36）
鸠：唉，没找到（19:42） gino：试试拉丁名呢，比如 Hawk、Peregrinus 之类的（19:44）
鸠：确实有（19:47）
鸠：怎么是尊师古卢的号咕⋯⋯（19:48）
gino：你哥哥不在像素塔里？（19:49）
鸠：绝无可能，我看到他的 “倒影” 了（19:51）",770/08/21,Gino,souvenir,,,,第五章霓虹灯牌,0188
布兰达的感谢信•线索三,"“同伴，等一下。” 布兰达被忽然叫住，浑身僵硬。一只手搭上他的肩，玩笑式的拨弄布兰达头盔上的塑料竹蜻蜓，“今天外面有反抗游行，出门小心点。” “咱们没派人去？” 布兰达强迫自己不要显得过分紧张。
“费时费力还没效果，大伙儿都不愿意掺和。哎呀，主要还是嫌弃，嫌弃那几个挑起这事儿的家伙，六道虹都解散了还这么闹腾⋯⋯” “啥？解散了？”
“你不知道？都半个月前的事了。”
“你也知道我是个连终端都不能用的黑户。不对，那我们现在在给谁干活儿？” “啊，这个嘛，这个，嘛⋯⋯” 对方显而易见心虚了，“你也知道，我们积压的灯牌太多了，大家都想着道德一点，等把灯牌运完了再去处理分家散伙儿的事。” “原来如此，那还是先干着吧。” 布兰达叹气，为仍没能做个明白鬼的自己感到可悲。
他走出门，在走进不竭落下的雨幕前用力闭了闭眼。 没想到自己很快就要用上这段改良过的密法。布兰达活动活动手腕，施术的机会只有一次，在预告中的死亡之日来临之前，他没有信心再拟出一段不被虹教察觉使用者又能达到读心效果的密法了，但是对于如今的他来说，有什么能比得知真相更具有吸引力呢？",770/08/21,布兰达,bold,,,,第六章方舟蜃景,0219
可能性,"我在寻找可能性，一道预见的彩虹，在黑衣错综复杂的血管上。
人们建造了霓虹，用这颗 “眼睛”，去寻找彩虹。彩虹是光在外部的折射，人类的眼睛无法产生彩虹，它的结构，不具备彩虹所期盼的性质。但彩虹是人眼看到的，是捕捉的，是感受的，没有人参与的彩虹，将失去它的显现。
直到霓虹成了幻想的牢笼，人们将一切的外物铲除，他们成了这个扭曲社会的基础，更削弱了它的功用。
也许，解放是唯一的办法。",770/08/29,鸠,souvenir,,,,第五章霓虹灯牌,0189
街机游戏《彩虹之战》•线索五,"【 Gino 循着莲渡最后一次的共享定位一路绕过三街五巷，站定了才发觉面前是他迈入霓虹所经的游戏厅。拉开门，莲渡正架腿坐在高脚凳上打着彩虹之战，手法娴熟却不珍重，指下按键被折磨得哀鸣不断。】
Gino：不是，你怎么在这里？素檀呢？
莲渡：他早消失了，跟那个代理尊师一块儿。【重重的敲按键声】找我什么事，为什么不在 PhigrOS 上说？
Gino：呃。
Gino：你多久没看你的终端了？不是，没有人通知你吗？整个霓虹的无线通信都断了。
莲波：啧，没有。这里不会来人，我待在这儿就是图个清静。
【Gino 有些疑惑，显然声光混杂的街机厅算不上什么清净场所，而面前这人坐在这个位置上，竟有一种说不上来的熟悉感。】
Gino：我联系不上新队长了，她有没有什么常去的地方？ 莲渡：你怎么就断定我会知道？我和她还没那么熟。而且，她要是真的不想见人，我们谁都找不到她。
【话虽不善，莲渡还是转了转手腕，站起身来向外走去】
莲渡：我想想办法。那把没打完，你帮我先顶着。
【这算不算沉迷游戏使人浮躁？Gino 莫名想到。】",770/08/29,Gino,main,,,,第五章霓虹灯牌,0197
霓虹灯牌•线索一,"【 Gino 骑着摩托飞驰过街道，高溅的水花相伴雨丝纠缠着落下；一路上，残剩无几的灯牌明灭闪烁，为他指出一条通往目标的捷径。他假设并搜寻过很多他认为队长该在的地方，却未料到答案却是这么一家小小的流动酒吧。简单，合理，却让他险些没能刹住摩托。】
德利：【回头】呦，是你啊。
Gino：⋯⋯队长。
【德利半倚在吧台旁对他笑了笑，手中酒杯早见了底，空余融化大半的冰球滴溜溜打转。她在等人，但目标并非自己，Gino 在心里得出结论。】
Gino：幽蓝边界快要到这里了，去鸢尾避一避吧。
德利：我知道。【给自己续上酒】还有时间，来陪我坐会儿，你对我似乎怀有诸多疑惑，趁此歇脚机会，何不一次性把话说清楚？
Gino：【坐到一旁】【沉默】 Gino：我找不到答案，队长。在你身上找不到那个答案。
德利：你问不出口的东西，我自然也无法回答你，答案只能你自己去寻找。
Gino：？
德利：雨停了，我们该走了。
【德利拍了拍 Gino 的肩膀，大笑着站起来，视野中的景色如浪般波动翻卷，顷刻间完成了它的变幻。恍惚间，Gino 看到前方有一人背对他站在不远处，冽冽风中额边蝴蝶结若活物般扑动，女孩儿缓慢而坚定的抬起双手，虹光从指尖进发而出。】",770/08/29,Gino,bold,,,,第六章方舟蜃景,0215
破译•Spasmodic,"木板搭建的破旧小屋里，几个穿着黑色雨衣的鬼面人，蹲坐在油布碎瓦之中，他们的双臂疯狂挥舞，比划着没有体系的手语，又咿咿呀呀地泼洒情绪。他们看似交流，又并非交流，故事在空间里无形地转移，如同粒子自由地扩散，一种经验又或情感弥漫开来，绝望笼罩了这片狭隘的土地。
她站在光芒射入的青苔地，视野之内有某种 “象征物”，从人的心中溢出，吞噬记忆雪原，就要来到这座城市，让本就破碎的宇宙又多了一丝不确定性。时间已经来不及了，她踱步思索着，然而之前强大的魔法，如今只绽放些许火花。要怎么逃，她绞尽脑汁，要怎么离开这里，她没有答案。
她想到那个人，又摇了摇头，那位似乎失去了过去的记忆，要做些什么，干些什么，还靠她来指引。但是，只有那位拥有权力，冠以 “守护” 的权力，来破开这一绝境。  Hint1：游玩尊師～The Guru～或 Reimei 的任意难度，结算结果中 miss+bad 小于 7。
Hint2：游玩 NYA!!!(Phigros ver.)、JunXion Between Life And Death(VIP Mix)、cryout 中任意一首达成全连，并在尊師～The Guru～中达到 A 或以上。",770/08/30,Kuzumi,key,,,,第五章霓虹灯牌,0146
诗笺#22 自由,"未知的，是否遥远，
他们带着枷锁，像天光下叫卖的走贩， 寻找的，是否美好，
停滞前进一格，向现实外翻转的幻境， 歌唱吧，翻越过去， 开始的权利即为自由，
我向你宣誓，未来的一切，无谓可能的万千， 命运它，皆由人定，
跳舞小人，打破潘多拉的魔盒，迎来崭新世界，
Leave all behind, No time to hesitate,
天已放晴，一起前往未来吧。",770/08/30,deathMark,main,,,,第五章霓虹灯牌,0148
失效门牌•线索一,"【久住来到七的据点时，狭隘的密室只剩下布兰达一人蹲守在嗡嗡运转的主机前，芡绿色的光照在他憔悴深陷的面庞上，好似失了生气。即使是背着光源，布兰达也轻易便认出这是尊师古卢身边的那位大红人，但他没打算就此让开。】
布兰达：“七” 组织的最后一人。【有气无力的笑了笑，指向身旁的笨重设备】他们让我给你留话，系统后门找到了，但是并没有在里面找到所谓的 “出口”。
久住：你不要说一些不明不白的话。我倒要问你呢，你是我教祭司之一，对吧？暂且不追究你在这里作甚，我能找到你在这里，完全是你滥用密法的缘故。
布兰达：【噎住】怎么，你要定我的罪，回收我吗？
久住：谁会想不开跟一个一无所有的人计较。我看看⋯⋯你想在系统后门里找到离开的线索，是吧？【踢一脚主机】带上这个，我们去找尊师。
【久住揪着布兰达的后颈走出密室，幽蓝色的巨洞离此地已然不远，甚至于必须得扶住些什么来抵抗吸力。她深吸一口气，将手中的物什丢向天空，不等布兰达看清楚便化作数据没入幽蓝边界。】 布兰达：你干了什么！
久住：丢掉些没用的东西罢了。门牌现在用不了，跑起来！
【布兰达没头没脑的跟上去。缺少了灯牌投下的三寸荧光，走街串巷须得步步小心；而若他留心抬头凝望片刻，便会发现，在这无边黑夜浸透的城市之上，那百年不曾歇息片刻的雨云，已悄然消失。】",770/08/30,Kuzumi,bold,,,,第六章方舟蜃景,0222
失效门牌•线索二,"身为监狱里的罪人，作为囚笼中的异想，他又一次逾矩了，在我以为一切已成定论之时。该说他不吃教训呢，还是妄想不断呢？我不明白。是什么赋予了一个原本单调的灵魂如此之大的魔力？支撑着他在认知崩塌后仍屹立不倒、奔走不息。
这在你的预料中吗，钻石姬？",770/08/30,Kuzumi,bold,,,,第六章方舟蜃景,0223
事件•虹再现,"楼层守护钻石姬提交的报告附件，记录了虹再现事件的全过程。
但因为不可逆的数据损坏，我们只捕捉到钻石姬和其伙伴——疑似 “莫比乌斯” 者的对话。  “别走这么快，Gino，我看不清路。” “你在原地等我吧，找到灯就好办了。”
“不会有灯的，前面也不会有，大家都走了。事到如今，也不瞒你了——” “你就是尊师咕咕。” “嗯？你怎么知道！”
“挺好猜的。就算再迟钝的人，看到你打开的这条通道也该想到了。” “咕咕还想着给你留一个大惊喜呢，这下一点戏剧性效果都没有了！” “这也不能叫大惊喜吧！” “事已至此就不管那么多啦，Gino 你走慢点呀，我要跟不上了！” “⋯⋯咕咕。”
“怎么又突然停下来了，Gino 走累了吗？” “不，咕咕抬头，看那边。”
“奇怪，刚才这里好像还没有这么亮呀⋯⋯诶？那是？” “是彩虹，咕咕。” “⋯⋯霓虹，天晴了？” 
林泊百科：770 年 8 月 29 日，长夜带来的恐惧在霓虹蔓延，下二膜被暂时抛弃。诸多亚空间逃逸后，幽蓝边界只用了三天便到达最上层鸢尾，吞噬了导致霓虹阴雨连绵的异想要素。这一天，霓虹自虹之战起的五百多年，第一次迎来了晴天。",770/08/31,鸠,key,,,,第五章霓虹灯牌,0198
重生,"蓝色的天空⋯⋯
我的脑海里，莫名闪过几个月来的画面，有多久，没见过这样的天空了。
说来遇见他们也是前不久的事情，天空也是。
所以这是哪儿？
霓虹果然，已经毁灭了吗。
“您醒了。”
未见其人，先闻其声，来人竟是桃面笑颜，直叫我，晴空梦中惊坐起。
“新角色！” “嗯？”
冷静一点啊，咕咕，说不定是旧角色套新壳呢，也不是一次两次了。
“请勿惊慌，我是今天起担任您重生引导员的 Igallta，请多指教。” “以及，欢迎回到 haven（港湾）。” Heaven（天堂），果然是死后的世界吗。
很快，我便再次失去了意识。",770/08/31,鸠,main,,,,第六章方舟蜃景,0199
破译•望影の方舟Six,"-【重生】登记处-
Igallta：请随我往这边走。
鸠：哦哦！
【重生登记处的大厅中，数万块透明屏幕，随机闪烁着六位数字。这里每一块面板都有它的名字，而名为 Gino 的屏幕上，大大的 000000 格外显目。】
鸠：Gino！唉？怎么自动跳到一百万了。
Igallta：鸠？
鸠：来了来了。 
HINT：【重生】跳转到1000000后，【望影の方舟 Six】似乎也产生了变化。",770/08/31,鸠,key,,,,第六章方舟蜃景,0200
破译•望影の方舟Six•线索一,"克劳尔：钻石姬探员，你还有什么要补充的？
【小隔间的灯泡一闪一闪，让本来就紧张的氛围更加紧张，鸠摆弄着手指，看着眼前的法官 “先生” 不确定地问道。】
鸠：我们是不是刚在群里说过话？
克劳尔：没错，就你见到蓝发大姐姐太过兴奋，而忘记第一时间汇报工作，你有什么想说的吗？
鸠：没有，刚才让我补充的异想出逃解释，我交收集品可以吗？
克劳尔：我问一下小贝（停顿）它说可以。",770/08/31,鸠,souvenir,,,,第六章方舟蜃景,0201
破译•Igallta,"Trending:
00:00 Genesis 8:12
02:08 Trecheng Breth Féne 29/92/133/244/255
04:01 二子乘舟，泛泛其景。愿言思子，中心养养。
06:31 PPPPPPhigrOS_Project_Stage_Final_VI_ArkDoom_Igallta_deciphered
08:31 久等了，接下来，请根据我的指示操作。  HINT:
请不要击打以下冒牌 notes：
EZ:214
HD:185/398
IN:218/495/629
敌人对「方舟Six」的侵入停止了，Igallta比我们想象的要弱。
冒牌 note 和其他正常 note 格格不入，所以数 note 是不必要的，请相信你的直觉。",770/08/31,deathMark,key,,,,第六章方舟蜃景,0202
霓虹灯牌,"三级异想之物，静物种，外形多变，基础形态为路边常见的霓虹灯招牌。
霓虹灯牌最初是由 TZB 委托制作的防异工具，功能为监控对应个体的生存状态，实际操作中会以灯牌闪烁和熄灭，表示对应个体的损伤和死亡。该异想自中宫纪起，便投放入 “霓虹层” 和的管理当中，临时机构 “重生登记处” 也使用了该异想的亚种 “分数告示牌”，用于管理目前仍未下线的像素塔用户，显现形式为用 0~1000000 的分数代表被监控个体的剩余生存时间。
虹再现事件前后，霓虹灯牌大量出现在中之层的二手市场，其中绝大部分由被监控者拆除，送给组织逃脱的 “六道虹” 集中售卖或转化为 DATA。",770/08/31,Gino,key,,,,第六章方舟蜃景,0214
布兰达的感谢信,"霓虹站寄存仓库，采用数据化堆叠存储技术，所有入库寄存货物会插入一个随机生成的区位代码作为信标，方便归类存放。一段特殊区码被附在感谢信内一起寄来。 
布兰达注：我无意中从别人那里得知你们正委托碎数研捞你们的摩托车，有这东西或许能更快的找到它。哦！如果你们复盘这次事件时遇到困难，我很乐意提供帮助。 
又注：前提是不要把我又关到哪个监狱去！",770/09/10,鸠,main,,,,第六章方舟蜃景,0216
油画,"港湾无名的街道，阳光正盛，少女一袭长裙，支着小板凳、油画架，细细描摹海边风景。在她身后，另一位黑发的少女已静静观摩了许久，直至她放下手中画笔才出声道：“我们又见面啦，久住。”
来人正是鸠。久住慢慢撕下贴画纸的胶布，将画晾在一边晒干，这才转身看向鸠：“之前碰面时可没见你这么安分。长话短说吧，又有什么事？”
鸠：“这几天我不是在写楼层守护报告嘛，你也知道，那种混乱关头谁有心思去记录这些。咕咕现在只好到处搜刮数据，能交一点是一点。”
看久住玩弄着笔不说话，鸠接着游说下去：“况且我们不是约好了吗，只要你从霓虹离开，我就一定会来找到你的。”
“对，我们约好了的。” 久住轻轻咕哝，话没过喉咙便被咽了回去。
“什么？” 鸠歪头不解。
“我说，我答应了，不过就这一次。”",770/09/10,Kuzumi,souvenir,,,,第六章方舟蜃景,0220
失效门牌,通向虹教总部的门牌。由于霓虹层数据结构具有特殊性，幽蓝边界吞掉黑衣膜后，锚定到霓虹的门牌全部失去了效力，即使捕捉了新的门牌，也无法精确传送至原定位置。,770/09/10,鸠,main,,,,第六章方舟蜃景,0221
两用摩托Trophon•线索六,"时隔半年，Trophon 重新从幽蓝边界打捞出来，飞行功能莫名稳定了，但核心动力模块损毁严重，于是 Gino 将其交给机械师 Fuli 调整。  “还能修好吗？”
“引擎完全坏了，得换个新的。” Fuli 收起手电筒，敲了敲车壳，“怎么样，搞个核动力不。”
“不难维护就成。”
“行，坐那等会儿吧，马上就好。”
Gino 信任 Fuli 的技术，但不相信对方嘴里的 “马上”，他拿起外套在车场里晃悠，时值正午，土卫六的天空蒙着一层绿雾，外场的汽车也做了旧，此时一辆本该泯于众人的宝蓝色跑车，吸引了他的目光。
这里有故事，他多年来的经验，诉说着这一事实。 他回到修车仓，即刻询问道：“外面那台路星 67 怎么卖的？”
“报价好像是 20GB 吧，不过，你有宇宙飞船驾驶证吗，那车除了壳子还是公路车，里面构造可全改了哦。”
“啊，以前有，重生后继承失败了。”
Fuli 笑笑不说话，跨代继承能成功才有鬼。
“你室友肯定有证，你问她乐意要么，她要乐意，我现在就卖给你家。”",771/01/04,Gino,bold,,,,第六章方舟蜃景,0203
路星67-改,"鸠名下的宇宙飞船，外观为信号路星 67 的仿古老爷车，实际使用者为 Gino。该飞船为福洛戈粒子引擎驱动，搭配希洛 T-810 型火力系统，河海 371 型反重力装置，全车采用纯虚拟底盘布置设计，搭载设备与外观展示没有视觉直观上的联系。
它的原主人是律动星的一位房地产经销商，他对改造载具的偏好独特，独爱接近散架的器物碰撞声，手感越差的车他越爱不释手。因此该飞船经历 “盗乐行” 变得完整后，原主人很快就将其出给了 Fuli 所属的社团。",771/01/05,鸠,bold,,,,第七章时钟链接,0226
psyche-173号亚空间调查报告•新,"噗叽一声，皮鞋踩进溢满湿气的腐殖质，细小的残叶枝条悄声断裂，再抬起时鞋印中已聚出一个浅浅的水坑，而后又被另一双短靴轧下——二代地表，高日贡风景区，鸠与克劳尔正行走在山腰的密林之间。
从 CytusII 亚空间的第二次非法迁移失败，到肇事组织上报统治局，再到克劳尔发现最早的信息录入者恰好是他的现同事，最后到寒暄之后的同事主动入队。前后不过一个多小时，顺利得如有神助。
“正义探员，我们离目的地还有多远？” 鸠即兴采样完毕，关掉手中的录音笔，探头发问。
“已经到了，钻石姬探员。” 克劳尔话语一顿，而前进速度不减，“亚空间的迁移实际已经完成，只是挂靠环节出了差错，导致大量重复数据流入主塔。缺口就在附近，至于会以何种形态具现，无法预测。”
“重复的数据？会造出来很多一模一样的 npc 么？”
“暂时没有监测到相关迹象，也请不要继续考虑这种可能性，以免增加局里防异的工作量。”
鸠小小失望一瞬。侧目远望，繁密交错的林叶外，山峦覆雪，被盛烈的阳光盖以淡金色泽，再向下，信息与数据化作生成值不断冲刷，异想污染覆写大地原本的样貌：先前他们走过的山脚，此时已变为成片连绵的大湖，想来不需多久，这种变化便会追上他们的步伐，亦或者⋯⋯
走在前面开路的克劳尔忽然止住脚步。两人同时抬头，一座半崩塌的巨大建筑忽自林中显现身影。
⋯⋯他们早就步入其中。",771/02/01,Alpa,main,,,,额外章节,0420
psyche-173号亚空间调查报告•新•线索一,"我们进入了这座废弃建筑。在向建筑内的电子设备导入修复程序后，亚空间的数据成功开始回流，但是，由于所处的位置过于接近亚空间缺口，或者说就在通道上方，无可避免的，我们失足掉了进去。
自失重坠落伊始，钻石姬探员便展现出异常的兴奋，直到落地时变化为迷惑。本人尚能解读这份转变的原因，诚然，我们二人的降落地点颇为偏僻，但依旧在 Node08 内，而目力所及之处，破旧空荡，宛若鬼城。好在脱离程序依旧可以运行，情形无甚危险。
钻石姬探员提出，此地景象非常之贴近原作中终焉病毒启动人类灭绝的结局，极大概率以此为原型制造。作为典型的故事类亚空间，重要的人、关键的物、决定性的转折点，通常被锚定在特定的 “场景”，想要搞清楚这里是怎么回事，不如去看看。
她指向这座寂静都市的上方，A.R.C 总部，中央资料库，故事发芽与终结的地方。
“这个结局，符合要求的场景只有那里。”
这样的决定未免有些冒失。她有自己的私心，而我亦有我的疑虑，最终我无话反驳，我们一并前去。",771/02/01,克劳尔,main,,,,额外章节,0421
psyche-173号亚空间调查报告•新•线索二,"枪火的焦痕，机械的残骸，藤类植物从缝隙中探出，在高空的气流中轻微摇晃。城市边缘缓慢溶进灰白的雾中，直到依稀只露出几座高楼的轮廓，Library 中央，被定格的终局场景展现在眼前，我们已抵达了这场无谓旅程的终点。
Ivy 和 Vanessa 并不在这里。
这倒有些出乎我的意料。
psyche-201-173，这个在像素塔无数相似的自造世界中，凭借无可比拟的还原精度，被公众认可，冠以 CytusII 之名的亚空间，它存在主观制定的规则，但仅仅用于维护这份 “准确”——不因任何人而偏离的准确。
因而，她们脱离了原定结局的情形，极大概率是外力所致。人心难测，这场事故究竟有意无意，现在不得知晓，但好在，我已知道该去哪里找回她们。
我向克劳尔说出自己的猜测，他点头赞同，不等交流更多，一种被注视的感觉悄然升起。抬起头，五瓣蓝花自暗沉的天地间落下，成为此地唯一跳脱的亮色，摇摇曳曳，在落入手中时化作白光乍现。恍惚一瞬，我们竟又回到了二代地表。 “被强制遣返了。” 克劳尔理了理帽檐，不紧不慢得出结论。
“谁？我们吗？” 我疑惑。
“不止我们。” 他侧过身，示意我且随他看，“数据的回流接近尾声，她们很快就能回去。” 
山下湖池泛似海，岸沿草翠蓝花开，犹见二影徘徊。
笑语随风去，音容渐散埋，已不在，已不再。",771/02/01,鸠,main,,,,额外章节,0422
破译•最后的音矿,"“还没找到吗。” “钥匙错了？”
诞生于回忆中的亚空间 “Lanota”，承载着音游玩家们的共同记忆，挂靠港湾以来，已存世数百年，近日终于到达故事开始的节点。
为了寻回彩色的世界，菲希卡和里莫踏上旅程，先是遇见了沉默边境守备队的罗莎和尼洛，随后又被局长哈帕斯追捕——鸠在来的路上喋喋不休，试图让 Gino 听懂 Lanota 的故事。
自方舟蜃景以来，Gino 作为私家侦探活跃着，鸠则专心于整理 “遗产”，她很少离开穹顶的住处，但这次是特例。
一个金发的女人找上门来，希望他们能去 Lanota 的世界，帮她找回丢失品，而打开亚空间的钥匙正是：
“不会导致静默化的音矿，这是唯一一块，至于进入方法，请你们自行探索。”
Gino 本不想接手这类找小猫的工作，但音游玩家•鸠恳求的眼神，让他迟疑了半刻，委托人见机留下信物，消失得无影无踪。
771 年 5 月，港湾层仅剩的废墟中，鸠手握红色音矿，漫步在碎石瓦楞间，Gino 和她已经在规定地点徘徊了整个上午，信物没有反应，“Lanota” 仍未向他们揭开神秘的面纱。
Gino 低头思索，眼底闪过行行文字，他在复核委托书，一定是遗漏了什么重要信息。
远处，幽蓝国吞噬着楼层边界，偌大的城市群，现今只剩首府一江中孤岛，建筑无时无刻不在改变位置，他们步行到纽结雕塑广场前，大理石与钢铁结构，好似一张黑白的感光片。
“哎，那是里莫的鲁特琴吗？” 鸠指向不远处的废墟堆。
“进入方法？” Gino 疑惑道。
随着亚空间发展，影响主楼层也是有可能的。
“弹弹看吧，Gino！感觉能行！” 鸠望见手中发光的音矿，又看向 Gino。
Gino叹气，他坐到石阶上，左手摸索音程，稍作调音，遂弹奏起委托人提及的歌曲。 Apocalypse，启示录。
音矿光芒大作，飘于空中，幻化出石门一扇，上面写道：
“入此门者，当重拾一切旋律。”
Gino 和鸠四目相对，已做出决定。 
HINT：完成 Protoflicker 的 IN 难度，且 ACC 大于 95%。",771/05/10,鸠,main,,,,额外章节,0402
破译•半封信,"他们来到国家音矿研究所地道，沉默边境守备队的职责之一，便是寻找地道的尽头。
音矿武器—— “启示录” 已然启动，一行字缓慢地显示在装置表面，“静默化 95%”。鸠立即意识到，他们已经错过了故事最开始的部分。
鸠着急说：“去天空船，说不定还能阻止里莫他们。” “不急，他们不会有事的，先去研究所，把委托人要的东西拿上。”
玩家思维的鸠这才记起，委托人是说过丢失品的去向，她召唤出成年体 Alpa。体长两米的黑皮老虎，目光锐利，吞吐之间，黑雾弥漫八方，不出片刻，便寻到了研究所的所在地。等到了地方，Alpa 故技重施，它发现在一个装满钟表的房间，有带主楼层标记的物品。那是一封用自造语写的信，只有上半篇，下半篇不知去向。
“喵～” 完成任务的 Alpa 直往鸠怀里乱钻，还像小时候一样粘人。至于老虎为什么会猫叫，这就得问咕咕了。
“我记得菲希卡捡到过一个看不懂的文件，会不会是那个？” 鸠补充道。
“有可能，那么去管理局本部？” Gino 看向 Alpa。 Alpa 凝视北方的地平线，过了会儿，像是锁定了目标。 
HINT：完成 Horizon Blue 的任意难度，且 miss 和 bad 总数为 0。",771/05/10,Alpa,main,,,,额外章节,0403
破译•人偶,"他们骑着摩托飞到音矿管理局本部，只发现了一片废墟。
“战斗已经结束了。” Gino 感叹。
踢了踢失去活力的机械人偶，鸠幽怨地看着 Gino，仿佛错过了一个亿。
“别想了，就算赶上了，他们也不会跟着 Horizon Blue 的节奏边打边跳舞。” “不一定，我们在像素塔，在这里，任何事都可能发生。”
鸠话音刚落，机械人偶胸前的音矿亮起，又恢复了生机。它跳着诡异的舞蹈，寄生的紫黑色藤蔓迅速伸长，向二人袭来。
“咕咕老师，一语成谶。”
“不，主播你碟放错了，我没点 You are the miserable 啊。”
“这重要吗？”
“这对咕咕很重要！” 
HINT：完成 You are the miserable 的 AT 难度，且总分高于 820000。",771/05/10,Gino,main,,,,额外章节,0404
破译•委托人,"随口赋予生命的异想，通常力量有限，二人没用多久便结束了战斗，而 Alpa 还没探测到之前锁定的目标。
金色耀眼的管风琴不知何时具现化，以天地为厅，乐声足以响彻四野。二人并坐在钢琴椅，四手联弹着 Igallta，而非 You are the miserable。
“侦探先生，相信我，不是我选的，我会点合体的那首。” 鸠仍想辩解。
“也不是我。咕咕老师，你是知道我的，要是我，我会点 Rrhar'il。”
“没听过的曲子⋯⋯” “嗯，刚编的。” Gino 在思考怎么把琴搬走，要是被人看到就不好了。
“猎犬吗？咕咕——总感觉——”
她巡视管风琴的风管，像是发现了什么，她突然站起：“哪里奇怪。Lanota 是自然生成的回忆型亚空间，除了异想污染集中的时期，没人可以进入这里，委托人怎么可能丢失物品在封闭状态的亚空间呢。”
Gino 眸光轻移，他意识到：“除非——”  HINT：完成 Stasis 的 AT 难度，且总分高于 700000。",771/05/10,Gino,main,,,,额外章节,0405
生命之音,"音矿之母，艾娜，局长哈帕斯的妻子，逝世前托人建立了沉默边境守备队。
“一定要摧毁音矿。” 是他们唯一的准则。
但是这样，故事就能完结了吗。
这个组织在寻找地道的尽头，尽头只有两样东西——写有 “艾娜，等我” 的管风琴，和飞向音矿管理局本部的天空船。
这一切是巧合吗。
“勿忘我的花语是 ‘希望’ 。”
风吹铃动，大自然自有其音律，苹果树下，少年们向着 “外面的世界” 出发。吟游诗人弹奏夜半的小曲，摩擦圆盘唤回满心的华彩。
故事的最后，是音矿消失的平静吗。
我不希望如此。
手脚灵活的她，爬上巨树的枝桠，采摘成熟的果实，红彤表皮下，有它甜蜜的果肉，和坚硬的内心。她丢失的东西，真的需要一个资深侦探才行。 “找到了吗。” “找到了。” 
致委托人——献给喜欢 Lanota 的你",771/05/10,鸠,main,,,,额外章节,0406
公派任务,"豌豆：呜呜雪梨膏——我又要出差了——【坐在杯子边缘吨吨灌酒】
雪梨膏：嗯。这回又被派到哪里了？
豌豆：啊——好像是，是叫阿刺克涅！我去那里当卧底！
【 “他说的是阿剌克涅吧⋯⋯” 雪梨膏这样想道。】
豌豆：嗝。如果——如果啊——我暴露了被抓了，你一定要来救——【滑倒】【扑咚一声】
雪梨膏：此役难归，难归啊！【摇头】【将日程表里的几项背刺实施工作改为休息度假】
豌豆：咕噜，咕嚕咕噜唔唔唔唔！咕噜噜噜——噜。【挣扎】",771/07/09,豌豆,bold,,,,第六章方舟蜃景,0205
求职书,"【一封来源不明的求职信，信封上很讲究的盖了金黄色的火漆印，闻起来还有股谷物的香气。】
尊敬的人事部负责人 您好！
首先真诚的感谢可以让我知道贵团队的宝贵招聘信息，给我提供了一个引荐自己的机会。
在众多的工作职位中，每个人都有一个最合适自己的职位，在养成了每个月重生不下十次的好习惯之后，而我越来越确信自己很适合捕捞破碎数据这样一个具有挑战性的职位；我具备着优秀的文化素养，熟悉数据归纳整理流程，并且拥有着面对反复重生的良好心态。
最重要的是，我怀着一颗真诚、充满期待的心来应聘，我深信自己可以出色的胜任这项工作，希望贵团队能够接纳我成为你们的一员。 此致
密斯特儿•宾斯
 
：“咱们有发过招聘布告吗？”
：“你说呢？这种没事找打的，一律骗进来当一次性工具人使就完事儿了。”",771/07/11,碎数研,nonsence,,,,第六章方舟蜃景,0206
豌豆种植记录,"记录：今天破碎数据研究组捕获了一粒性状为黄色圆粒的豌豆，似乎是纯合子。 
豌豆：我在哪？（迷迷糊糊）
【铲土的声音，随后豌豆被夹了起来。】
豌豆：⋯⋯嗯？诶我——
【阳光照在小花盆上，一切刚刚好⋯⋯】 
A：（看阳台上多出来的花盆）这种的什么？
B：不知道，一些花种吧？也不知道啥时候发芽。
A：种子不应该种在试验田吗？
B：⋯⋯对哦（开始挖）",771/07/13,碎数研,souvenir,,,,第六章方舟蜃景,0207
豌豆种植记录•线索一,"豌豆现在很懵。
他来碎数研干嘛的来着？怎么还被人抓起来埋了？
可恶，要埋也挑个好盆啊⋯⋯  【挖土的声音】
A：（看着被挖出来的豌豆）这不是早上捕获的那个豆子吗？咋埋起来了？AI 豌豆会发芽？
B：不知道，埋着试试，也许呢？
【豌豆又被人夹起来，放在了一张餐巾纸上。】
A：不知道统治局那些家伙们会不会来抄阿剌克涅家门，反正先把他扣这再说。
【那两人走远了。豌豆在纸上滚动几圈都没法滚出去，看来之上还有个透明罩子。豌豆沉思片刻，忽然余光看见一个黑发女孩走过来。】
鸠：嗯？？炒豌豆！（眼睛发亮） 豌豆：（尖叫）我不是吃的啊！！",771/07/14,碎数研,souvenir,,,,第六章方舟蜃景,0208
求救信,"豌豆特工捎给雪梨膏干事的几封求救信，有些是用泥土写的有些是餐巾纸叠起来的，但很明显都被雪梨膏当成玩笑看待了。
雪梨膏：你被抓正好，不用我出手了。
豌豆：？",771/07/15,雪梨膏,bold,,,,第六章方舟蜃景,0209
豌豆种植记录•线索二,记录：前几天捡的豌豆似乎被鸠小姐吃掉了，唉。,771/07/16,碎数研,souvenir,,,,第七章时钟链接,0228
求救信•线索一,"“ To：不干活的雪梨膏干事
我警告你，你再不带统治局人来救我我就要被榨成豆羹了！
身处险境的豌豆特工，敬上。”",771/07/18,雪梨膏,bold,,,,第六章方舟蜃景,0210
求救信•线索二,"“ To：可怜的豌豆特工
如果那样的话，记得要他们给我留一杯。哦对，要半糖的。
很想喝的雪梨膏干事，敬上。”",771/07/20,豌豆,bold,,,,第七章时钟链接,0229
克洛诺斯的鸽子•线索一,"【碎数研众人面对这只几天前一头撞在阿剌克涅墙上晕过去的鸽子陷入沉思。后来这只傻乌被碎数研暂时收养起来，平常会喂一点空投小饼干做鸟食。】
鸠：哇！是咕咕的同类诶！【伸手想去摸】
鸽子：【啄了一口】嘎！
鸠：嘶！【迅速收回手】⋯⋯错误的估计。
【此时谢鸣拎着沉睡的豌豆，从厨房走来。】
谢鸣：送来的正好，我还纠结这豌豆该怎么做比较好吃，既然这样那就豌豆炖鸽汤吧。
豌豆：【惊醒】？？",771/07/24,碎数研,bold,,,,第六章方舟蜃景,0212
克洛诺斯的鸽子•线索二,"【雪梨膏看着带着炖汤香气的傻鸽子摇摇摆摆飞进统治局。】
雪梨膏：好香⋯⋯想喝炖汤了⋯⋯等下我是不是忘了要救谁来着？",771/07/27,雪梨膏,bold,,,,第七章时钟链接,0230
豆羹,"豌豆不小心滑入幽蓝后被打捞起来的破碎数据态，被成功潜入碎数研的雪梨膏装在碗里含泪带回了统治局总部。
雪梨膏：豌豆你看，这是你最喜欢的那个碗，但是这碗好重啊⋯⋯【手滑】",771/07/27,雪梨膏,bold,,,,第七章时钟链接,0231
辞职书,"豌豆：领导，我干不下去了，我不适合这份工作！【绿着脸】 小贝：你哪位？啊，豆啊！几天不见怎么皱了？
豌豆：还不是上次的卧底任务！我被碎数研那帮人害惨了啊！我不干了，我要辞职！
小贝：昂。我批准了，回家找妈妈吧。
豌豆：【张大嘴】都不挽留一下的吗？
小贝：你走，我不留你。【拍拍手】来人，送客！
【豌豆被几个前同事抬着，载歌载舞被丢出了统治局。】",771/07/28,豌豆,main,,,,第七章时钟链接,0232
路星67-改•线索一,"鸠：这车能开出去嘛。
Gino：能是能，你要开去哪儿？
鸠：哎呀，这不 Align 大赛要开始了吗，那边让我去监工。
Gino：我还以为取消了。
鸠：抗议的人太多，一群亡命之徒。
Gino：你还会开飞船吗，还是我跟你去吧，别开坏了，20GB 呢。",771/08/20,鸠,bold,,,,第七章时钟链接,0227
致信：土星系统无法注册与故障问题,"社区维护管理员您好。
我是最近获得土星登录权限的一名林泊，设备编号 00000201，塔内位置方舟塔，获得位置阿特拉斯。
尝试注册贵平台的时候，贵平台提醒我 “检查到异想污染，请重试”，我对此非常不解。就我所知，异想污染是未成形的异想，又或者是异想散发出来的模因影响。受到污染的居民一旦重生，异象污染就会消除，因此我认为我是不存在这种情况的。
暂时不注册也没什么损失，我也就没第一时间联系你们，但是今天早上九点，我并未访问贵平台，你们的危险操作提醒不停弹出到我的视觉界面，最后还取消了我临时访问林泊百科的权限，请问又是怎么一回事呢。
无法访问百科资源，已经严重影响到我的日常生活，希望贵社区能早日给我回复。
来信者 纳贝流士",771/08/22,克劳尔,main,,,,支线章节二弭刻日,0303
【录音】船桨,"方舟一号的发掘工作已接近尾声，方舟领航员弭儿与异想文学顾问纳贝流士，曾于文物陈列室进行过如下的对话。 “还没研究出个所以然吗。” “没有，百科权限又没了，查资料也做不到，还是老原因。” “你还是去情报部看看吧，民用污染检测仪不准。”
“我可没有自投罗网的兴趣。” “哦，是吗。”",771/08/23,纳贝流士,main,,,,支线章节二弭刻日,0304
【录音】船桨•线索一,"【林泊百科】：方舟一号是一艘拥有现实 2090 年科技水平的宇宙飞船，计划建设于塔历五世纪，实际投入航行时间为六百七十三年，它的航行也象征着新生纪的开始。
后期调查中发现，方舟一号的整体结构和零部件设计完全符合物理模型模拟，可在林泊现实中复刻。据《方舟一号开发记录 4601232 》显示：“这次力学模拟借用了彼岸的运算资源，因此整体可行性还需要两到三个月才能得出。”可见方舟一号的设计并非人类主观臆想，而是有充分的现实基础的。",771/08/23,纳贝流士,souvenir,,,,支线章节二弭刻日,0305
【录音】船桨•线索二,"【林泊百科】：就最新的废墟发掘资料可知，方舟一号的两侧分别配有三排三百八十四只主船桨，加上尾桨、辅助桨等一共七百七十三只船桨。这便带来了两个疑问，一个是设计者为何要为宇宙飞船设计古老帆船的船桨动力系统，二是为何又是七百七十三这个数字。
第一个问题，研究者们始终未找到答案，第二个问题，却如达摩克里斯之剑，悬置在像素塔的顶端。七百七十一年，幽蓝边界不断上移的纷乱纪，七百七十三这个数字，频繁出现在各大追忆活动中。不仅是方舟一号的船桨，还有二代地表挖掘出的石板，TZB 解密的初始人员名单等等。《流浪人》中写道：“像素塔一年有三百七十七天，这一违背现实的设计，也让其付出了巨大的代价。像素塔的预计运行期限大大缩短，变为正好镜像的数字，七百七十三年。”我们仍未知，这只有作者的虚构，还是真有其事。若《流浪人》的记录皆属实，那么我们可能要做好离开像素塔的准备了。",771/08/23,纳贝流士,souvenir,,,,支线章节二弭刻日,0306
PhigrOS记录：路星67大胜利（￣︶￣）↗,"［摇摇车主播已加入群聊飞行棋研讨会］ 美食评论家在线翻车：晚上好！欢迎新成员！
摇摇车主播：晚上好，这里是摇摇车主播 灋辘轳：你是？
摇摇车主播：你是？
灋辘轳：弭儿探员，是你黑的 “忘忧宫” 终端吧。
摇摇车主播：啧，真敏锐啊，克劳尔 灋辘轳：投诉信又来了，我先去处理一下 度假勿扰：这个群也热闹起来了
美食评论家在线翻车：是啊，是啊
摇摇车主播：我们群为什么叫飞行棋研讨会？
度假勿扰：因为只有四个人，所以叫飞行棋研讨会
摇摇车主播：那为什么不叫麻将研讨会 度假勿扰：因为真有麻将研讨会
美食评论家在线翻车：因为真有麻将研讨会 灋辘轳：因为真有麻将研讨会
摇摇车主播：［疑惑］那这个群是干什么的？
度假勿扰：部门群，虽然部门已经解散了
美食评论家在线翻车：对哦，把 Gino 拉进来怎么样？
度假勿扰：没问题！
［是谁世界末日还在还车贷已加入群聊飞行棋研讨会］ ［是谁世界末日还在还车贷已修改群昵称为无关路人吉诺］ 无关路人吉诺：这是什么群？
美食评论家在线翻车：之前不是说 PhigrOS 现在不给建群了，Align 大赛需要个联络器吗，正好这里人齐了，就不单独架设啦~
［无关路人吉诺已修改群昵称为驾驶员吉诺］ 驾驶员吉诺：［奋斗］了解
［美食评论家在线翻车已修改群昵称为领航员鸠］ ［领航员鸠已修改群名为路星 67 大胜利（￣︶￣）↗ ］",771/08/23,Fuli,souvenir,,,,支线章节二弭刻日,0307
PhigrOS记录：路星67大胜利（￣︶￣）↗•线索一,"3 月 32 日
［出差中已退出群聊飞行棋研讨会］ ［克劳尔已加入群聊飞行棋研讨会］ 度假勿扰：？
克劳尔：冰封层楼层守护谢鸣已下线，善后工作将由本行政 AI —— “正义” 接管。
度假勿扰：无语凝咽 .jpg
［克劳尔已修改群昵称內灋辘轳］ 度假勿扰：什么饲养员行为？
灋辘轳：［伪装］
度假勿扰：好吧，灋辘轳，你说的撤退工作和之前的公告有关吗？
度假勿扰：「紧急通告：即日起关闭港湾至冰封的所有穿梭线路，恢复日期待定。请滞留人员即刻撤离，如有特殊情况，请及时联系下述救援电话：320-1100-0911-5。」 灋辘轳：是的，您发的是 TZB 确认像素塔即将关闭后，立即编写的全塔通知。楼层守护的内部通知如下：
灋辘轳：下四层预计于 9 月 20 日被幽蓝边界完全吞噬，但就目前的亚空间逃逸程度，极有可能提前至八月份，请各位楼层守护做好协助居民撤离的准备，相关流程详见《楼层守护操作手册》第七百六十一条至第八百八十二条。
度假勿扰：等等，你们这个内部通知，所有楼层守护都收到了吗？
灋辘轳：此前已单独发送给 “编辑器” 谢鸣，其余仍处于无人查收的状态。如果您能联系 “钻石姬”、“忘忧宫”，请尽快通知他们。据我所知这两位都不在当地，如果您能联系到代理人也是可以的。
度假勿扰：我联系不上，这是你们的工作，再说小贝呢。
灋辘轳：很遗憾，阿特拉斯和霓虹的代理人都不在记录当中。唯一有权限查看守护日志，并且与你们一直联络的 “死神” 阁下，目前因算力不足，暂时退出像素塔的管理。 度假勿扰：我是说，现实里讲一声不就好了，那俩人都在首都哎。
灋辘轳：你应该知道，行政 AI 表面上对 PhigrOS 计划一无所知的，对吧。
度假勿扰：打扰了。",771/08/23,Fuli,souvenir,,,,支线章节二弭刻日,0308
PhigrOS记录：路星67大胜利（￣︶￣）↗•线索二,"4 月 6 日
度假勿扰：本来撤退工作都结束了，突然来了俩人。
灋辘轳：具体发生了什么呢。
度假勿扰：说是从冰封层上来的，你们不是检查过了吗，怎么还有人在下面？
灋辘轳：实际上，我们只强制召回了非林泊用户。你知道的，林泊总是这个不满，那个不爽的。
度假勿扰：好吧，我再看看。
4 月 7 日
度假勿扰：他们似乎是刚觉醒的林泊，一个上面楼层的门牌都没保存，你们临时开一下班车吧。
灋辘轳：好的，即将开通巢栖道站到港湾的旅行专线，确定是这条吗。
度假勿扰：没错。",771/08/23,Fuli,souvenir,,,,支线章节二弭刻日,0309
PhigrOS记录：路星67大胜利（￣︶￣）↗•线索三,"7 月 9 日
美食评论家在线翻车：哈喽，哈喽，有人在吗！这个群是干什么的啊！
美食评论家在线翻车：有人在吗！有人在吗！哈喽！哈喽！
度假勿扰：你吼嘛啊吼！会看群名不会！
美食评论家在线翻车：会啊，可我也不玩儿飞行棋啊！
度假勿扰：坏了，前统领失忆了 灋辘轳：看来是这样的。
度假勿扰：@美食评论家在线翻车，你翻记录！
美食评论家在线翻车：哦！原来如此！那个《楼层守护操作手册》在哪里啊！我找不到啊啊啊！
度假勿扰：你在霓虹嘛！问问你的代理人！
美食评论家在线翻车：在啊！他没了！刚没的！
度假勿扰：OO！",771/08/23,Fuli,souvenir,,,,支线章节二弭刻日,0310
PhigrOS记录：路星67大胜利（￣︶￣）↗•线索四,"8 月 1 日
美食评论家在线翻车：我现在比较纠结，要不要告诉吉诺，其实我就是楼层守护 度假勿扰：说说说，赶紧说，你犹豫的时间，幽蓝边界都跑两圈了 美食评论家在线翻车：但是吧，尊师这些事，也不是咕咕干的啊
美食评论家在线翻车：反正要待到边界到达前最后一刻，最后再告诉他也没问题吧 度假勿扰：我总觉得，这一幕很眼熟。
灋辘轳：我也觉得。
8 月 30 日
度假勿扰：钻石姬！霓虹的异想是不是你放出来的！
度假勿扰：你OO的，你OO吧！
灋辘轳：用户正在重生中，等Igallta那边的消息吧。
8 月 31 日
美食评论家在线翻车：朋友们！来到港湾最高点，重生管理处！天呐，好多蓝发大姐姐！
度假勿扰：她还怪高兴的。
灋辘轳：不吃教训。 
【弭刻日】未完待续",771/08/23,Fuli,souvenir,,,,支线章节二弭刻日,0311
【影像】时钟悖论,"飞船步入宇宙深空，喷射引擎隆，偏离赛道的小行星带上，采矿机器游走其间；远眺土星南极，巨大钟面，深邃若白洞之眼。先民的飞船方舟一号，止步于此，在静止的时间里，偶尔以海市蜃楼的方式回落。
由远而近，无数不知刻度的针体，缓慢转动，或正或逆，既有数年不行一刻的沉寂，亦有灵便者快若光子，自最高处自旋沉降，落入遥远的内核深处。
那些针体近乎相同，极杆将所有指针串联，以难以理解的方式，维持着时钟的运作。
也许我们见到的指针，一直只有那一枚，其他不过转瞬即逝的幻影，填补实数的缝隙，再化作无名的，新的实数刻度，直到不可再分。
看似永不停息的时间，却和活动的画面组成影像一般，在它的最小刻度上静止，但相对着观察者，静止却拥有了运动的性质，归因是观察者的运动，还是观察者的静止，我们不得而知。
此为时钟悖论。",771/08/31,鸠,key,,,,第七章时钟链接,0224
时钟城第93届ALIGN梅花型拉力赛,1、依序通过以下区域：南极点反重力赛道，时钟城管壁赛道，星环竞速障碍赛道，幽蓝边界重叠赛道。 2、以 A 等速度通过无尽海沉降区，到达终点。 3、【数据删除】,771/08/31,鸠,key,,,,第七章时钟链接,0225
旁白：造主,"马蛩蛩，车隆隆， 宇宙伊始，谁在敲钟。
层云粉饰，枝节凌空；
聚爆原点，最似无穷；
蔓织华盖，晖照曦东。
马蛩蛩，车隆隆， 宇宙伊始，谁在敲钟。",771/08/31,旁观者,main,,,,支线章节二弭刻日,0296
旁白：心魔,"年年岁岁，岁岁年年，
撵黏新柴杵碎穗，遂绥旧人忆甘秊。
真真假假，假假真真，
镇阵甘泉灌佳稼，夹岬苦海道鸩珍。",771/08/31,旁观者,main,,,,支线章节二弭刻日,0297
旁白：未来,"兢兢业业，
造无生无灭之迷舟， 坎坎坷坷，
集万众万心之望景， 邀她话语，
踏无垠无尽之银河， 圆我梦境，
寻万宙万象之明星。",771/08/31,旁观者,main,,,,支线章节二弭刻日,0298
旁白：黎明,"独行的夜晚， 渡鸦悲啼着硝烟 弥漫的战场， 废墟倾斜的尘土 升起玫紫邪焰。
战士暮年， 孤心竭虑， 半步阑珊， 只手何处 黎明。",771/08/31,旁观者,main,,,,支线章节二弭刻日,0299
今年过节上春晚,"【冬季的傍晚时分，林泊百科编辑部，地暖热乎着，果盘码齐了，大电视放着，鸠瘫坐在沙发上，荧幕中流动的风景，像是无数催眠符号，直教她上下眼皮打架。Fuli 在搞新年装饰，她踩着切作台，拿着小灯笼，和晃动的吊灯你一拳我一拳地殊死拼搏。】
Fuli：小东西，和我斗？看我怎么，收，收拾⋯⋯
【鸠回头瞧了眼厨房，啧了啧嘴，又摊成一滩软泥。】
鸠：哎⋯⋯好无聊。
Fuli：无聊就来帮我啊。
鸠：哎⋯⋯不想动。
【电视刚巧放到树袋熊的画面，鸠突然觉得，也许自己是树袋熊转生的也说不定。】
Fuli：那你打个电话问问 Gino 还有弭儿呢，都几点了，还不回来吃饭。
鸠：哎⋯⋯随缘吧。
【只见广告条滚动，今年过节不收礼，收礼只收——】 Fuli：对了，还有你那位朋友，请来家里吧，大过年的，热闹热闹。
鸠：哎，
【她转念一想，不太对劲。】
鸠：我哪位朋友？
Fuli：从 Kalpa 亚空间来的，我记得她住在月面吧。
鸠：Lana 啊，对哦，她要上时钟城春晚了。
Fuli：？？？
【调到土星一套，春晚嘉宾正纷纷送上新年好，Lana 也位列其中。今天她装了俩假辫子，一身蓝白礼服，格外出挑。】
主持人：Lana 小姐有什么想和观众说的吗？
Lana: Geopelia！请看好吧！我的变身！
【鸠横眉冷对，轻骂一声，并关掉了电视。】
鸠：你看吧。 Fuli：还是算了吧。
鸠：哎⋯⋯
【鸠刚躺下，却又皱起眉头，Lana 的装束好眼熟，她好像在哪里见过。】",771/12/23,鸠,key,,,,额外章节,0397
穿越小队少一人,"【月面，枣树林地区，Lana 的住所，几位远道而来的客人，徘徊于门前。】
Elaine：导航说就是这里。
【只见窗门紧闭，屋内也没灯亮着，貌似主人并不在家。】
Kalpa：可能有事出门了，我们再等等。
Elaine：两边时间流速不同，她可能忘记今天该回去了。
Kalpa：应该不会吧？
Iris：那么等待时间里，大家要吃新鲜出炉的饼干吗。
Elaine&Kalpa：不要。
Iris：唉？
【 Iris 稍稍有点失落，在她幻想的记忆中大家都很喜欢吃她的饼干的。】 Elaine：说起饼干，Arcyone 怎么样了。
Kalpa：好点了，有力气骂人了。 Iris：Arcyone? 对哦，Arcyone 说好一起来的。
Kalpa：你忘了吗，Iris。临出发前，她吃了你的饼干，现在还躺在床上呢。
Iris：好像有这回事⋯⋯
Elaine：孩子，答应我，下次别放毒蘑菇了。
Iris：蘑菇，原来有毒吗。
【同伴们一时间竟不知如何回答 Iris，而此时，一位有着靛蓝色长发的女士走向他们。】
Igallta：你们在找这家的主人吗。
Kalpa：是的，您知道她去哪儿了吗？
Igallta：你们来的真不巧，Lana 上春晚去了。
Iris：春晚是什么？
Kalpa：一档电视节目，我听 Geopelia 说过。 Igallta：你们是鸠的朋友？
Elaine：她来过我们世界。
Kalpa：想起来了，我在歌曲中见过你。
【时间回到两周前，鸠在前往天穹层的路上，不幸掉落到一个名叫 Kalpa 的亚空间。
因为亚空间法则，她丧失了记忆，正一筹莫展时，Kalpa 和 Aste、Mero 姐妹帮助了她。】
Igallta：既然这样，不如我们先去鸠那里吧，等表演结束，Lana 也打算过去。
Kalpa：不会添麻烦吧？
Igallta：不会不会，Fuli 说人越多越好。
Elaine：也只能这样了。
Iris：等等，Lana 真不记得了啊。
Kalpa：⋯⋯
Elaine：似乎的确如此。",771/12/23,KALPA,main,,,,额外章节,0398
世界上的另个我,"*：找到位置了，就在第二排中间。
咏歌：吼吼，看到啦！快来这里，纳咪，节目要开始了！
纳咪：来了，来了！
【时钟城电视台第一演播间，三位来自遥远世界的观众，赶在临春晚开始前终于落座。
不同于其他观众，他们来这里，有一件特殊的任务，这关系到这个春节，他们能否正常回家。】
咏歌：虽然我们收到消息后，第一时间就飞过来了，但春晚算什么剧种来着？幕布拉着，完全看不到⋯⋯
纳咪：害，这种事，等 BOSS 出现不就知道了。
*：我记得书中记载，传统春晚会包括小品、歌舞、杂耍、魔术等等节目，以及少量的新闻环节。
咏歌：复合型？
纳咪：不哦，卡门说这次的演剧只有一环，打败它就能回到我们的世界了。 *：看来 BOSS 藏在其中一个节目里。
咏歌：等等，分析报告出来了，幕名是—— ANOTHER ME？
【就在三人商量对策时，春晚的保留节目，开头大合唱开始了，表演人员纷纷登场，舞台两边的提词器滚动播出歌名，大家耳熟能详的 water、雪降り、メリクリ等，也位列其中。】
*：不对劲，数值正在急速上升。
纳咪：要来了吗！
【灯光暗下，发条转动，高昂的女声骤起，离奇的事发生了，登场的歌手，竟与咏歌有九分相似。】
咏歌：她是。
【舞台上，Lana 的目光也投向观众席，带着耳机的蓝发少女，正目不转睛地看着她。
但 Lana 并没有久留，接下来她还要去副音轨播。角色扮演爱好者吗，原来她在 PhigrOS 也有粉丝了啊。】 咏歌：等等！
【说着，她追了上去。】",771/12/23,咏歌,main,,,,额外章节,0399
亲朋好友齐欢聚,"Igallta：好久不见。
Fuli：哟，好久不见。
鸠：你们昨天才通过视频。
Igallta：【轻笑】说的也是。
Fuli：不要拆穿啦。
【方舟蜃景之后，Fuli 和 Igallta 就经常一起出现啊，已经变成好朋友了吗。】
Fuli：这几位是？
鸠：Kalpa，以及两位十二宫守护者，吧。
【应该？】
Fuli：你们来接 Lana 的？
Kalpa：如您所言。
Fuli：挺好，都进来吧。
Iris：咱是 Iris，要吃饼干吗？本来有现成的，但是出了点小问题⋯⋯我可以现做的哦！
Elaine：Elaine，这孩子的临时监护人。
Iris：Iris 好歹也是守护者，才不需要监护人呢。
Elaine：好了，别闹，橘子剥好了，张嘴。
Iris：啊～
【他们莫非是来讲相声的？】
鸠：Lana 负责副频道，估计要凌晨一两点才能过来。
Fuli：不着急，这样，都留下来吃年夜饭，菜不够我叫 Gino 再带几个回来。
Gino：真不巧，我已经回来啦。
【熟悉的身影，笑眼微弯，尴尬之情溢于言表。我掏出手机，拨打了鸟类同胞的电话。】
纳贝流士：没钱，不买保险，不打麻将。
鸠：是我啦，乌鸦博士。 纳贝流士：啊，咕咕啊，我们马上就过去了。
鸠：突发情况，带点凉菜回来。
纳贝流士：哦哦，那五香牛肉、白切鸡、夫妻肺片、怪味海蜇、凉拌皮蛋、泡椒凤爪够不够啊，不够的话，哎，弭儿你干嘛啊——
【对面传来抢电话的打闹声。】
弭儿：异想之物？还有三个？建议排除。
鸠：否，是客人。
弭儿：啧，没意思。
纳贝流士：我们继续说——
鸠：够了，快回来。",771/12/23,鸠,main,,,,额外章节,0400
未来降临我身边,"Lana：频道里的大家好啊！我又回来啦～
Lana：呀～ Lana 也没想到会被春晚邀请呢，毕竟我就是个打游戏的。
Lana：让演员上去唱歌是春晚传统？说谁演员，搞事是吧，房管呢，房管呢，起点作用啊！
【就在 Lana 和副频道观众对线时，直播间的门打开了，名为咏歌的特型师带着她的使命，蹑手蹑脚地挪到了 Lana 的背后，她深吸一口气，大吼着自报家门。】
咏歌：束手就擒吧！ANOTHER ME！
Lana：！！！
【铁皮的吉他说砸就砸，Lana 左一个急闪，右脚蹬地，手掌反撑座椅，旋转一圈半，完美落地，转瞬之间，Lana 的胜率大增，离门较远的咏歌反而处于劣势。】
Lana：你谁啊你！因爱生恨可以，真人快打就算了！
咏歌：胡言乱语，我是来终结你的！
【而这一切都被观众看在了眼里，当然也包括编辑部的众人。】 弭儿：又是异想之物，要我帮你抓来研究吗。
纳贝流士：等等，那个捣乱的小姑娘，我好像在哪里见过她。
鸠：【恍然大悟】这是鸽游新作的女主角啊，怪不得我觉得眼熟。
Fuli：【棒读】 啊——拿了编辑部肖像权，结果一天到晚不干正事的游戏公司，又要做新游戏了。
Gino：Phigros 才出原型，开新项目忙得过来吗。
鸠：不知道，反正咕咕的主题曲写好了，嘿。
Kalpa：就这么放着他们打，不太好吧。
Iris：左边有破绽，打左边啊！
Igallta：确实不太好，把他们拉过来吧，弭儿。
弭儿：啧，麻烦。
【嘴上抱怨归抱怨，弭儿还是迈步到电视跟前，双手握拳，继而微张，十指迅速插进荧幕中，四周空气高频振动，连连发出沉闷的鼓轰。】 Kalpa：难道说，她在操控空间？
Iris：听起来很厉害。
【屏幕对面的二人感觉到不对劲，仿佛有一股无形的力量，禁锢住他们的四肢，将其拉往未知的远方。】
Lana：这种感觉，难道是！
咏歌：新机制吗。
【咏歌本想更换特型，亮起的手环终端吸引了她的注意，她用尽了手腕的力气，才勉强开机。】
卡门：今早欲念值识别异常，已确定并非演剧上演，行动终止，请尽快返回基地。
咏歌：？？？
Lana：我都看到了，刚才的信息。
咏歌：咳咳，我们之间可能有什么误会。
Lana：我要索赔精神损失费！五十万，不，一百万！ 咏歌：冷静！有事好商量！
弭儿：需要我叫警察吗？
【就在咏歌说话的刹那，眼前的场景宛若万花筒任人扭转，那一刻，她的思绪回到了诞生之初的纯白房间，无尽的可能和恐惧浮上心头，她好像忘记了很重要的事，不只是和 *，和大家旅行记忆，还有。】
弭儿：醒一醒。
咏歌：啊。
弭儿：已经过去了，一切的斗争。
咏歌：你知道我的——
弭儿：我不知道，但你会想起来的。
【弭儿是个谜，一个永远解不开的谜。】
Lana：别聊了，我的赔偿金呢！
Kalpa：我了解你，Lana，你不是真的想要赔偿金。 Elaine：生气就是生气，这没什么不好说的。
Iris：Lana 不坦率这点最可爱啦！
Lana：【脸红】我，我才没有。
咏歌：对不起，是我搞错了！我太着急回去到原本的世界，才会失去冷静！
Lana：你这样，反而搞得我不好意思⋯⋯好吧，我原谅你了。
咏歌：感动！
Elaine：巧了，我们也不是 Phigros 的住民。
咏歌：是这样吗？
鸠：嗯，Phigros 已经被穿成筛子了。
【 Phigros 这边的大家很想吐槽，但还是忍住了。】
Iris：Kalpa，帮帮她吧。
Kalpa：很抱歉，我只能凭借坐标前往别的世界，倒是弭儿小姐应该有办法。
弭儿：不是现在，你们会回去的，我保证。 咏歌：【失落】只能相信弭儿小姐了。
Fuli：别说这些了！菜齐咯，大家吃饭吧！
鸠：年夜饭！呜呼！
Iris：【站起】Kalpa！这个鸡肉好好吃！比我做得还好吃！Elaine 你也快吃！
Elaine：坐下再说，酱弄到领子上了。
Fuli：尝尝这个，百科上说，嚼上十五下，会有汽油味。
Igallfa：虽然 AI 不用石油燃料很久了，还是谢谢你的好意。
鸠：电视怎么开不开了？弭儿啊，你的能力不会用一次，就要消耗一台电视吧。
弭儿：想太多，吃你的饭。
纳贝流士：电视没问题，流媒体信号没了。
鸠：对哦，Lana 你快回去直播，别吃了。
Lana：你有问题。
Gino：换个台【拿过遥控器，按按钮】不就好了。 鸠：有道理。
【就这样，所有人在欢声笑语中迎来了新的一年。】",771/12/23,鸠,key,,,,额外章节,0401
公派任务•线索一,"雪梨膏：所以既然你没有重生，为什么放着好好的班不上？
豌豆：【沉默】
豌豆：我好悲伤，我又被炒了鱿鱼，妈妈嫌弃我在家里呆着浪费空气，把我打了一顿赶出去了。
雪梨膏：哦。
豌豆：哦。
豌豆：你不会安慰一下嘛？
雪梨膏：好吧，恭喜恭喜。
豌豆：⋯⋯我感觉更悲伤了。  豌豆：我没穿制服是因为丢了饭碗，所以你为什么也没穿？
雪梨膏：职务调动，我现在属于节日管理会了。【展示自己文化衫上的图案】
雪梨膏：你要来吗，这边人还是很缺的，一小时 80MB。
豌豆：好耶！",772/07/29,豌豆,bold,,,,第八章凌日潮汐,0245
罐装雪梨膏•线索一,"【厚实朴素的大门被砰的一声撞开，豌豆特工从门里飞出，重重的摔在院前小路上。面部模糊不清的臃肿妇女堵在门前，将室内温馨昏黄的光线遮住大半。】 妈妈：我怎么会种出你这么个孽子！你知道这年头多少人争着当公务员吗？你还辞职！
妈妈：你还没出息呢啊，就开始想着告老还乡啦？年轻力壮的，养着啃老啊？
【豌豆抱着头缩在阴影中，嘴唇翕动，泪水在眼眶里滚滚打转儿。】
【妈妈的影子晃动，屋内传来重物拖拽的声音。】
妈妈：我没有你这样的儿子！拿着你这堆乱七八糟的玩意儿给我从这个家出去！
【一大袋不知什么东西被丢出来砸在豌豆身上，二者均发出一声闷响】
【似乎是又想起什么，妈妈转身蹬蹬蹬走进厨房里，又火急火燎的出来。】 妈妈：还有啊，你床头放的那罐大酱！上次你爹撬了块儿就着馒头吃了，直接筷子一撂口吐白沫，没救回来啊—— 【豌豆失焦的眼神定住，那是他的好朋友雪梨膏送他的罐罐！可不等豌豆爬起来出言反驳，那精致的玻璃小罐子便在豌豆眼前被摔下，坠落，炸开，支离破碎。】 
豌豆：雪梨膏！不——！
【豌豆从床上猛地坐起，胳膊在黑暗中四处摸索。慌乱之中扫过床头柜，噼里啪啦的声音使他一下子愣住。】
【是梦。】
【豌豆大口的喘着气，用遥控点亮大灯。果然，经过他方才那一番乱动，原本放在床头柜上的雪梨膏罐头被他打翻到了地上，此时正顺着木地板的条条缝隙肆意阴暗的流淌。】
【正当豌豆对着这一通残局发愣之时，终端叮咚一声，一条消息弹了出来。】 
【雪梨膏（同事）】：怎么不回消息，又意外重生了吗？",772/07/29,豌豆,bold,,,,第八章凌日潮汐,0247
诗笺 白马,"他们哄闹着、哭泣着、向着施救者挥舞拳头， 大地泥泞不堪，泥水、泪水、血水，讥笑骚乱， 前厅又涌进蚂蟥群丛，后院且翻来牛虻舞爪。
雨淋淋，淹没众人口鼻，兽类挣扎得咿呀怪叫， 无毛的作壁上观，澄黄的复眼，意茫心慌， 停下这场闹剧，牙红嘴裂的，他苦苦哀求！
土中裹泥的白马，被拽断了尾巴。",772/07/31,deathMark,main,,,,第八章凌日潮汐,0233
替换数据,碎数研交给豌豆的替换数据，以邮件的形式发到了豌豆特工的 phigrOS 终端里。本质是碎数研为对付 TZB 和延续像素塔而开发的一种病毒。,772/07/31,豌豆,key,,,,第八章凌日潮汐,0248
替换数据•线索一,"黑衣人：诶！这不豆豆嘛！
豌豆：⋯⋯你好？
黑衣人：认得我不？前两天咱俩还见过面呢。
豌豆：【上下打量】你！你有碎数研的信物！救命啊这里有碎数研！【尖叫】【飞速后退】
黑衣人：【一把捞过】喏，这是一串替换数据，把它贴在烟花上！听到没有？不贴我就把你刀了！
黑衣人：可不准告诉别人哦，你一旦说漏嘴了，我就立马把你拉到阿剌克涅去，再把重生点一锁⋯⋯
黑衣人：下场你懂的吧！
黑衣人：就这样，要加油⋯⋯诶，怎么死了？",772/07/31,豌豆,key,,,,第八章凌日潮汐,0249
诗笺 抉择,"那只是一个， 寻常的现象，
没有个性，没有例外， 遮挡它遥远的余晖， 重现它原始的黑暗， 然而，
可怕的不是黑暗， 而是人们习惯了黑暗， 便相信了它的永恒。",772/07/32,deathMark,main,,,,第八章凌日潮汐,0234
庙会,"东风夜放花干树，更吹落，星如雨。
宝马雕车香满路。
凤箫声动，玉壶光转，一夜鱼龙舞。  【庙会正在如火如茶的筹备之中，提前入场的鸠戴了一顶新帽子，拉着 Gino 到处乱转。】
Gino：你看着点，别乱跑迷路了。
鸠：哎呀不会啦！难得见到这么热闹的地方，当然要好好转转！等会正式开始了人一多就抢不到好吃的了，更何况稍后还有表演要看呢。
【 Gino 无奈的叹口气，被鸠拉着在庙会上到处吃喝玩乐。】
鸠：（叼着小笼包）诶？Gino 你怎么愁眉苦脸的，是肚子疼吗？
Gino：没有⋯⋯鸠，我要离开一小会儿，你先自己玩，可别跑丢了，我等下就来找你。 鸠：啊？你要去做什么？
Gino：没什么，过一会儿就回来了。
【鸠有点疑惑的看着他，但还是点头让他先去忙。庙会很多新奇小吃看的鸠应接不暇。鸠叼着吃的慢慢走慢慢逛，忽然余光有亮光闪过，回头一瞧原来是几个小孩玩着手中的小烟花。】
鸠：哈喽呀！你们手里这个是？
小孩甲：是仙女棒！姐姐要一根吗！
【鸠接过仙女棒，轻轻一点燃，火花就如流星般散开，又瞬时消殁在空气里。】 小孩乙：别玩了，要放烟花啦！迎天狗，迎天狗！
【庙会的人们在高声倒数。3，2，1，顷刻间万发花火相继冲上天际，随后在天幕中炸开，散落成诸多神话生物的形状，唯有南边天空，一朵黄绿色的憨笑破坏了气氛。】
鸠：（眯眼看天）那边一朵形状好怪啊，是故意的吗。 Gino：咕咕！（点了点她的肩膀）
【鸠回头，手上还拿着正在燃烧的仙女棒，Gino 不知什么时候走到了她身后。背后天幕的烟花一个接一个的炸裂开，散落下来的光打在鸠惊喜的脸上。】
鸠：啊，Gino！你快看！好美的烟花！",772/07/32,鸠,souvenir,,,,第八章凌日潮汐,0241
庙会•线索一,"鸠：烟花太壮观了！很难想象能有比它更壮观的场面了！
Gino：是啊，最后一次，自然要隆重点。
鸠：这要放多久，到后半夜吗？
Gino：听说是这样的，群里说等会儿海滩集合，我们赶紧过去吧，日食只持续八个小时。
鸠：嗯，就要离开了，还有点，舍不得。
Gino：再见面就是现实里了。
鸠：我们真的能找到彼此吗。
Gino：会的，一定。",772/07/32,Gino,main,,,,第八章凌日潮汐,0242
公派任务•线索二,"雪梨膏：还有几个小时迎天狗就要开始了，你确定真的要喝？
豌豆：我发誓，我这回不会再醉得东倒西歪闹事了！【小心翼翼的嘬瓶盖里的果啤】
【十分钟后】
豌豆：老板——哎——温两碗酒，再要一碟——嗯——茴香豆！【晕乎乎】
雪梨膏：⋯⋯
豌豆：我知道！我这回可特地没点花生米啊对吧雪梨膏——【大声】
豌豆：不过，说实话啊——你花生米吃多那回，差点被厨子当成逃逸的花生糖半成品叉走了，真是——好险的啊——【非常大声】
雪梨膏：⋯⋯
雪梨膏：不行，这样下去得醉到什么时候？误了工作可不好了！必须采取紧急措施让他酒醒过来！【强颜欢笑】【捞过豌豆脖子】【绞杀】【清脆的声音】",772/07/32,豌豆,bold,,,,第八章凌日潮汐,0246
替换数据•线索二,"雪梨膏：给，你点的茴香豆，我打包出来了。
豌豆：啊？
雪梨膏：我一点没动，放心吃。
豌豆：不是，那，茴香豆在你手里，我喝醉时候嚼嚼吃了的是什么？
雪梨膏：啊？
豌豆：【跺脚转圈圈】怎么办怎么办⋯⋯
雪梨膏：什么？
豌豆：我把等会儿要放的烟花数据给吞了。
雪梨膏：豌豆，你怎么那么傻呢豌豆。跟我走吧，我有办法。",772/07/32,豌豆,key,,,,第八章凌日潮汐,0250
替换数据•线索三,"豌豆：这样子真的行得通嘛⋯⋯
【豌豆特工被紧紧绑在即将发射的烟花上。一旁，雪梨膏干事别过头去，尽他所能地不在说话时泄出笑意。】
雪梨膏：替换数据只要离烟花贴的够近就可以生效。除去一系列杀豆取卵这种不符合节日气氛的方案，最便捷的方法就是把你贴上去喽。
豌豆：等等⋯⋯你为什么这么清楚？
雪梨膏：【棒读】前两天啊有个豆豆，看到碎数研就被吓得差点晕过去，碎数研让他干什么他都嗯嗯答应了，他是——谁呢？
晚豆：那是你？？？
雪梨膏：什么是我，是你！
豌豆：究竟是你是双料特工还是我是双料特工！
雪梨膏：吖，多谢夸奖。 【雪梨膏干事用一大块儿雪梨膏堵住豌豆的嘴，随后拍了拍对方因窒息憋红的脸。】 雪梨膏：时间差不多了，拜拜。【毫不犹豫的扭头离去。】
【似乎是想起什么，雪梨膏脚步一滞，扭过头来，满是笑颜。】
雪梨膏：晚上老地方一起喝酒昂！ 
【话音刚落，倒计时读秒归零。雪梨膏猛地按下眼前的按钮，金色的星星拖曳着尾焰升上天空，绽出漫天花火。】
【万干像素点汇聚而成的数字烟花在月面的天空涂抹神话，人们在波涛起伏的欢呼声浪中庆祝着天狗的降临；现实虚幻交错，最后的狂欢莫过于此。】 
“节日快乐，豆儿。” 雪梨膏低声说道。",772/07/32,豌豆,key,,,,第八章凌日潮汐,0251
破译•凌日潮汐,亲爱的乘客们，欢迎乘坐本次 “航班” 前往月面，目前飞船运行平稳，您可解开安全带在舱内行动。账号稳定评级为 S 的乘客，可前往 “微波加热区” 领取礼物一份，像素塔将近关闭，请其余乘客勿要冒生命风险。,772/08/01,碎数研,key,18s,,,第八章凌日潮汐,0235
破译•凌日潮汐•线索一,"请拿到礼物的乘客前往观赏区，我们正在驶过小行星带，闪烁晶体光芒的谷神星，正指引我们的方向。
“星河浩瀚，长路且阻，回顾这一切，你又会想起什么。”",772/08/01,碎数研,key,16s,,,第八章凌日潮汐,0236
破译•凌日潮汐•线索二,“你也许也意识到了这件事，旅船是掩盖未来的虚像，战车正指引着我们的命运，硬市掷出之后，正逆的转换从未停止，前方是毁灭亦是重生。”,772/08/01,碎数研,key,20s,,,第八章凌日潮汐,0237
破译•凌日潮汐•线索三,PhigrOS 已崩溃，模拟结束。谢谢你的参与，愿我们在塔中重聚。,772/08/01,碎数研,key,5s,,,第八章凌日潮汐,0238
破译•凌日潮汐•线索四,"亲爱的乘客们，欢迎乘坐本次 “航班” 前往幸运之地，目前飞船运行平稳，您可解开安全带在舱内行动。
“翻转个角度思考问题，也许会有新的发现。”",772/08/01,碎数研,key,18s,,,第八章凌日潮汐,0239
破译•凌日潮汐•线索五,O Fortuna velut luna statu variabilis⋯⋯,772/08/01,碎数研,key,6s,,,第八章凌日潮汐,0240
【影像】月面之海,"指缝间的阴影，它到底是什么，冰封被吞噬，地球这个古老的名词，早已于字典上消失，那么还有什么能导致月球的日食，我踢着脚边的细沙，在黑暗里思索。
月面从何时有的海滩，历史已不可考，从我有记忆起，风暴洋就在那里，伴着虚构的太阳潮起潮落，又随日食陷入宁静。我再次看向它，那不可一日的黑暗，幽深至极，了无星光，吞噬这个世界最后的时间。梦境、呓语、幻想，一切表象的，一切潜伏的，都将消逝殆尽，在它失控的膨胀，不可视的边界。
它要死了，像素塔的故事，名为 Phigros 的梦。
真的没有转机吗，我问我自己，问这片海洋，如果我投向它的怀抱，会不会有所不同。记忆在水中，在无尽海中，它会告诉你一切，它诉说着，人们心中最深的愿望，一个互相理解的世界已然诞生，只是再次陷入了沉睡。
它会回来，它从没离开。",772/08/01,弭儿,key,,,,第八章凌日潮汐,0243
【录音】穹顶,"“鸠，是你吗。”
“太好了，终于找到你了。”
“抓住我的手吧，基站的信号越来越差了。” “不要再走散了。”",772/08/02,鸠,key,18s,,,第八章凌日潮汐,0244
收音机•线索一,少年稚嫩的双手沾满了油污，他从腰包里拿出了一台崭新的收音机，递给年幼的妹妹“鸠，生日快乐。”,林现2079/09/06,鸠,main,,,,第二章废土之下,0057
录音笔Alpa•线索二,鸠十岁的生日礼物，一直珍惜着保留到现在。  ：还差一点。 ：啊 【重物掉地的声音。】 ：你不要紧吧？ ：没事，皮破了，我去处理一下。 【他打开龙头，盥洗池中，倒映出沉睡中的 alpa 】 ：就差一点了。,林现2083/09/03,鸠,bold,,,,第一章冰封世界,0010
周边•判定线抱枕,软软的，捏捏～ PGS仍在企划中的不明周边系列一。,林现2091/02/08,您,souvenir,,,,第二章废土之下,0050
公告•十七的宝藏,"少年人！
先祝贺你们，2091 年暑假，开始啦！
暑假大家想好要做什么了吗？打工，社团，还是集训？都不是？
那可难倒十七了。
什么啊，原来没有想好啊。
那来寻找十七的宝藏吧！
十七准备好多好多礼物送给大家哦～
特别提示！所有礼物都指向最终大奖—一十七的宝藏！快从礼物里寻找宝藏的线索吧！",林现2091/06/29,Sparkle_17,main,,,,额外章节,0391
鸽子集结号,"咕咕队报名 “十七的宝藏” 成功后，系统具现化出来的黄铜小号，内侧刻着三名队员，和两名指导的名字。
“这是一支由艾葵，霍，夜组成的咕咕队，他们的两位指导雅各•兰登曼和伍月樱向职业道德宣誓，帮助咕咕队在这次的活动中，实践得真知。”",林现2091/06/29,艾葵,main,,,,额外章节,0392
三尾吉祥鱼,"季雨队报名 “十七的宝藏” 成功后，系统具现化出来的鱼纹陶埙，刻着三名队员，和两名指导的名字。
“这是一支由小鹏，若拉，翠冷组成的季雨队，他们的两位指导高师贲和余村长向职业道德宣誓，帮助季雨队在这次的活动中，实践得真知。”",林现2091/06/29,余小鹏,main,,,,额外章节,0393
警长证,Gino 警长的工作证件，证件照上的 Gino 比如今的要稚嫩得多。,林现2091/08/29 09:10,Gino,bold,,,,第二章废土之下,0052
【影像】现场勘验报告•夏草,"已确认身份，为某左姓知名女歌手
【不适内容，酌情查看】  受害者的头部已经被老鼠啃咬得面目全非，体内维持机体运转的溶液和酒吧暗巷的阴沟水混为一潭暗红的污流，角质蛋白丝如海草在水中浮动，污水沿上衣角晕染出渐变的流彩，吸引来追逐梦幻的彩羽鸟，啄食这虹的倒影。轻嗅其味，神似盐灼的内脏烧，生腥中还带着清甜。地穴并无四季，本层更是温暖如春，如果置之不理，不出二月，想必那茎与叶便流出了她的灵与肉，吸食流淌的生命之酒，在空中摇曳生姿。",林现2091/08/29 09:27,Gino,souvenir,,,,第二章废土之下,0054
【影像】塔,挂在 PigeonBar 墙上的长条插画，是一座倒悬的巨塔。 据酒吧伍老板所言，是酒保樱小姐的练手作。,林现2091/08/29 09:32,Gino,key,,,,第二章废土之下,0053
梆笛•线索一,115 给 Gino 的线索，打开看竟是和塔中相似的梆笛。,林现2091/08/29 09:35,Gino,bold,,,,第二章废土之下,0051
【phigros】前传·九色鹿（1）,"作者：deathmark
【本文为音乐游戏phigros的官方外传，纯属虚构，不涉及任何现实要素】
 
1
 
“在一片景色秀丽的山林中，有一只鹿。它双角洁白如雪，身上有九种鲜艳的毛色，漂亮极了，人们都称它九色鹿。”
 
TD3-674891站在讲台前，标准无错，学童专供的教师腔，轻柔地念着课文，行走于教室中的小皮鞋，哒哒作响，带动裙摆飘过一阵书香。
你喜欢这样的老师吗。
他们有着人类梦想中的老师，所有的优点：因材施教，不偏袒任何一个学生；孩子们有问题，随时在线准确解答；擅长活跃课堂气氛，又时刻保持着优雅。设计师还深知，老师不是一种精准无趣的生物，他们温文尔雅，善良坚强的同时，也带着点小迷糊。程序命令MK3型应该犯错，应该有自己的小动作，小爱好，应该有轻微的口音，应该拥有过去。
 
“重复一下你的设定。”
“同学们好，我叫叶云，是你们这学期的语文老师，来自哈尔滨。你们知道吗，哈尔滨的冬天有317天，几乎每天都能看到雪哦。”
“确认完毕，批准出厂。”
 
模拟教室的灯暗下，TD3-674891的眼神失去光彩，她快速走到观察窗前，等待下一步指示。每到这时候，31号监察员都要被AI吓一跳，他的恐怖谷效应异常有效，也许31号需要换一份新工作，否则他总有天会被工作整疯掉。
 
“任务：你将被分配到广州的第七十六基层教育学校，代替TD2-54623成为四年级的语文老师，交接结束后，请将TD2-54623打包送回本厂，并定期与当地媒介AI交换数据。”
“收到。“
“人格化启动，从现在起你将不允许在人类社会提及你的正确编号。“
“你的名字是叶云，一个普普通通的小学老师。“
 
2
 
我的名字是叶云，一个普普通通的小学老师。
今天是我去学校报到的日子。
南方比我想象中要暖和得多，母亲让带的很多衣服，很多都用不上，我准备报道前去回收站捐一波，过几天再去一次，高纬度地区的孩子比我更需要它们。为什么这么做，因为我是老师啊，老师为孩子着想，不是天经地义的吗。
即将退休的前辈接待了我，我与她交接工作时提到了晚上的送别会，我作为接替她的后辈，她想在聚会上介绍我给同事们。我的心里由衷燃起了对前辈的敬意，伟大的教师即使离开了三尺讲台，也不会忘记自己的使命[YZ1] [YZ2] 。
 
“叶云啊，你是从哈尔滨来的？”
“是的，我在哈尔滨出生，上学，又考上了哈市的师范大学，来广州前还没出过家乡。”
“那你粤语说的真好，有专门学过吗，刚才不小心听到你和雪霞的对话，我这个广州本地人都自叹不如啊。”
 
送别会上，校长与前辈促膝长谈了许久，到了后半段，两人趁着醉意抱头痛哭，校长和前辈是同届的，想必触景生情，毕竟校长也到了退休的年龄。校长之后找我谈话我是想不到的，也许是前辈特别向校长关照了我的事情，不愧是前辈，比我想的要详细的多。
 
“学习语言是我唯一的特长了，当初选择教书也是这个原因。”
“好啊，年轻人有一技傍身总比我们这些老古朽好，只能教书，其他都做不了。”
“哪里的话，校长你们还很年轻着呢，退休之后做什么不是。”
“是啊，退休之后。”
我从校长的话里嗅出了一丝忧伤和迷茫，我听母亲说，奶奶离开工作岗位后，有很长一段时间，成天坐在藤椅上望天，直到广场舞进入了她的生活，她才重新鲜活起来，人若没了盼头，心也会渐渐老去。希望前辈和校长也能找到自己的归宿吧。
 
聚会结束，我送前辈回家，前辈在浮空船的后座睡着了，我把空调又调高了两度，瞟过窗外飞速流转的虹光，有点想看广州的风景。前辈不满足于坐姿，偷偷蜷缩在皮椅上睡着了，快速穿梭隧道上不能停车，否则应该给前辈盖上毛毯才是。
 
前辈没有结婚，是独身女性，平时又在为教育事业鞠躬尽瘁，屋子整洁地像是无人居住过，这可怕的自律性，也是我佩服的，扶着前辈回到房间后，她突然流下来眼泪。我问前辈怎么了，她说她高兴，马上就要退休了。
我的母亲说，幸福的眼泪是甜蜜的，但前辈的不是，看来她说谎了，我懂她，离开自己奋斗一生的地方确实伤感。
如果我不出现在这里，前辈就不用退休了吧。
不，就算我走了，也会有其他人代替前辈的位置。
我给前辈盖上被子，合上她不断流泪的双眼，墙上的挂钟正巧走到十二点，我也是时候该回家了。
 
晚安，前辈。
 
3
 
“这里是TD3-674891，关机流程已执行完毕。”
“请总部尽早回收。”
 
4
 
星期三的早晨，我又来到了回收站。
今天，载满捐赠物的卡车就要前往北方，捐赠者们都收到了邀请，我写完教案已经九点，来时已经有不少捐赠者坐在一起喝茶聊天。
 
“你捐了什么？”
“孩子的旧用品，除了衣服都捐了一点。”
“我把老公的防护帽捐了。”
“这都捐，真了不起！”
后来的我尝试融入他们的交流，他们惊讶于我的年纪，现在乐于做公益的年轻人可没多少了。
 
九点二十，卡车就会带着人们祝福出发，将捐赠品送到孩子们的手中。
 
这让我想起，我刚上小学的时候，正逢下岗大潮，毫不意外，流水线上的双亲都失去了工作。
那年冬天很冷，去救济站领粥的路上，妹妹倒下后，我便背着她一路前进，救济站当时发放了一批物资，我领到了棉衣一套，把它裹在了妹妹身上，她就这样穿着棉衣，永远沉睡在松花江畔。
 
我的家庭贫穷无助，全家能吃饱的只有哥哥和我，但这只是政府补贴学生的福利，食物通常是禁止被带出学校的。我的父亲因早年的公伤，一直有肺病，北方的天气越发的冷，吹点风便咳嗽不止，我初三那年病越发严重，父亲时常咳血，工也不上了，在家里给人剪窗花，他剪的窗花极好，说是年轻时拜过一位老师傅，学过几手。
那天学校发放南方捐赠的雪梨膏，我偷偷带了些给父亲，他罕见地笑了，我好几年没看见了，那种笑容。可惜父亲没熬到第二年的春天，我们把他葬在了妹妹的身边，那年的松花江罕见地融化了，可那水比冰还冷，听说是上流废弃化工厂里的工人打开了排污管，往江里排放了几千吨的重金属，坚冰钟得以融化。
当时的电子媒体还大肆夸赞过这件事，称其为人类反抗自然的奇迹。
 
“只有你们这帮白痴还在可怜北方人，自己都要死了，还管他们死活！”
仓库那里传来巨大的打砸吵闹声，我胆子大些，跑了过去，只见一个穿着驾驶员装备的年轻人拿着消防锤，把卡车的窗户一一砸碎，还有些带着面具的年轻人在搬下车上的物资，嚷嚷着要还给捐赠者，捐赠者才拥有活着的权利。
他们话让我觉得荒唐，捐赠是别人的选择，他们又何权干涉呢。
“衰仔滚啊！”
一位捐赠者愤慨不堪，大声骂道。他浑身的肌肉气愤中像又壮大了一圈，年轻人们怕发生冲突，放下手中的标语逃之夭夭。只剩下卡车司机留在原地，等待着回收站的问责。
 
周末，我和欧先生提到了这次遭遇，他喝着茶，表示这很常见，年轻人们似乎有一个自己的组织，反对南方继续向北方进行援助活动。
“北方快成死地了，南方底层人生活本就艰苦，他们的行为也有一定道理。”
我没想到欧先生会这么说，也许站在高处的人，看问题确实比我们远一些。
“来广州有什么不适应的吗，有问题都可以和我说。”
“没有没有，这里天气温暖，比老家好多了。”
“大家是亲戚，有困难别藏着掖着。”
欧先生再三确认了我的情况，慷慨地结清了吃茶钱，和我约好下次再聚，至于请客等我有工资再请他也不迟。
 
来广州之前，我也没想到自己还有个阔绰的亲戚在南方，欧先生的联系方式也是母亲最近才告诉我的。欧先生是个好人，初来乍到的我举目无亲，如果没有欧先生，这些话憋在心里也不知道和谁去说。
明天又是星期一，得努力工作才是。",林现2091/10/21 06:35,deathMark (Kuanphough),-,,,,游戏外/前传·九色鹿,0461
【phigros】九色鹿（2）,"5
 
广蒲戏台，台上演员铜铃怒瞪，水袖婉转，细念唱词，入戏而显悲；台下观众零星，叫好的叫好，抹泪的抹泪。
欧先生瘫坐木椅，手中两颗文玩核桃，圈圈交绕，似是阴阳两极，回环流动。
台上人相遇，只见那小生唱到：
她即孤身若无依，不若带回珠玑巷。
反正我们珠玑巷，三十三姓，都来自地北天南，九十七户都同是苦难中人。
 
“欧先生好雅致。”
唱段结束，欧才发现了身边人尽是熟客。
“不如吴先生，这广蒲戏台离您辖区几十公里，来回一趟得编几万字的报告啊？”
“收官戏怎可不来。”
吴先生较欧某年轻得多，穿着倒是传统极了，素色围巾搭配黑色呢大衣，一瞬梦回上海滩。
“这场珠玑巷演完，广州最后的剧院也要没了。”
 
欧先生来这是见人的，约好的爽约，反倒碰到吴戏痴，等帷幕再次拉开，他连上身边人的通讯频道，打趣地问：“十几年前的人设还没忘啊。”
“别人给的东西，用久了也就成了自己的了。”现实中的他目不转睛地盯着一对佳偶互诉情思，终定情缘，网络上不知道和多少人同时连线，家长里短着呢。
“说到人设，这周你那几个新人怎么样，好玩吗？”
“中规中矩，不过有一个的背景很奇怪，似乎是北方来的。”
吴先生沉默了一会儿，给欧某发去百来个模版，问他是哪个，欧某看都没看，直接回他，哪个都不是。
“现在还投产的只剩老师了，你这一个个标红的模版都从哪儿抓来的。”
“嘛，那就是她说谎了，说谎型人格也不少见。”
欧先生越想越不对劲，单亲多子女家庭的中间孩子，成长的社区又是著名的低教育率高犯罪率地带，从底层爬到高层的人，多带有病态，他发现这个的人设似乎就是为“逃离”教师身份而诞生的。叶云的骨子里生就有叛逆因子，如今却对母亲言听计从，笃信权威，反而不符合设定。
他到底漏了什么。
 
“她说过一句话吧。”
什么？
【如果没有欧先生，这些话憋在心里也不知道和谁去说。】
如果母亲还在，为什么不去和母亲说啊？
她是AI，创建个见不着的虚拟母亲，应该很简单吧。
那，如果她没有母亲呢？
“原来如此。”
【这让我想起，我刚上小学的时候，正逢下岗大潮，毫不意外，流水线上的双亲都失去了工作，那年冬天很冷，我们的母亲不久便离开了人世。家里没有主勺人，我和妹妹不得不去救济站领食物】
这样就解释的通了。
 
AI是天然的矛盾体，只要攻击它的破绽，就可以把它们从无尽的循环里解放，到那时AI不
再是人类的工具，而是它自己的奴隶。
“你要解放她？”
欧先生不会这么做，因为还不是时候，她还没对这个世界绝望，还没找到她是谁。都说解密人是压倒骆驼的最后一根稻草，之前的稻草也要有人放才行。
事情越来越有意思了。
 
“你笑什么？”台上正演到刘壮告密，吴先生奇怪于欧某的嘴角物理性上扬，发问道。想刘壮为保珠玑巷而告密，却因告密命丧黄泉，反倒害了珠玑巷，临死前，刘壮疾呼冤枉，狂敲庭鼓十八下，寻个清官讨回公道，结果叫天天不应，叫地地不灵，被巡抚一剑毙命，乃本折极悲之处也。这直接导致了珠玑巷居民的南迁，和胡菊珍与丈夫的双双化蝶，应是笑不出来的。
 
“他们来南方了。”
欧先生看着茶盏中自己的倒影，自言自语。
 
6
 
我的母亲对我说过，确定了接下来的道路，就不要半途而废，因为停留的人总是比行走的人多的，如果想要独一无二，首先要成为少数者。
如今我也这样向我的学生说到。
 
林子的腿在打篮球的时候摔断了，要很久才能好，他想趁这次机会学会兵乓球，但发现乒乓球不是那么简单的事情，腿部缺陷的他远不是正常学生的对手。他想放弃，我问他当初选择乒乓时你说不想让骨折成为苦恼的回忆，好歹能吹嘘站着是篮球健将，坐在轮椅上也是乒乓球的个中好手。他回答确实如此，但这和他放弃没有关系。
于是，我说道：
“现在放弃会比还没开始更痛苦。”
沉没成本，小孩子听不懂，但他明白那种感觉，大脑会帮助他联想到过去，甚至未来。就像看着蛋糕图片却吃不到，这影响不大，但当孩子已经拿到蛋糕却掉到地上时，汽水盖也盖不住他眼底的苏打喷泉。
林子听了我的建议坚持了下去，我想他重新站起来的时候，会比别人快乐得多。
 
你问我有什么想做的事情？
目前教好书就可以啦，毕竟教书是我的梦想。
我决定当一名教书匠是因为我的高中语文老师，她教会我眼前的世界不是它完整的样子，只有当幻想凌驾于现实之上时，我们才能看到真相。通俗点讲就是，生活不止眼前的苟且，还有诗和远方的田野。
我还记得在我很小的时候，去哈市南边赶集，那时候土地上还种着一季稻，灌浆期的作物在风中摇摆，撑起了我最初对田野的印象。今年从北方坐高铁到南方，才真正感受到了书本上写的千顷良田，过去用摇摆形容水稻是极其不正确的，有个更明确的词可以用在这里：稻浪。母亲说，地球正在大步迈入冰期，未来只会更冷，到时候不再会有正常的作物生存在裸露的地面上了。
 
人们只能往南，一直往南，直到赤道太平洋也被冻成北冰洋，撒哈拉沙漠与南极洲的风貌分毫不差，无处可逃之时，九色鹿就会。
 
“老师！”
学生打断了我的思路，他们永远是那么可爱，让我不忍心去指正行为的鲁莽。
“老师，你知道今天是什么日子吗？”
“老师也不是什么都知道的啊，不如你来告诉老师吧。”
“老师记性真差，今天是您的生日哦～”
我看着他们抬上准备好的蛋糕，蛋糕上面写着六个字，老师生日快乐。
谢谢，谢谢，老师真的很高兴，老师愿意永远，做你们的老师。
 
我的语文老师，没能一直陪在我们身边，那年冬天，她跳下了教学楼，寻她的理想乡，便再也没有回来。我没有追随她的脚步，因为我想让更多人了解以书为门的理想乡。
 
生日那天晚上，我走在大街上突然发现了一家CD店，又是只在书里见过的场景。我想起了广播里经常放的那位歌手，生日应该慰劳一下自己，我决定去买他的专辑。
进店，门口的海报却吸引了我的注意，“本周最受AI欢迎的专辑top 10”。原来AI也会听歌啊，很难想象街上圆滚滚的送餐机器人工作之余，还有闲情逸致欣赏音乐，可能AI就是比人类强一点吧。
我找到了那位歌手的专辑，正巧AI榜排名第一的被放在了它的旁边，当时的我不知怎么想，拿着榜首，急匆匆地跑到前台结账，收银员探头探脑地观察我，应该是误会我是AI了。
好尴尬，早知道不进店了。
回到家，我倒是释怀了，钱不能白花，听听再说。
 
我按下播放键，播放器内传出悠扬的低嗡，是，家乡的风声。",林现2091/10/23 17:46,deathMark (Kuanphough),-,,,,游戏外/前传·九色鹿,0462
【phigros】九色鹿（3）,"7
云妹啊，晚上有空吗？
是这样的，我有个店员突然辞职，需要人顶一次班。
为什么找你？你刚来广州，什么都需要钱，又是老师，师表看上去不会拒绝兼职的样子。
这次事出突然，我会给双倍工资报答你的，拜托了。
 
便利店的柜台里，叶云想起清晨起来的那一通电话，开始怀疑自己答应真是因为没有睡醒，她没有任何服务业的工作经验，还是个柔弱女子，若是遇到劫匪，深更半夜的，着实对付不来。趁还没有客人，她回忆了一遍上班同事交待的注意事项，又打开了员工手册，细细研究各个设备的操作方式。
 
夜渐深，陪伴着叶云只有有机发光半导体屏幕，和它发出的微弱有色光，便利店是不开电视音量的，等阅读完员工手册，叶云才发现了电视台开始重播早间新闻。
“近日多地爆发流浪汉组织袭击路人事件，目前受害者已经破百，共计重伤67人，死亡13人。据悉施暴者拥有极高的反侦查意识，广州警方正在紧急追捕，短期内还请大家尽量减少夜间出行。”
怪不得没有客人来。
 
欧先生的便利店开在CBD的主干道上，监控布满四周，理智让施暴者不敢在这样的街道上行动。
 
天见亮，叶云确认完工作记录，开始补货，这时迎客铃响了，和客人进来的还有袭人的寒流，和磅礴的雨声。叶云抬头看客，那是位戴着细框眼镜的青年男子，前额诗白，面容清秀，浑身湿透，两狭发青，他看上去很贵的皮鞋敲着地沥水，左手臂压住门板，手提工具箱，外套在他右手里上下甩动，他甩了很久，似乎积了很多雨水。
“欢迎光临，请问我能帮到您什么吗？”
“不好意思，打扰了，我有些冷，能给我一杯豆浆吗。”客人虚弱颤抖的声音，让叶云工作的效率意外提升了几个档次，不上手的机器也变得熟练无比。
 
他拿到豆浆，握在手中，轻抿一口，身体仍在微微发抖，但脸色没之前那般差了。
“我还想要两个包子，一个肉的，一个雪菜。”
“稍等。”
客人吃完食物也没离开便利店，他又买了一把伞，但准备雨小些再走，于是便和叶云唠嗑起来了。
“叶小姐是顶班的吧，之前没见过你。”
“只顶一天，您是熟客？”
“下班的时候，也就你们店还开着门，所以经常来买点东西。”
“晚上还要工作，肯定很辛苦吧。”
“没事，习惯了，你不也和我一样吗，日落而做日出而息。”客人敲敲表盘，时针正要走到六点。
叶云笑了，这让她联想大学期间的一个同学，因为早上没课，所以她不到凌晨六点是不睡觉的，叶云问过她这样做的原因，她说她害怕晚上会突然去世，那还不如在阳光下安眠。更荒唐的是，那个同学，猝死在了宿舍里，时间正好是凌晨六点。
 
“请原谅我的好奇，您做什么工作的，医生吗？”
“你猜得八九不离十，确是医生，但不是医人的，今天算是加班所以到现在。”
“AI医生？那也不该晚上上班啊，我记得机械工程师不算紧急行业。”
“直接跳过兽医的吗！这样好吧，我们一点一点来，昨天早上的新闻，你看了吧。”
“那个广东乱象的系列报道？”
“对，里面不有提到受害者嘛，他们其实是人形AI。袭击者也不是流浪汉，全是辍学的孩子，不知谁给了他们识别人类和AI的设备，这帮孩子就起了袭击AI，盗取模组卖钱的念头，你也知道现在取缔了实体货币，想抢钱都做不到。”
 
他没正面回答叶云的问题，叶云知道了有人形机器人这件事，但还是不太明白他的意思，难道医院为了分流，让不用睡觉的机器人夜里看病吗？
 
“目前AI人口占比已经超过了50%，也就是说，我们的邻居，同事，朋友都有可能是AI，孩子们很好找目标，这也是政府没有说明的原因，如果暴露了事件的真相，起歹心的人会更多。”
“50%，那岂不是说两个人里就有一个AI。”
叶云发现问题，既然AI数量已经和人类平齐，那她怎么从没在生活里遇见过AI。客人还是没回答夜间问诊的问题，叶云心头的疑云逐渐笼罩了她仅存的判断力。
“那为什么我们没碰到过AI呢？“
“除非他们不知道自己是AI。“
人和AI的界线突然在她心中模糊起来。
 
“终于回到正题了，这么多以为自己是人类的AI损坏后该怎么解决呢，自然是我们AI医生宅急送啊。”
“AI的病，医院治不好吧。”
“对对，所以白天医院只负责登记，活还得我们***。”
“病人来不了医院，医生就半夜闯空门？”
客人沉默半刻，打哈哈想跳过这个话题。
“对了，还不知先生名讳。”
“忘带名片了，这是我WX号，AI医生即使在编制里，依旧见不得光，平时叫我诺特就行。叶云小姐若是哪里出了故障，可以找我哦，比去医院便宜多了，省好几道手续费呢。”
“这么肯定我是AI？”
“不确定，二选一的概率，顺口问声好，总能碰到几个吧。”
“您真风趣。”
“一家老小还等着我去养，不多赚点怎么行呢。”
 
电子钟跳到正点六时，叶云望着诺特离去，那一刻诺特似乎和她哥哥离家远航的身影重合在了一起，如果哥哥没有登上那艘船，现在应该和诺特先生一样，普通地工作，娶妻，生子，拥有自己的家庭吧。
8
 
叶老师！
 
叶老师？
 
老师你果然在线
 
是我林子！
 
救救我，
 
我不想死
 
他们要来了
 
我得躲到更深的地方去
 
求求你，到我家来
 
我的父母要杀了我
 
我不想被重置
 
我的脑子没有出错！
 
求您
 
别重
 
置
 
我
 
我才
 
刚醒来
 
啊
 
【当前对话账号已复写，通信权限不足，请等待对方的主动联系】
 
 
9
 
新的一周，我迷迷糊糊登上天轨，周六的日夜颠倒，扰乱了我维持多年的生物钟，等走到学校门口，鼎沸人声才终于把我唤醒。喊口号，扛标题的，怎么跑到学校门口了？看了一眼老师群，体育刘老师走正门被示威者打进了医务室，德育主任让我们从隔壁小教堂爬梯子进校，现在还没人堵在那里。
 
绕过示威者的队伍行进，枯黄的树叶随着他们的声音震动掉落，从我眼前扫过，我终于看清了示威板上的内容，解雇AI教师，给南进者工作机会。
同为南进者的我，能理解他们的想法，政府为了解决区域就读学童过多问题，一直在提供新的教师岗位，对于失业者来说，只要成为老师，就能在南方立足。但本着对学生负责的思路，在这个时代里，更适合教导孩子的可能是AI，而不是人类。
 
今天上二班的课，没看到林子。
又生病了，这孩子的身体真弱啊。
放学去家访吧，顺便把作业也一同带给他。
 
林子家不远，我准备步行过去，离开时路过医务室，想着刘老师这会儿应该好些了。之前借了刘老师的笔，趁现在还他，顺便把周末欧先生给的水果也送去些。
于是我走进医务室，缓步走到屏障边，轻声问道里面的人：
“刘老师，你，”
映入眼帘的场景让我把说了一半的话咽了进去。屏障里有两个人，刘老师睡得很安详，他脖颈和手腕的电线操作板外露，腹部大量工件像展开的三维立体书，弹出体内，还闪着焊接发出的电火花外，和常人无异；而另一个人我也认识，正是星期六遇见的AI医生，诺特先生。
 
“这不是叶云小姐吗，原来您正职是老师啊。”
诺特先生脱下焊接眼镜，回头和我打招呼，眼镜在他眼眶留下的红印颇为滑稽。我突然抓住了刘老师被打的巧合性。
“刘老师是AI？”
“对，示威者有识别AI的设备，自然分得清。”他继续埋头工作说，“你是来探望他的？再等五分钟就好。”
“还是不了，让刘老师好好休息吧。”
“我懂，理解理解。”
 
我看着诺特将刘老师重新组装好，按下红钮后各模块自动收拢进腔内，打印出肌肉神经组织后，任由黄色粘性剂游走在切开皮肤的缝隙中。诺特说，粘性剂过半月就能生成新的上皮组织，再加上内置稳态系统的调整，这样就和普通人类的恢复速度无差了。
 
“接下来我要去隔壁第三大道，我们就此别过？”
诺特夹起他的工具箱要离开 ，我依旧想不通那么小一个工具箱，怎么收下他几十件工具的。
“其实我们可以一起走，顺便您能给我说说刘老师的情况吗。正巧我也要去第三大道探望学生。”
“可以啊，说不定我们去的是同一家。”
他额前的那抹白发说着还跳了跳，似乎为多了个步行同伴而高兴。
我却因诺特的话一阵恶寒，若真如此，林子缺席的原因。
不能再想下去了。
“叶老师你没事吧，我不该开这个玩笑的。”
“诺特先生说得也是种可能，是我大惊小怪了。”
我拿出手绢擦拭眼镜，光洁的镜面映出天空与云，白云似雪般翻滚，有什么正向着这座城市涌来，是遥远的歌声，亦是万物的风吟。
 
我们走到第三大道，果然去的是同一家，诺特有事先预约，我想了想在屋外等他，现在进门家访，家校双方都尴尬。
 
“如何？”
诺特摇摇头，拉我至一边小声讨论：“意识自毁，旧的救不了了，得重注一个。”
“那林子还是林子吗？”
“还是原来的模版，但养成阶段的数据恢复不来。”诺特顿了顿接着说，“我估计也不会允许这家人领养AI儿童了，看着机体似乎受过多次损伤，用人类的话讲就是，家庭暴力。”
过去林子确实经常带伤上学，我还未曾往家暴上考虑过。
“孩子是救不回来了，我已经申请了机体回收，至此工作也便结束了，辛苦叶老师陪我跑这场，夜也深了，不如赏脸吃个饭？”
 
诺特表面上假不正经，却将他真想说的话打在了手机屏上。
 
这家有问题，速离。
 
门内一个中年女性逐渐向我们走来，脂粉难掩眼下青黛，围裙上仍沾着洗不掉的血迹，我瞧她手中这明晃晃的菜刀，刀刃不知为何卷边，拿刀的手止不住颤抖。女人手中闪着红光的仪器引起了我的注意，似乎早上的示威者也拿着此物。
 
“既然请客，那就我来定馆子了，那叶老师我们先走吧？”
“嗯，嗯。”
 
走在路上，广场上的大屏幕正播放着新闻联播，过了这么多年，我仍记得男性主播用他中气端正的嗓音说出的那段短短的讯息：
 
十年之内，人类将迎来迟到千年的冰河世纪。",林现2091/12/15 19:47,deathMark (Kuanphough),-,,,,游戏外/前传·九色鹿,0463
给十七的挑战书,"你好。
我们是一群来自 NazoGame 的解谜爱好者。在完成 “十七的宝藏” 的四次解谜后，我们决定用我们的方式来答谢 Pigeon Games 带来的四场解谜之旅。
你，愿意接受挑战吗？ 
Nazo: Phi Project",林现2092/03/20,鸠,nazo,,,,额外章节,0394
给十七的挑战书•线索一,">>> G:\Nazo\Phi Project001\Search_Log 1/03/20
已找到记录 1 条
>>> G:\Nazo\Phi Project001\Show_Log 1/03/20
系统收到信号。尝试解码中。
解码失败。已存储为文件。
鸠：让我看看，咦，这是什么。奇怪，我应该把 Xandboxie 开起来。
沙箱内出现了7370320的时间标志。
继而，标志消失不见，出现另一行字符：“What is freedom?”
thenazo.com/freedom
鸠：freedom吗，标准开头呢。
文字消失，屏幕转红，继而转黑，最后显示出一个问号。
鸠：有趣的设计，之前在资料库中好像看过啊。来检索一下，嘿，有了。
鸠：What is freedom，应该把 freedom 换掉吗？ Gino：咕咕，你在干什么呢？
鸠：人家不叫咕咕！咕！
两人嬉闹之时，屏幕缓缓现出了一段诗歌：
文明湮没于浩瀚星海
勇者寻迹于网络迷宫
谜底仅需二字
指引现于心中
真相即为
>>> G:\Nazo\Phi Project001\",林现2092/03/20,鸠,nazo,,,,额外章节,0395
烤 全 鸭,"【灯火通明的大街上，摩肩接踵的人群间，一股烤鸭的香味，跑出排风扇的约束，弥漫进行人的衣兜里，连带着鞋子，把这人啊，像木偶似的牵去着店门前，想着一探炉中乾坤。】
【离饭点还有很长时间，NceS 躺在太师椅上，手中转着太极球，就感觉这右眼皮直跳直跳的，今儿怕是有祸事，要不关门停业算了。】
無極：老板，有生意来了，做不做啊。
NceS：你是，無極？哎，不对啊，这头怎么换了呢？
無極：别瞎摸，新做的脑袋，金贵着呢。
NceS：哈，無極啊無極，你怕不是逃难来的吧，事先说好，老侧我不做偷渡好多年了。
無極：我逃什么难，笑话。
【無極以前还不叫無極的时候，就与 NceS 相识了。这次得罪了领导，第一时间想到的，也是这位老朋友。】 NceS：你说你这叫什么事，让鸽子吧那帮老家伙儿，满大街喊打喊杀。要我说，不就是工资吗，都包吃包住了，至于往游戏里加 bug嘛。
無極：啧，一开口就是老 AI 了。这次啊，一不做二不休，工资不发，咱就散伙，该干啥干啥去，游戏也别做了。别拿一家人，抬头不见低头见的压我，亲兄弟明算账！
为了写谱，你看我这手啊，都秃噜皮了。
NceS：您这是塞爆塞的吧。
【实不相瞒，NceS 嫌麻烦，偷偷把無極来这儿的消息透露给了阿爽。清官难断家务事，这次造反的是居委会，鸽子吧追究起来，他工会也没干系。】
無極：我老觉得你这，眼神不对劲。
NceS：通电话呢，姜米條和村头鱼喊我晚上打麻雀。
無極：你不会告密了吧。
NceS：哪能啊，三缺一，你要不要来？
阿爽：我来我来！ 無極：草，追兵来了！NceS，明天我再找你算账！
NceS：慢走不送。
【今天的商业街，也是和平的一天啊～】
电视传讯：现在播报一条紧急消息：因音乐游戏 Phigros 而传播的赛博病毒垃圾症，已得到良好控制，我市铺路专家 Sound Souler 提醒广大民众，垃圾症可以通过头敲地板解决，连续敲击五次的效果最佳。
NceS：这都什么跟什么啊。",林现2092/03/32,Alpa,nonsense,,,,额外章节,0396
Phigros·冰封世界（一）,"楔子
 
曾有流浪人，未受洗礼，未信神。
攀似绿箩藤，圣石登宵，持剑诰。
我要这，穹顶降镐，地霜共冰消，渊无饥骨，路非遥。
垂髫闻，沉思莞尔，教后生:何不，振臂筑塔，通云霄。
 
 
 
一·电音女孩遇见机车少年
 
——770年2月29日 · 冰封（Glaciaxia）——
 
记录者站立于山巅之上，放眼望去，冰原之上劲风阵阵，席卷着冰晶碎片，在冻土面上刮蹭出新的同伴，化作凌烈的山风迎面袭来。那风如猿啼鹤唳，似虎啸龙吟，起奏高昂而悠长，中调归于沉静又生于破晓，高潮迭起，空谷回响，终曲绵长如水，波澜不惊，若耳边精灵细语，传递着末日号角的奏鸣。
“那边的人！”
突如其来的呼叫扰乱了山风的节奏，记录者停下了录音，看向传来不和谐音的山腰。来人身穿防冻服，大大的防风镜模糊了他的面孔，只有少许金色的碎发暴露在外面，嗓音听着着实年轻，夹杂的轻微喘息，和吞咽的喉头鼓动声，记录者又产生了记录的冲动。
“现在是封山期，你有进山证吗。”金发的少年接着说。
“那是什么？”
记录者这时才晃过神来，她竟不知自己身在何处。风忽而大了，透骨的寒意侵入她的感知，现实将她的思绪拉回冰封的地表。我是谁，我从哪里来，这是哪里，众多无解的哲学问题骤时充斥了她的大脑。
过了一会儿，记录者才想起，原来她失忆了。
“你没事吧。”
少年费力地攀上山岩，这个季节上托里山太危险了，若非最近有异想滋生，他也不会来这里巡逻。
记录者黑色的长发于身后肆意浮动，黄金的眸子里饱含着对新世界的迷茫。
“我，”她转头看向少年，问道：“我在哪里？”
少年顿了顿，好像明白了什么，他先是从背包里掏出压缩的被毯，紧紧裹住她颤抖的身躯，接着拿着扫码仪一样的机器，扫遍了女孩全身。女孩望着少年手套上的冰莲花标志出神，脑中流过些许念头，却无法让它们与眼前的情景相联系。
“没发现异想污染，你暖和儿一点了吗？”
“嗯嗯。”记录者觉得眼前的少年是个好人。
“这里是冰封巡逻队第七小队的治所，你还记得自己的名字吗？”
女孩摇摇头，又点点头，幸运的是她还记得她的名字。
“鸠，九加一个鸟字的鸠。”
“幸好不是重生者。”少年舒了口气，“我叫Gino，汉字怎么写都可以，只要符合这个读音就行了。”
“吉诺？”
“对。”
“吉诺！”鸠看上去十五六岁，行为却像个没长大的孩子。
“这，念两遍作甚。”
“吉诺中文真好！”
这孩子在说什么啊，吉诺不解的摸了摸脑袋。
“话说你刚才在做什么？”
“我在，哎？”鸠看着手里的录音笔，右侧蓝色小花的微笑，让她回忆起更多自己的信息。
“鸠想起来了！鸠是个打碟人哇！”她手舞足蹈，毯子也包不住鸠拾回记忆的愉悦，“鸠在用Alpa采样哦，这里的风超靓仔的！”
“采样？作曲家吗。”
“对对对，打碟人！”
鸠的古怪用词把吉诺绕晕了，他决定先下山，再慢慢询问鸠的来历，好给走失儿童送回家去。下到山腰，吉诺骑上他心爱的小摩托，鸠则蹲在车尾的排气口旁，好似观察着什么。小摩托银白的车身呈扁曲的流线型，它拥有雪地摩托漂亮的履带和滑板，也可以一键改变形态，收起前滑板，变为机动性超强的陆用摩托。
“吉诺！你的机车不会咕咕地叫唉。一般的机车不是会轰咕咕隆咕咕，然后咕咕咕咕地跑起来吗？”
“那当然，这可是Dlyro队长专门，”吉诺话说一半，才发现鸠的奇怪拟声词，“咕？”
“对啊，机车和鸽子的叫声是一样的哦，咕咕咕咕的。”
“好的，咕咕，没问题，咕咕。”吉诺好似在回答鸠的结论，其实在用奇妙的汉语语法，强行结束摩托鸽子说的主题辩论。
“鸠才不是咕咕呢！”鸠瞬间就反应过来了。
“嗯，咕咕。”
 
疾驰在冰原上，鸠从吉诺身后探出头来，对着四周的白皑展开疯狂拍摄，但她看完照片后却叹气道：“虽然画面每时每刻都在变化，但总觉得少了什么。”
“二月的冰封层就是这样。”吉诺看了眼导航仪，离基地还有些距离，他便问鸠，“鸠的家在哪里啊。”
“好像是第三新郑州？”
“嗯？”
“啊，没有第三。”
“哦。”没有听过的地名，这就有些麻烦了。吉诺接触过很多“上面”来的人，有公派科研的，也有偷猎者，听说过五大天宫，但具体的地名就两眼摸黑了。
“鸠又想起来了，我还有个哥哥。”
记忆陆陆续续地恢复，女孩虽然还没想起自己站在山顶的原因，但对自我的认知越发清晰。她有个哥哥，在大学里做研究，录音笔就是哥哥送给她的礼物。
“但哥哥好像去地上考察了。”鸠莽得一惊，“唉，这里是地上！”
吉诺点点头，他大概明白了女孩的来历，估计是受到异想迷惑的研究员家属，到时候问问队长，有没有寻人启事就清楚了。
“所以鸠是迷路了吗。”女孩眉头微皱，总觉得哪里不对劲，“不应该的，我明明在家里。”
吉诺随之拍拍手背，向基地报告了情况，他回答鸠：“像你这样因为异想灾害迷失到冰封层的人很多，教科书上可能没有写，但现实中这很常见。你现在想回去吗，我们到基地后，可以联系你的亲人。”
“好不容易出来一次，”鸠吞吞吐吐，小声嘟囔着，“不过，还是先跟哥哥打个招呼吧。”
鸠望向远处，内心挣扎在出来耍还是家里蹲的十字路口，突然她看到一抹零零碎碎的绿色，生在漫天的空寂中格外突出。
“吉诺！你看呐，是植物，冰里长出绿叶来了！”
“确实是。”吉诺停下摩托，眼瞧着翠叶嫩得滴水，呼吸作用结成的水珠，顺着叶茎重回大地。应该是刚冒出芽来的菠菜，吉诺记录下菜地的坐标，站在旁边默默凝视了三分钟，祈望着它的成熟。
“你在做什么？”鸠不解。
吉诺解释道：“催熟。异想之物的诞生，依靠的是人类想象的力量，只要认真地盼望着它的生长，很快异想就能成熟了。”
“异想？”
吉诺感叹“上面”去魅防异工作的成熟，新生代的孩子连异想之物都不知道。“举个例子，过去北方人会在冬天播种菠菜，等到来年春天三月菠菜的新芽就会从土里随着春意冒出，就像这一丛绿芽，天气回暖后，它也就能长成我们餐桌上的绿叶菜了。而异想之物呢，即使我们冬天没有播下种子，只要有人记得先民播种的历史，春天也能收获相同的作物，虽然概率很小就是了。”
绿芽像是受到吉诺话语的感召，极速地生长起来，越来越多的新芽破开冻土的桎梏，广袤的田野鄹然形成，最早的几株隐隐有了成熟的姿态。
鸠啧啧称奇，她裹了裹毯子，问道：“历史概念的重演？”
“也不全是，之后再慢慢同你讲吧。”吉诺假装镇定，怎么这么快就，是之前有人来过了吗。他拔起脚边的几排熟株，放到了储物箱里。
鸠用手抹了把菠菜叶上的露水，水珠离开菠菜后，迅速地化为了冰晶飘飞不见，似乎异想的奇迹只能停留在那片土地上。-
 
第七小队基地就在眼前，靠近基地时，每隔五米都有红色警示灯，基地的外围更是被暗红的灯带包围。灯圈内，低矮的白色圆顶建筑扩散式排列，它们没有特别突出的个体，唯在一座众星捧月的小楼前，升着三道旗帜。
是冰莲花，鸠默默道。
吉诺将摩托趟进基地东侧的滑道，重力将其推向地下的集体车库，门闸的广播里传来要求身份识别的电子音。吉诺用右手背同感应区互动，获得身份验证后，接着又经过两道设备检查，才最终到达地下。
车库里还有第三次的人工检查，名为卡尔的机械师指挥他们停在检修架上，吉诺将鸠抱下车座，才发现女孩穿着裙子。
“阿吉在看什么？”
“没啥。”他试图转移注意，于是看向检修中的机械师，“卡尔，下午就你一个值班吗，西奥呢。”
卡尔忽然被戳，不知所措，他抬了抬眼镜，低头说：“他，他啊，宿舍丙的地热坏了，修着呢。”
“全职的机械师派出去了？”
“东七里的灯塔也坏了，异想滋生，坏的东西太多了。”
又是新的名词，鸠看着卡尔胸口的队徽，脑内的单词册又记下一笔。
感受到女孩的视线，卡尔腼腆地笑着：“这就是报告里的小姑娘吗，你好啊，我是外勤的卡尔。”
“你好，我叫鸠。”
“你好，鸠。”
似乎第七小队的大家都是好人呢。
“我先带鸠去旗房找队长，检查麻烦你了。”
“不麻烦，”卡尔想起什么，又叫住了吉诺，“今晚吃火锅，队长叫你等会儿找点蔬菜回来。”
“嘿，我早准备好了！”
“吉诺还是吉诺。”目送着二人走远，卡尔继续手中的工作。
鸠跟在吉诺身后，他们正走在第七小队基地复杂的行走通道之中，路过好几个功能区域后，鸠才发现原来地上的部分只是采光区域，基地主体还是在地下。
此刻的吉诺已经脱掉了防冻服，他抬了抬右手，手套白色的投影条亮起，随之投影出基地的立体地图。
“这个白条也就是个人终端，你还记得在哪儿吗，我传一份地图给你。”
个人终端，鸠摸了摸右手背，果然发现了同款的投影条，她学着吉诺抬手，果不其然进入了启动页。
 
“欢迎使用
P H I G R O S”
 
几个大字在空气中或明或暗地浮动，鸠伸手摸了摸文字，划过的地方像卷起的雾气融化，又很快重新凝固成型。
“重新启动还要好久，我们先去旗房吧。”
鸠再次进入跟随状态，基地室内，温度适中，除了露腿露腰的鸠，其他人都穿着淡蓝的外套和深色的衬衫。巡逻队员们好奇地看着这个外来人，窃窃私语。
“那个发色我从没见过。”
“好像是上面来的。”
“上面的人怎么会来我们小队啊？”
鸠捻着鬓发思索，确实，基地里的大家发色都很淡，埋在雪里都看不出来。
 
穿过七道走廊，他们来到基地的核心区域，队长站在房间的正中，阳光透过打开壁障的玻璃圆顶，集万千高光于其身，连空气也随之升温。队长转过身来，斜披的白发遮住她铁铸的右脸，莫名邪气。
“哟，回来了。”
队长走向二人，嘴里还叼着根烟，那气味不若尼古丁般荤熏，反倒泌着薄荷叶的清甜。
“抽烟有害健康。”吉诺挥挥手，掸去飘来的白线烟。
队长听腻了他的忠告，转向少年身后的女孩，轻挑地问道：“我中意你，要不要来我队里做事啊。”
吉诺气恼队长突然的搭讪，头冒井号：“我在报告里说了，鸠和她的哥哥走失，应该尽快，”
“好啊！”鸠兴高采烈地答应了。
什么情况？
吉诺拉过队长仔细询问，原来巡逻队没接到寻人启事，正巧科考团昨天离开了地上，估计得等到春末的魇魉大潮上面才会再派人来，只能先把人养在小队里。
“就你事多，人家小姑娘挺乐意的。”
“这不一样！”
旁边的鸠被重启后的终端吓了一跳，只见一只黑猫躺在她的桌面上，微醺的小眼神瞟了她一眼，又睡了过去。
Alpa？
“朕意已决，爱卿退下吧。”
“欤嘘，王侯将相宁有种乎！”
“朕记得你屋还空着个床位，就让小姑娘睡你哪儿了！”
“衣冠禽兽，丧尽天良，蔑伦悖理······”
“大学士莫要再说了，朕赏赐给你的，自然不会收回。”
鸠看着一个斯拉夫种和一个拉美裔飙汉语，感觉头上的乌发都不黑了。
“那个，我听说今晚吃火锅。”鸠摸摸肚子，悄咪咪地问，“啥时候开饭啊。”
 
铜锅里咕噜咕噜冒着热气，毫米厚度的鱼片在浇油汤汁中翻滚，皎白光泽的鱼肉让人浮想联翩，灰黑的鱼皮勾勒了鱼片棱角，和葱花，香菜旋转起舞，在水面划出一道道涟漪。筷子轻挑这一块儿，送入嘴中，滋酢作响，入口即化的口感，仿佛让人忘了屋外的天寒地冻；再嘬嘴汤，心也融化在这温暖里。
鱼是凿冰现抓的老黑鱼，葱是家里浇的米水葱，马油蘸碟，腐竹豆皮，无一不是先磨现做的。远离工业文明的偏远冰原上，人们享受着不为人知的农家美味。
鸠他们这一桌，德利队长坐在上首，吉诺在鸠的左手边，同桌的还有下午见着的卡尔，和卡尔相谈甚欢的粉毛男子，是没见着的西奥，以及桌尾半搭不搭，轻声细语的莉莉姐姐。
“小姑娘以前是做啥营生的啊。”
“她打碟的。”吉诺见鸠狼吞虎咽，满嘴流油，帮忙回答道。
我打碟的，鸠点头赞同。
队长插嘴：“九鸟给我打碟调料！”
要多少？鸠眼神示意。
“满上！”
莉莉有点糊涂，这是哪个打碟啊。
“你这孩子，别吃到衣服上。”吉诺抓过咕咕的脑袋就开始擦嘴。
“脏了，我可以穿你的。”
“想都别想。”
火锅吃的香，席散得也快，最后一把菠菜烫完，也就剩鸠还坚持在战场上，这一人当关万夫莫开的斯巴达勇士，守住了第七小队最后的脸面。
而就在这最后一筷子菠菜上，鸠翻车了：“啊，衣服脏了。”
收拾桌子的吉诺，两眼放光，拖着鸠就往澡堂跑。
“宿舍钥匙，拿着。”
鸠瞧瞧形状，把它别在了帽子缝里。
“到澡堂隔壁储物间拿套睡衣先，脏衣服放在凳子上，洗完澡，早点睡。”吉诺说完便去后厨帮忙了。
 
鸠吃得双眼迷离，莫名其妙地洗了个澡，又如有神助地回到了宿舍。等她躺在床上才想起来，衣服没换，走到门口，却发现自己忘记了来时的路。
这可怎么办啊。
那可不只能穿吉诺的吗。
鸠对自己完美无缺的逻辑感到非常满意，哲学的归宿就是回到原点哇。
就在鸠翻箱倒柜时，吉诺也回到了他的小窝。
“鸠，开门啊，我钥匙在你哪儿呐。”
“您呼叫的用户正在更换装备，请稍后再拨。”
“开门咕咕，我拿东西洗澡。”
“鸠才不是咕咕呢！”
屋内传出一阵巨响，像是有什么重物倒地，接着隔热门发出连续的闷声，Gino能想象房间被鸠搞得一团糟的悲惨景象。门开了，只穿了衬衫的鸠，左右观望，确认了没有其他人，扔给Gino一堆揉皱的衣物，像极了秘密交易的巷道贩子。
“这不是我的衣服吗！“
“打碟人的remix怎么能叫穿呢，快去洗澡，”她看了眼时间，讲道，“十点前别回来。”
“你先让我进去看看。”
“不行！”
“你有鬼！”
“哼，咕咕才不会对你的遮羞布感兴趣呢。”
鸠一把带上门，门带的风压让吉诺眯嘘眼睛，她是不是暴露了什么。  ———  ～鸠的科普小～课～堂～
每一辆机车都是折翼的小鸽子哦！大家记住了吗？",林现2092/06/13 17:31,PigeonGames-鸽游,-,,,,游戏外/官方小说,0464
Phigros·冰封世界（二）,"二·放假梦见开学典礼是正常现象吗
 
 
 
——公元两千零八十八年秋 ·新郑州中级教育院——
 
这是一次再普通不过的开学典礼。
拱形的礼堂内，多层蜂窝状的环绕坐席上，数以万计的中学学子或到现场，或通过增强现实等待着演说者的带来。五分钟后，一位双鬓斑白的老人走上高台，少许地寒暄后，开始了她今天的演讲：
“我们为什么要学习历史？很多人都问过这个问题，我相信某时某刻，你们的脑海里也出现过相似的疑问。
在这个国家不复存在，民族失去根基，冰川覆盖了全球80%的土地，所有人类躲在夹缝中生存的年代，我们学习旧世界的历史，还有什么意义。
今年春天，就在这个地方，你们的学长和他们的老师，就这个时代还需不需要历史课，展开了长达三天的对话。这次对话登上了江源日报的头版，更是让全社会开始了自我质疑，历史是否有必要存在。
有人说，历史需要延续，历史是人类共同的记忆，新时代的青年需要理清历史的脉络，才能不再重复先人犯下的错误。
就像龙应台先生在《野草集》提到的观点，人们应该直面历史。她的时代因为某些原因，加上来不及修改历史课本，印刷厂将书内的人名，地名涂黑了大半，令优美的史诗化作无用的废纸。所以人们说无法直面过去，便是害怕未来。
但又有人说，讲人类确实需要历史，但不应该开设历史课。侦探小说看入迷了，歹人会模仿小说犯罪；研究过去的独裁者，何尝不是重复历史的模仿犯。历史课给了潜藏的种族主义者获得优越感的途径；历史本身也变成了众多罪犯的借口。
族与族的战争写成了我们的历史，毁灭与奴役即使在当今仍在发生。也许在我们这个冠以北方地名的城市里，种族隔离已然消亡。但在南方系的蜂巢，依旧有很多人因为‘桥民’的身份，受到不公平的对待。正是这个世代，让学生同老师的对话，演变为了公民同社会的辩论。人们呼吁着，如果历史成为煽动民族仇恨的道具，那便该控制历史的传播。
我觉得都有道理。
但是这半年，越来越多的人加入这场战争后，我反而觉得历史课是有必要存在的。
历史探究的不只是人类的记忆，更是个人的自我。这浩瀚卷帙中书写的历史，正是人类本性的根源。
历史一直试图去回答，道德的桎梏从何而来，更是在诠释，我为何成为了我，他人又为何是他人，而不是我的另一个个体
历史给予我们力量，它告诉我们人类的情感，欲望并非是无用的，无论是英雄史观还是群众史观，都在讨论同一个话题，人类如何用自己的双手创造奇迹。
历史便是奇迹。
我想说，历史生来歌颂良善，不应为罪恶买单。
它不再是高考的一部分，但历史会作为必修，永远保留在我校的课程表里。
要说的就这么多，同学们上课去吧。”
 
说好快啊。
堪堪五分钟。
接下来该去上课了。
房间号是多少来着……
等等。
我为什么要上课。
我！啊，醒了。
熟悉的天花板。
鸠双目左右张望，余光瞟见吉诺的黄毛，便又安心地沉入梦乡。
果然是梦吗。
 
 
——770年3月02日 · 冰封——
 
本日平均气温零下三十度，微风，多云。
雪地摩托极速飞驰，铁滑板在冰原留下两道狰狞的凹痕，骑手目光前注，时刻观察可能出现的路况险情；侧座的同伴则抓了根麦子，假模着测量风向，过会儿瞧麦穗都吹没了，这才没趣地收回手来。
吉诺恨铁不成钢地说着：“你说说你，我叫你早点起，结果磨磨蹭蹭到现在。就抢收下来一根麦子，还被你玩秃了。”
“咕。”回笼觉睡过头了。
昨天，鸠正式成为了第七小队外勤组的一员。
其间发生的种种闹剧暂且不提了，等吉诺再见鸠时，少女已是一位光荣的盾枪兵。西奥还质疑过少女的实力，直到她射中一只千米外的飞行种，导致西奥被挂在天上一个小时，便没人敢靠近她的枪了。说起来也奇怪，吉诺一个人住，巡逻也是一个人，鸠也就理所当然地成为了吉诺的搭档。
为了证明自己在认真工作，咕咕就像一位服役多年的哨兵，用她敏锐的观察力，监视着地区上所有的红点，寻找今天的猎物。她锐利的目光透过同伴与座驾间的缝隙，一眼便瞧见三个移动的黑影。
找到了！
咕咕狂喜。
咕咕起身，臂上飞枪凶光毕露，瞄准远处的猎物，直直射去。
三只自由奔跑的冰原魅魉，忽被几发尖锐的枪矢定住了身形。他们滚地挣扎，又咬牙跃步，枪头的倒刺却越扎越深，疼痛让其失去理智，柔软的双角，流出滚滚不详的黑烟。只见那三莽物神行之速，快若闪电，箭矢的主人似大海行舟，与鲸鱼搏斗，完全无法控制行车的驶向。鸠险些跌出车座，她及时将吸引器固定在车头，这才暂时安全。
鸠估摸着，她大概又闯祸了。
吉诺叹气地将方向杆交予鸠，拿过半人高的电磁霰弹枪，三点一线，直射魅魉的脊骨。一发，两发，三发，弹无虚发，招招命中。面块掉入滚油一般，子弹头洞穿猎物躯体，无数组织分解，线化为道道漆黑的飞沫。
眼瞧着要撞上了，吉诺忙指挥鸠停车。鸠大力一转，摩托横停在了半百米外。三只魅魉流出的黑液与射出的飞沫，神似儿童笔下的烈阳。转瞬间又弥散为黑雾，钻入地下，徒留莹白一片。
两人谨慎靠近残骸，黑色褪去，只留下晶莹的软骨，和淡淡的肉香。
“追逐战禁止！”吉诺有点生气。
鸠来不及好奇他隔着防冻服，都能揉乱头发的手劲，注意力全放在了软骨上。那么大一只异想，怎么只剩这一点了。
“也就够包两盘饺子。”
“饺子！”
“唉，用枪打魅魉太没效率了，我们以前都是引来几十只，然后直接活埋。”
“那软骨还能拿到？”
“坑里先垫一只死后留皮的兜象，打完带走就行了。”
“异想之物原来是这么方便的东西啊。”
三对软角不过巴掌大，鸠捧在手心里，摸着很软，像软糖。
“咕咕。”
“嗯？”
“在冰原上，不仅猎物是异想之物，异想也可能是人类的样子。”
“哦。”
“就这反应？算了，记着就好。”吉诺启动摩托，他们得在中午前到达下一个滋生点。
鸠摸了摸胸口的徽章，那是她加入第七小队的证明，一朵盛开的银莲花。
 
 
——770年3月03日 · 冰封——
 
本日平均气温零下三十一度，微风，降雪。
冰原上好久没下雪了，雪是个好兆头，下雪说明有云，有云则有水，水则代表着天气回暖，山中的湖冰融化，过不了多久，深潜湖底的鱼群乘着暖意，迂徊上游繁殖，他们跃出水面，溅滟水花，灵动的躯体，片羽的鳞片在空气中画出生命的彩虹，来年便有新的鱼苗诞生在冰原上了。
鸠抓过一把棉花糖样的絮状物，是从山的那边飘来的，踩上去有泡沫纸爆裂的声音，似乎除了剥夺人的体温没有什么大用处。
下雪天，异想很少出没，巡逻队也迎来了短暂的假期。鸠一直以为巡逻队是美食猎人之类的角色，没想到真的有正经的使命啊，消灭异想什么的，是指用肚子消灭吗。
结束了手上的工作，一同扫雪的孩子们，看到偷懒的少女，不由正义地斥责道：“咕咕又在摸鱼了！”
“不是咕咕，是鸠！”
“她承认了！”
鸠抬起她高傲的头颅，想不到吧，不打自招就是这么快。
孩子们六目对视，又同时点头，试图用谈话的方式，纠正队员的不良行为。
“不扫完，德利阿姨会生气的。”
“德利阿姨超凶的！”
“德利阿姨昨天抢我冰淇淋！”
“对对对，卑鄙的大人。”
“咕咕也是大人啊。”
“她是懒惰的大人！”
鸠看着他们边批判，边扫完她的区域，不知道该说什么好。咕咕也有在工作啊，就是慢了亿点点。
 
回到基地，只听见后勤组那边轰隆隆得震地响，不知道在捣腾什么。还没到早饭时间，鸠寻思先去凑个热闹。一进门，呛人的机油气便扑面而来，她捂住口鼻，伸手拿过防毒面具，这才好过一点。她的面罩刚戴的不好，眼面前一团雾气，只能看见几个机师模样的人围着一台方形的仪器低声讨论。
“你们看这组数据，螺杆斜切力不够大，得重新设计。”
“加大转速就行了，低也有低的好处。”
“我赞同西奥，今天就得做第一次试验，我们没有现成的零件，换来不及。”
卡尔和西奥的声音，另一位应该是后勤组的姐姐。鸠不敢过去，要知道，卷入争吵的旁观者，经常会面临进退两难的询问。你站谁那边的场景，她电视里见多了。那到底是什么机器啊，要是眼镜没糊就好了。
“原来你在这里啊，给鸠今天的早饭哦。”奶白发色的女子，微笑着说道。
“莉莉！”鸠在莉莉怀里乱蹭，抬头问道：“莉莉，他们在做什么啊。”
“好像是什么……膨化机？我也不清楚。”莉莉从餐车拿出两个小包装，鸠见了大惊失色。又是你，空投小饼干！
“饮料要果汁还是牛奶？”
“鸠能不吃吗。”
莉莉摇摇头，否决了鸠的提议。压缩饼干配辣酱，富含多种维生素，膳食纤维，微量元素，岂有不吃的道理。更何况每月空投供给的，不吃就堆成山了。鸠眼含热泪，可它实在太辣了，还苦还涩，配上辣椒酱，这不要人命吗。她接过牛奶，CPU高速转动，眼珠鼓溜溜转，看着后方的楼梯，心生一计。
只见鸠脱了面具，将牛奶一口而尽，急忙把饼干塞进帽里，三步一跃，顺着楼梯滑到下层去了。刚才太危险了，还好她跑得快。让她没想到的是，餐车小队的二号成员吉诺拦住了她的去路。
 
“原来你在这里啊。”吉诺推着餐车，笑脸相迎，“我……”
鸠再次大惊失色，边跑边喊着帽子里没有小饼干，一溜烟儿就不见了。吉诺不明所以，他本来热了昨天的饺子，想问鸠要不要吃吃看的。这样的话，还是给队长送一份吧。
 
花开两朵，各表一枝，后勤组的讨论仍在继续中。
这还得说到两个月前的那刊《冰原美食汇》，作为整个冰封层销量最高的流通刊物，美食汇有自己的古文献修复团队，也经常刊登一些复原出来的食谱。而这次它罕见地发表了一篇厨具修复，这激起了西奥的兴趣，拉上室友卡尔以及后勤组的组员投入了这项研究中。
拧紧最后一颗螺丝，西奥放下袖子擦汗，长时间蹲坐让他的脚失去了知觉，起身更是麻意连脚筋，两条腿都阵阵惊挛。
“兄弟们，就这样吧，别改了。”他抱怨道。
后勤外援摸着下巴答道：“我还是觉得这个安装位置有些不妥，原型机不可马虎大意。”
卡尔皱眉沉思，外援说的有道理，但问题出在哪儿呢。
“要我说，试试不就知道了。”西奥摸头，显然没搞懂状况。
怎么形容西奥呢，你们遇没遇到过这样的维修师傅。人来得倒是挺快的，到你家了，先敲敲打打，也不听你讲哪儿的毛病，自己上手启动一遍，摸摸下巴，测测电表，咿咿呀呀半天的专业词汇，最后告诉你，整块电路板都得换掉。问他只换元件行不行，他多半不同意，还会毫无顾忌地表示修理太麻烦了，不如换个新的。
西奥就是这样的人啊。
卡尔说：“厨房那边快准备午饭了，再拖估计就不让我们试验了。”
“也是。”后勤女子想了想，本职工作要紧，其他就随二人捣鼓吧，“那我先走了，东边灯塔又坏了三个。”
“工作顺利～”
 
挥手送别外援，两人推着小车向负二层走去，推开食堂的门便听见了鸠和吉诺的对话。
“吉诺，鸠好饿啊……”
“啊？刚才让你吃饺子不吃。”
“鸠不知道是饺子啊，咕……”
“挑食禁止。”
新人怎么在这里！鸠给西奥造成的阴影余波未了，他看到少女就肩膀痛。卡尔见西奥站在门口不进来，也不多问，开始调试设备。吉诺瞥见他们，提醒道：“到里面来搞，别占道。”
卡尔小步挪蹭到内庭，西奥也只好假装不在意新人，帮忙搭手。新人似乎不知自身杀伤力强悍，主动凑上前去陪笑，西奥眼皮直跳，真是想什么来什么。
“膨化机唉！它是用来做什么的啊？”鸠突然觉得眼前的机器有些眼熟。
卡尔迟疑道：“你问我，我也，美食汇上也没写……”
吉诺哗啦啦地洗菜：“你们还是太相信杂志了，上次油炸苟驼油不就失败了。”
“哦！油生油生油，是油动永动机啊，老伙计！”鸠感叹。
西奥辩驳道：“这次不会搞错了！我们对机械还是很有自信的，对吧，卡尔？”
“嗯……嗯！”卡尔强颜欢笑，他也不知道会做出什么，“开始第一次试验吧。我能拿些小米吗？”
鸠搬来米袋，于是两人开始预热机器，西奥特意站在新人过不去的角落，告诉卡尔可以开始了。发动机轰隆作响，滚动的小米在不规则螺杆的挤压下高速膨化，透过模具的细孔结成肉壁厚实的长筒状。米香和热气在屋内扩散，鸠接过成品放进口中，惊呼美味。酥脆与溶于口腔两个极端的口感，即冲突又搭配，让鸠想起了在哪儿见过它。
 
那是小学的一次出游，哥哥借着在博物馆实习，便要带鸠去坐新开的热气球项目。这次升空的批准，基地博物馆得来不易。江源基地因其特殊的规划，往往一个街区的拟态天空紧接着另一个街区的地面，很少有能够供热气球升空的高度。但本届世文遗委员会里，有一个特别痴迷中古电影的委员，总想着复原热气球飞行家的场景，排除万难才在新郑州找到了一个升空点。毕竟天空是人类的梦想啊。
但二人出门后，政府临时通知了进行全市喷洒作业，露天项目也被迫取消了。鸠站在窗前，清洁水雾从遍布蜂巢都市的结构杆中喷出，水流在窗户玻璃上滚动，汇集流入更下层的天空。天还亮着，水似无根，像是光生出了水，水又生出了光，从天流向地，某处灯光闪烁，又似从地跃上天。灰构的都市，虹光遍布，点若繁星的彩虹一束束从城市的一壁蔓延到另一壁。鸠看到了虹的尽头，那是朵朵白云，是和平鸽的故乡。但鸽子们已经不会飞行了，取而代之的是无数的热气球，向天空传递未来的喜讯。
热气球在天上飞呢。
激动的心情溢于言表，直到她触摸了眼前透明的壁垒，窗外电闪雷鸣，乌云撕碎了彩虹，让雨水淹没了整座城市，鲨鱼露出它们尖锐的撞角不断撞击玻璃，令墙壁同地面无力地颤动。鸠跌倒在地，她摸到一只鸟爪，回头望去，渡鸦黑洞般的双眼倒映着她的现实。没有鲨鱼，也没有淹没的城市，有的只是她一个人。
 
“鸠？”
……
“新人怎么没反应。”这是西奥。
“fatal error，可能需要重启。”这是吉诺。
“我们这样议论不太好吧，她虽然不说话，但嘴巴在动啊。”最后加入的卡尔，指出了核心问题。从午饭前开始，鸠便在吃膨化果，到饭点过去还没停下，吉诺把零食拿开，她浑然不觉，竟然吃起了空气。
“算了，也不是第一次了。”
吉诺还记得鸠来小队的第一晚，他睡在下铺，鸠在上铺，到他上床，上边的灯还亮着。直到早晨他叫鸠起床，鸠答应了一声，起是起来了，眼睛睁着，身体却一动不动。吉诺这才知道咕咕半梦半醒中，会持续同一个动作。
 
推着运膨化机的小车，吉诺将鸠运带到阳光房，她这下可真睡着了，呼吸声稀稀疏疏，胸腔微弱起伏，安静极了。他试着在鸠耳边大吼：“咕咕醒一醒！”但似乎不起作用。
壁炉中，虚拟的黄色火焰缓缓跳动，吉诺想到了个新点子。他打开橱柜，映入眼帘的是一排形形色色的木盒，其中便放有他的梆笛。将梆笛从盒内取出，吉诺道：“今儿高兴，给大伙儿露一手！”
德利队长搁笔，好景好曲，也没了工作的心情。路过的队员也停下了脚步，听过吉诺过去是流浪乐人，遇到现场确是头一次。
一曲黄莺亮翅，报以迎春，借词记之：
颤来音扬似晨晓，春意浓，万物复苏，黄莺闹。黄莺闹，翼展驾风飞，啼早，啼早，呼朋唤友，迎春茂。黄莺瞧，枝头绽新芽，白梅好容貌，溪冰绕石漂，鱼跃花间俏。黄莺笑，抖尽尘雪，亮翅逍遥。
鸠醒得巧，全曲都听着了，也录下来了，不得不说吹得真好，她学不来。她是那种不会乐器的音乐人，也不能说全不会，乐理都懂，就是不肯练，过年也就打打太鼓助兴。问她便是，过节就该打太鼓嘛。她还真考虑过靠教太鼓养活自己，作为少数几个在世的免许皆传，做师傅还是绰绰有余的。
不过，应该没人玩太鼓达人了吧。
曲罢人散，时针移过十二点，就这样半天过去了。吉诺擦去笛管上多余的水汽，放回了木盒里。德利托着下巴，她想起最初遇到吉诺的样子，真是一点都没变啊。
她瞧鸠摆弄着录音笔，打趣道：“哟，醒了。”
鸠看向德利，录音笔里的黑猫阿发，也就是Alpa，做出了同样的动作。现在的阿发似乎能通过PHIGROS投影到现实中，但不能抱不能摸，离宠物猫还有很长一段距离。
鸠感慨：“吉诺好强啊，现在会古乐器的人很少见了。”
德利补充说：“冰封层我只见过他和他师傅两个乐手。老人家去世了，也就他会吹了吧。下次带你去第三小队，吉诺从那儿出来的。”
“吉诺的故乡吗，好啊。”鸠应道。
吉诺本人似乎不赞同他们的说法：“第三小队又没特产，去了干什么，我们那儿也就这把七百年的古董，可以吹嘘吹嘘。冰封纪元之后，人们就不再做乐器了，乐器保存的技术也逐渐失传，这才把它视作宝物。”
“既然是宝物，又怎么让吉诺带出来勒？”
“笛子若得不到感动和旋律的浇灌，就会像其他乐器一样消逝，常吹常练才是保护笛子唯一的办法。至于为什么让我带走它，毕竟能使用它的只有我了。”
感觉是个悲伤的故事，鸠如此想道。
 
吉诺一直好奇阿发的构造，总感觉不是单纯的投影，起码投影不会对他的逗猫行为露出鄙视的眼神。
“你的猫里都录了什么？”
“哥哥说秘密只能和好朋友分享，你是我的好朋友吗？”
“不好说，好朋友的定义里，包括共居一室吗？”
“好朋友不会窥探秘密，所以你不是。”
“室友之间有秘密？”
“好像没有？”
天真的鸠，还是落入了阿吉的逻辑陷阱，她知道阿吉的话有问题，就是不知道哪里错了，所以她选择不回答。
 
吉诺获得了短暂的胜利，但胜利只会持续到午夜，如果不和鸠打好关系，按照女先男后的洗澡顺序，他今晚必定无家可归。
“对了，今天不是下雪了吗。半个月后的猎渔节，你一定会喜欢的。”吉诺假装知道一件好事想分享给新人的样子。
“那是什么？”鸠很好奇。
“嘿，晚上再告诉你。”
安全。
 ——— 
「可公开情报」
 
【江源基地】：冰封纪元三大基地群之一，分散建立在雅鲁藏布江谷地。江源基地本着可复制回收的工业建筑风格，采用了成品拼接的快速建造方式，又因其多层竖构的街道规划，以及极度拥挤的居住环境，被戏称为蜂巢（hive）。 
【桥民】：江源基地建成之后，世界各地陆续有移民到此迁居。其中迁移人数最多的欧亚大陆桥迁移计划，曾遭初代公民的集体反对。桥民是侨民的异体词，起初带有贬义色彩，后来只保留非初代公民这一个含义。",林现2092/06/28 23:14,PigeonGames-鸽游,-,,,,游戏外/官方小说,0465
Phigros·冰封世界（三）,"三·雪原上的精灵（完）
 
——770年2月28日 · 像素塔——
 
 
09：15_
「紧急通告：冰封层产生五级异想污染，污染范围为全境，非防异人员请及时撤出冰封层，现已出动像素塔救援队前去支援。」
「紧急通告：冰封层产生五级异想污染，污染范围为全境，非防异人员请及时撤出冰封层，现已出动像素塔救援队前去支援。」
 
14：00_
「紧急通告：即日起关闭港湾至冰封的所有穿梭线路，恢复日期待定。请滞留人员即刻撤离，如有特殊情况，请及时联系下述救援电话；320-1100-0911-5。」
 
23:59_
「请进行任务确认。
本次救援147人，冰封层已无人类生命迹象。
确认完毕，现在运行拔锚程序。
拔锚已完成。
欢迎回到像素塔。」
 
 
——770年3月17日 · 猎渔节 · 冰封——
 
 
本日无风无雨。
万里冰川，延绵九曲，融冰之水滴答暗流，进而汇聚成河，似透明的血液，沟通起大地的脉搏。一处清泉，横卧两道支流间，暗流挪移，河石的缝隙呼吸不止，气泡升上河冰，浸染波动的纹路。有鱼儿破卵而出，冰蓝的胶质皮肤下，是荧光的脊骨。鱼群涌动，打碎无形的牢笼，一点爆发，光芒流淌过大地的血管。生机蠢蠢欲动，它在等一个契机，一个破土而出，催生万物的契机。
突然，高速转动的锯轮，打破了循环的平衡，咔嚓，咔嚓，冰河上洞开一扇天窗。巨影乍现，人类瞳孔投来的目光，让光恍惚间停滞了会儿，它短暂得难以察觉，但这之后，冰下的世界已全然不同以往了。
“情况如何？”
“好消息。”
数百年进化得来的群体意识，让鱼类自然地感觉到，这个好消息对他们而言正好相反。
河的下游，几十个移动的小点，正缓慢靠近枝晶般的河道。两岸因异想而生的植被，令河冰提早得到了融化的机会，
来了。
捕鱼人蓄势待发，河中鱼浑然不觉，绞叉亮锋芒，霎时间，水花飞溅，河冰染上了弱肉强食与鲜血的颜色。
若丰收对人类来说是大自然的馈赠，那对被捕猎的生物而言又意味着什么，是无法抗争的宿命，还是世事难料的灾难。
鸠如此思考着。
“咕咕来干活了。”
“都说了，我不叫咕咕！”虽然这么说，但她还是把鱼篓递了过去，“坏阿吉。”
“阿吉坏，关我吉诺甚事。”
鸠小姐气不过，一屁股坐在冰洞前，看着血水，丝丝流入无尽的远处。吉诺急忙将鸠拉起，省得她屁股冻坏了。
“咕咕才不会冻坏勒。”
“当初在山顶，你明明瑟瑟发抖。”
“咕咕才没有！”
两人就这样打打闹闹，在回去的路上。远远望去，莹白的冰场上，数十的黑点，身影上下浮动，让鸠想起地上的石油钻井，巨大机械抽取大地的血液，那还是考察途中发来的哥哥，发给她的视频里记录的场景。
“对啊，这里就是地上。”鸠想道。
 
他们骑上摩托，一路风驰电掣，很快到达了猎渔节的本会场。见狩猎组归来了，留守的后勤们，剖鱼的剖鱼，洗菜的洗菜，像是即将迎接一场硬仗。西奥抱怨吉诺和鸠跑太远，等得他肚饿；卡尔被德利队长借走了，去采炖汤要的辅料；莉莉手忙脚乱地切剁，新加入没几月的医疗员，似乎没见过这场面；鸠冲下雪坡，喊着我来我来，吉诺急忙拦住，让她别帮倒忙，管吃就行。
鸠本来不乐意，但她走了一圈，得出吉诺在这方面，有着不可置疑的正确性，她确实更适合吃。当然了，她吃的时候，还不忘给美食评价：“别瞧咱们年纪小，咕咕可是美食家。先尝尝阿吉这道烤鱼排，咸淡适中，肉汁丰盈。阿姆阿姆，不错，咕咕的评价是：Φ！”只见她右手作圈，左手食指竖中，摆出一个奇怪的手势。
 
“Φ？”
 
“黄金比率的Φ哦。”
“原来如此。”吉诺似懂非懂地应和道，奇怪的知识又增加了。
 
与此同时，不远的河谷深处，德利与卡尔漫步于裸露的河床。
他们正在寻找一种食材，一种只有在温暖的春天，才会伞帽微显的食用菌。冰封层住民曾试图培育过，但不出所料地失败了。异想的养料源自人类的想象，没有强烈的愿望，自然不会诞生奇迹。
德利扒开冰洁的草丛，没有找到她想要的食材，喃喃自语：“奇了怪了，昨天来还有的。”
搜索另一片丛林的卡尔两手空空，同样没有收获，他担忧道：“队长，不会是……”
“大概别的小队来过了。”德利队长看着远方，眉头微皱，好似对方藏在云中。
“嘛，偶尔也会有这种事啦。”德利嬉皮笑脸地搂过小队员，“没采到不要紧，开心最重要，说不定回去就有了呢。”
“也是！”卡尔笑道，但又像想起了什么低下了头，“队长，其实我有话和你说。”
“怎么了？”
卡尔张开口，那三个字卡在喉咙里进退两难，终于鼓起勇气说出了，对方勉强的笑容，无处安放的双手，隐约能感觉到的抗拒，无不刺激着他的神经，果然还是失败了，卡尔逐渐明白一切，独自回去了营地。
 
-
 
鸠蹲在锅前，双眼眯嘘，嘴抿高汤，若有所思。汤里还差一味重要的食材，名字就在嘴边说不出来。直到她睁开眼睛，看见了角落里顽强生长的香菇，这才灵光一闪，直呼：又到了真正主厨发挥作用的时候了。
一通操作后，鸠胸有成竹地问假主厨：“你猜我刚干什么。”
吉诺望着飘动的食材，即答：“是香菇，你在里面加了香菇！”
“哎？你也太熟练了吧。”
咕咕小头一歪，心想坏了，剧本不是这么写的。自我沉思时，鸠往往念头飞转，但面对吉诺，她总是说不出的窘迫，仿佛他是天生的克星，肚里的蛔虫。
“好好看锅，别糊底了。”吉诺大吁。
“我这味加的不妙？”
“妙是妙，就是加早了。”
鸠气得跳脚，真就冤家对头了，她连连发出哼声，绕着锅灶七步一回地踱步，想构思出些浑诗来，夺回口头主厨的桂冠。
“队长回来了。”
此时吉诺打断了她的思路，指向远方的骑马者。
 
独角的梦魇马自山坡下跃，德利戴着兜帽，阳光透过云层细缝，细细碎碎地洒染着大地，像是鸣奏的音符于风中飘散。
“只有队长一个人……”
吉诺感觉到些许的不对劲。
 
-
 
卡尔出生在第九小队，那里的队长郑铎也是从“上面”来的，但和德利不一样，郑铎不参与巡逻活动，也不和队员交际，一心只想着回到像素塔。但他很喜欢和孩子说话，幼小的卡尔常常是他倾诉的对象，郑铎很享受这种感觉，因为卡尔永远不能明白他口中的世界。郑铎对他热心关怀，贴心照顾，卡尔也曾感激过他，但得知郑铎“睹物思人”的扭曲情感后，就很少在郑铎前露面了。
直到郑铎服务期满，众人离别的晚上，卡尔不得不站在送行队伍的中间，郑铎发现了他，像过去一样，抚摸着他的头顶。郑铎留给他一本笔记，扉页上写着：“个人的力量太小了，被大众忘记了，就什么都没了。”那话不知是对他说，还是对那位无名的孩子说的，就像蒙了一层雾纱，缺少催生理解的共情。直到卡尔遇到了西奥，一个爱哭的梦想家。
那是一个风雪夜，卡尔和第九小队走散了，冰结的大地，雪花刮起道道寒意，天空遮住了他的视线，他仿佛无根的浮萍，要在这大风中飞上一遭。
果真，他飞起来了。风带他飞到了一个陌生的营地，雪停时分，他遇到了那个孩子。西奥带浅棕色的雪帽，一双手埋在雪里拨弄，红肿得不成样子，好似冰晶的物质，从他的眼中滴落，卡尔忍不住问他，你在做什么。
眼周通红的西奥，哭着回答：“妈妈，妈妈不见了。”
就在那时，一个骑梦魇马的白发女人，从远方赶来，她叫德利，第七小队的代任队长。卡尔在电子画报上见过她，从七百年前活到现在，建立巡逻队的大人物之一，也是郑铎口中的“背叛者”。
“你们跟我走吧。”
德利居高临下，口吻坚定的，仿佛除了这条路外，其他一切路都封死了。卡尔没有拒绝的权利，而西奥哭得昏天黑地，根本不知道发生了什么。德利一手一个提上马鞍，带回了营地。
 
西奥来到第七小队后，就忘了那个在雪里寻找母亲的自己，转而沉迷于古典机械。也就是那个时候，卡尔同样喜欢上了机械，并为西奥的想象力折服。为了采集制作的材料，西奥总把自己弄得一身伤，一把鼻涕一把泪地哭着回来。其他已经习惯了，但负责医疗的莉莉总是很生气，她试图用她独有的方式，让西奥放弃不必要的采集行为。
“爱哭鬼！捣蛋虫！知不知道错了你。”
“别用力了，疼疼疼！”
卡尔摇摇头，看来这样的日子还会维持很久很久，就在他这么想着，吉诺出现了。他是从上面来的孩子，见到吉诺的第一眼，卡尔便无比清楚，他们身上有着冰封 层住民没有的气质，  
就像。
 
“就像‘活着’一样。”
西奥从上层归来后，形容到那个地方时，说了这么一句话。
 
二人在第七小队的第三年，一位来冰封层勘查的工程师看上了西奥的天赋，想选他做继承人。西奥听说能接触更高端的技术，二话不说和他走了。但没过多久，西奥一个人回到冰封层，再也没提过那件事。直到最近，鸠加入第七小队，西奥才再度开口。上层才能看到未来，比起他们，冰封层的住民更似雪中徘徊的幽灵，不过死者的倒影罢了。
“幽灵？”
“比喻啦，比喻。倒是你，真的喜欢队长吗。”
“我……”
那份感情，比起喜欢，可能向往更多一点。
 
 
 766年春末，曙光晓明，魇魉大潮如约而至。作为每年冰封层的保留节目，大潮将从春末五月，一直持续到七月底，届时，异想军团将自深坑集结，分为五批攻击沿岸驻地。
最前线的第一到九小队，遭遇了多达七个异想军团的报复打击，最为惊险的六月中旬，外有士兵种正面猛攻，内有人类种随机杀人。恐惶于人群扩散，谁也不确定身边的战友何时会背叛阵营。局势越发严峻，每个人都在问“内鬼”是谁，又以外勤人员最有可能。
 
那时还在雪原执行斩首任务的卡尔一行。他们惨遭斥候突袭，虽然最终脱逃，但还是被敌方收集了身体数据，几团漆黑的底油迅速变化，在面前幻化成他们的模样。
任务失败，又或说战败的他们，狼狈地在雪原上挪走，通讯设备失灵，无法联络本部，备用电池也消耗殆尽。最后的晚上，人们抱团相拥，任由篝火渐淡渐灭。卡尔有过后悔，如果能再努力一点，再努力一点的话。
寒冷冰冻住思维，泠风吹拂，篝火熄灭时，卡尔做了个美梦。
他梦见自己穿过基地走廊，众人日常地互打招呼，而队长站在房间的正中，若往常般等待着他们归来。那回眸一笑，勾起的不止回忆，更有悲伤，痛哭着辜负了这份等待。
卡尔当时只有一个念头，如果我能永远留在这儿该多好啊。
阳光下，德利笑着说：“记住，人心同人心的战争里，只要人心不死，我们终究还会相见。”
 
766年夏初，八月艳阳，魇魉大潮已然过去。平凡的早晨，吉诺骑上他心爱的小摩托准备出门，远处蒸雪薄雾中，一个身着防护服的男人，摇摇晃晃地朝基地走来。他拿起望远镜，头盔的积雪挡住来人的面容，但他还是从左臂编号认出来了，那是消失已久的卡尔。
 
 
——770年3月23日 · 冰封—
 
 
距离渔猎节已经过去了六天，卡尔也躲了队长六天，参加先遣队也是自荐前往，为了减少和队长见面的时间。
这次出问题的灯塔群在“深井”附近，几乎整片区域的设施接连地坏了，队里得出要么是洞口坍塌，要么是异想倾巢出动的结论，所以这次出动了十人左右，每人都配备了全套的武器装备，准备随时战斗。
深井虽被称作井，实际却是一个深不见底的巨大坑洞，据观察直径约为三百公里，深度过五千米。作为每次魇魉大潮的初始点，深井的监视工作极为重要，虽然大潮季还未到，但不排除提前发生的可能。
深井边，示波屏上尖锐的峰点不断，卡尔戴着监听耳机，眉头紧皱。
“异想在害怕什么。”
“怎么可能，难道有东西能治他们不成。”西奥笑道。
然而。
 
刹那间，非人的悲嗥，自深处透过岩石传导至地面，深井每处的凹陷凸起，屈折扩大开原始的声波，阵阵回响始自山泉淅沥，进于江流涌荡，奔赴海碧浪涛，像一条巨鲸，流涕着，挣扎着，在泥盆中搁浅、摆尾、扬尘，遂归于平静。
巡逻队员来不及震惊，雷达随之轰然作响，嗡——地面在震动，一望边际的深井黑洞，肉眼可见地崩塌溃散；刷刷刷，节肢扭动声、爬行声、口器吞吐的嗦嘎、黏液滑行而离面的啵嗯，暗道怪物出笼，比赛开始。
 
啊啊啊啊！
天地的竞技场上，勇士牺牲了。
逃脱不能的角色，何止零星数点，人类也是，异想也是，只知上演一场螳螂捕蝉，黄雀在后的临终好戏。考查团的车上，青壮年们拿着武器，射击随时扑来的异想，黑炭色的粒子，一波一波，或泼洒或晕染地染在他们身上，那是异想的“血液”，也是异想的皮囊，就像定型的塑料气球，一戳就破地，糊在本该快乐的孩童脸上。恐惧爬上卡尔颤抖的手臂，一个大胆的想法出现了。
也许异想不在追我们，而是有什么在追他们。
这个想法一出现，便一发不可收拾，并急于证明自身的正确性。现实步步紧逼，漆黑岩浆涌出深井，吞噬溶解着所有事物，要将一切化为一体。不论猎物的惨烈嚎叫，它平静得，缓慢得，若一潭死水，不见半点波澜。
已是最高车速，而黑洞仍在不断靠近，与其说地面在崩塌，还不如说绝对的规则正在运行。地下的、陆上的、空中的、一切可见的，被一张隐形的围墙，撞碎得一干二净。车尾最先被吞噬，接着的是无法动弹的伤员和跳车的人，然后是西奥的脚、中跨、腰，卡尔拼命拽住他的胳膊，胳膊没了，就是头、头发，发丝连头皮都拽下来了，接下来也轮到他了。
这一次，真的回不去了吧。
至此，深坑十公里沦陷，史称巴别之变的序章。
 
-
 
——770年3月32日 · 冰封——
 
 
下雪了，啊，不是雪。
坐在德利过去的位置上，阳光漏过指缝，鸠像在想着什么，又像没在思考一般，呆呆地坐着，坐着，睡着了。吉诺翻阅新到的美食汇，时不时目光瞟向墙壁的时钟，似乎在等待什么特定的时机。
 
猎渔节后的第十五天，第七小队残员两名。
首先是九天前，先遣队近乎全灭，卡尔一人脱逃，但在传递完重要情报后失去心跳。
他最后的留言如下：
“快跑……来不及了，有什么……从深井……”
巡逻队随后发现深井涌出了大量冰原魇魉，极有可能魇魉大潮提前了，其他的先遣队员也死于其口。
 
3月26日，巡逻队组织全队大出动，德利队长拿到围剿令后，命令全队出击，仅让吉诺和新来的鸠留守。出击前晚上，德利交给吉诺一包锦囊，如果五天后的上午十点，他们还没回来，就打开它。
“轻飘飘的，我估计是纸条。”
“猜对了。”
而鸠在德利走后的第一天，就霸占了队长的卧室，当然这经过了队长同意，她还在 通讯里大笑不止，完全没了刚接通时的阴郁。
也正因此，鸠偶然找到了队长的笔记。她和吉诺研究了半天，没研究出名堂来，全文用暗语写成，为数不多能辨别的单词只有：377、塔、傀儡、梦醒。
鸠跟吉诺说：“这肯定是小说大纲，我就这么干过。”
吉诺摇头：“我了解队长，她要是写小说，绝对会到处给人看的。”
“破解开不就知道了。”说着鸠拿起Alpa对着笔记扫描了一遍，自满言道，“Alpa连着我们那边的管理中心，用哥哥的权限调用计算资源很简单的。”
“谈到Alpa，你的记忆恢复得如何了。”
“那个啊，没什么大进展……不过！每天都有新发现！”
鸠说着跳下床铺，乐呵呵地跳着舞，但很快，她想起离开的大家，蹲在墙边眼角留下泪来。
 
全队出发第三天，前线停止发回消息；第四天，天空中出现疑似像素塔的巨塔，并不定时飘落白灰；而到今天，已是第五天。
时钟一分分游走，转眼就到十点，吉诺嘭——地合上书本，让我们揭晓答案吧，打开锦囊的一瞬间，他明白了。
“鸠！”
“怎么了。”
“我们该走了。”
 
穿上外套，吉诺牵着鸠的手，快步奔向车库。鸠睡眼朦胧，但帽子攥在手心，孩子的心情可想而知，处于时代潮流中的人，都有各自的预感，无论怎样挣扎或等待，他们还是走到这一步。
与前线的最后一次通信，鸠忽然意识到，这个地球并不是新郑州所在的地球，只因德利的一句话点醒了她。
 
四年前，队长曾救过卡尔一次，当时各巡逻队分别派出一名队员执行斩首任务，卡尔就是其中一员。但任务失败了，斩首小队葬身在冰原上，其他队长怎么做的德利不知道，但她通过异想再造的方式，提取了卡尔的备份信息，复活了他。但这次，德利做不到，先遣队所有人的备份信息都被删除了。
鸠惊讶道：“复活？”
“我和你说过吧，异想也可能是人类的样子。”吉诺回答。
德利点头：“没错，第七小队除了我们三人，都是异想之物。所以只要我们记得大家，大家就能复活，我到前线来也是这个原因。”
一时间，大量信息输入，鸠竟有些混乱，虽然这是件好事，但怎么想都怪异，而且队长呢，队长不是异想之物吧。
“不用担心我，人死后将在塔里重生，到时候我们再见吧。”
通讯到此结束，这也是鸠最后一次听到队长的声音。
 
三月份的最后一日，冰原遭遇了史无前例的巨大灾难，从塔上飘下的白灰点燃了所有抗争的“人”，巨大黑洞从遥远的地平线升起，脂肪制的众多黑球，缓慢离开他们主人的身体，在新雪上留下不规则的墨迹。这一点点的不真实，让她觉得熟悉却陌生。那仿佛出现在她生活中的每一秒，又脱离人类本有的常识。
 
字条上写着：“去你和鸠相遇的地方。”摩托引擎轰鸣，灰烬没能对他们造成任何伤害。鸠记录道：“我们疾驰在冰原上，就像队长所说，只有通往萨里山的路，受到塔的庇护。”
再登萨里山，整个山体像正在融化的冰淇淋，曾经鸠站立的那块大石也滚落山下，当然，这对他们不造成威胁。吉诺看向雪峰，只觉大脑钝痛，再睁开眼，无数弹窗跳出，最显眼的一条还得是：
 
【林泊权限解放，管理员，欢迎回家】
 
这一刻，吉诺才搞明白一件事，一直帮助鸠回忆的他，才是真正失忆的那个。
 
像素塔曾有传说，星星的碎片在大气中燃烧，会形成好看的弧形，而当无数碎片一同落下，它们将化作通天的光桥，带来远方的讯息。没有人曾走进光桥，这是写在最底层的禁忌，若去尝试，他们必会知道光的对面，有一个新的世界。
 
这个新世界，即是冰封，亦是像素塔。
 
“走吧，吉诺。”鸠指着洞开的光门，“去新世界！”
 
几十年前，那个管他叫阿吉的女孩儿，此刻终于和鸠的身影重合。
 
我想起来了。
 
———
「可公开情报」
 
【像素塔】：代指由先民建造的升天装置，包括石林（立柱层）、霓虹（中转站）、阿特拉斯（水箱层）、港湾（居住区）等四大节点世界。月面纪起，像素塔则代称冰封以上的所有节点世界，除以上五个楼层外，主要楼层还包括围绕港湾层建造的四大天宫行星，月面基地，以及假设中的穹顶层。",林现2093/06/28 17:00,PigeonGames-鸽游,-,,,,游戏外/官方小说,0466
【小说】思想者广场上的少女,"作者：Kuanphough/词条原作：风铃
本文收录于清醒者日报vol.0
相关词条：无名星河 「the nameless outcast」
———
思想者广场上，有少女在跳舞。
 
乔治离家甚久，最近才知道这件事。
 
他去早餐店，买了两袋面包，和一杯豆奶，坐到广场的阶梯上休息。灰头的白鸽，翩跹双翅，成群结队，赶来他手边。面包撕成小块，抛向天空，他摩搓着碎屑，放眼望去，飞鸽的留白处，少女正踏着螺旋舞步。
米白的长裙，纤细的脚踝，构成人体陀螺的边距，脚掌支撑，手腕翻转，一回，二迈，三点地，四肢五体如闭合的流线向量，轻柔地讲述一个没有结局的故事。
乔治并非惊奇少女的绝妙舞姿，而是如今乡镇地区越发老龄化，如她般年轻的身影并不多见。为了吸引青年人定居，去年秋天，镇上费了许多财力，建了这座思想者广场。
 
思想者广场由四十二个同心圆组成，四周是宽步的阶梯，中心地带下陷，布置有一组十八喷头的地面喷泉，运作时如同绽放的莲花，取生若夏花之意。广场建好后，他们又打算在街角建图书馆、学校、演讲厅，再划些地皮给饮食店和商铺，让小镇更富有文化气质。但原来的居民不愿接受调配，人们抄高了广场附近的房价，要求符合市价的赔偿，接着规划又受到各路人士阻拦，以污染、噪音、反传统等名发起多场诉讼，思想者广场的建设也就此作罢。
不出三个月，广场仅剩的皮囊也因为经费短缺，越发破败。华丽的罗马柱被偷走，鲜花被连根拔起，重型车辆肆意碾碎大理石砖面，连唯一正常运行的大型喷泉，也在一场大雪后失灵。
至此，思想者最后的辉煌也熄灭了。
 
新年将至，冰雪消融的正午，人们清扫街道的积雪，只见一位少女，裹着棉布裁制的连衣裙，赤足行走在广场边缘。工人们呼喊着少女，冷凝的水雾从他们着急大张的口舌中吐出，他们奔向她，在一阵阵列车的轰鸣里。少女却执意迈向广场中心，迈向她忽然如同上了发条的八音盒，伴着车轮传动的铿锵起舞。没有人知道她是谁，她从哪里来，他们只知道从那天起，少女的舞蹈再未停止。从春天到夏日，到深秋，人们侧目，少女踏着螺旋舞步。
这很快吸引了外界媒体的争相报道，原本无声的舞蹈，也迎来众多伴乐者。外地的艺术家蜂拥而至，他们在小镇上定居，消费，一时间带活了本地的经济。
当初想建的图书馆，演讲厅，都垒起来了，想象中的年轻人，敲着锣打着鼓，急不可耐地成为这里的居民，他们还打算建一所大学，为思想者广场坐落的小镇，培育真正的思想者。过去离开小镇的年轻人也回来了，他们带着外界的新事物、新思想，要在家乡大干一场。
“我就是其中一员。”乔治说。
少女示他以笑，伴奏者沉溺于和弦，似乎他的倾诉，实为自言自语。
“好吧，最后一个问题，问完我就走，你为了什么在跳舞？”他还不放弃。
而此时，伴奏者轻轻唱道：“如果要寻找答案，那么年轻人，你来错了地方。思想者广场上，只会诞生新的谜团。”
“什么意思？”乔治看向低头抚弦的伴奏者。
“我这么说很像不可知论者，但你怎么能肯定，一个答案足够解决你现在的困惑，而不会带来更多的困惑？”
“也许，我只是需要个回答帮助我继续思考？”
“那么她已经给你了。”
伴奏者笑道，太阳下山，他停止弹奏，摆正帽子，收拾东西离开；少女欠身敬礼，她旋转着，朝所有的“思想者”问好，继续她无尽、又无名的舞蹈。
 
正如伴奏者所说，乔治的问题只增不减，他开始怀疑一切，以及一切的意义。为了驱散脑中的疑问，他在电报局找了份工作，为小镇上的人们向外输送他们的声音。这帮助他认识了些许哲学家，但未曾解决他的疑问，因为这些时而友善、时而疯癫的好邻居，各自为营，从来没有个统一的声音。
正如他们在思想者广场听见的乐声，旋律各异。
这也是乔治最为惊讶的地方，少女的舞蹈千篇一律，伴奏看似会随演奏者的上台离场切换，实质上人们同时听见的乐声并不相同。如果把所有人听到的音乐放在一起，那将是狂躁无比的噪音，然而人类天生有筛选信息的机能，只选择他们想听的声音，因此并无大碍。
小镇居民可能会在傍晚路过广场，喝一杯热可可，听听音乐，望望风景，度过普通的一天。他们最多为演讲家驻足，瞧怪人们的小脑瓜里，又诞生了什么奇思妙想。
爱问问题是乔治的坏毛病，他一直改不了，但他也知道，疑问只会带来疑问。所以他不再主动询问，而是一遍又一遍地自问自答，将别人的疑问，作为自己的，再问一遍。慢慢地，他有了一种预感，盛世难长久，总有一天，人们会再次离开这里。
不是因为少女，也非笨拙的伴奏者，而是现实的不可抗力。正如巨石，推上山顶，又滚落山麓；蜡炬燃尽，烟气渺无，光明归于黑暗；精卫衔石，以填大海，却逢沧海桑田。
思想者广场是个奇迹，而奇迹总有沦为平凡的时候。
 
这便是时代的力量。
 
乔治四十五岁，电话诞生了，他的工作有了些许变动，但依旧充当着声音的信使。他每天坐在总机前，看着人们用冗余度更高的方式交流，情绪、口音、口吻，电报不具备的特性，将跨地区交流的复杂度上升了一个台阶。他不喜欢这样，文字更为纯粹，也更有效率。
当然做电话接线员也有好处，就比如现在，一群测绘员，抱着图纸、工具，冲进服务台，要求他给城里的总局打电话。
“听着，这件事很重要，关系到整个小镇！”
“您不用着急，对面已经接通了。”
乔治递过话筒，测绘员还有些不相信，他擦擦手汗，和对面稍微打了一下招呼，随后吐出一串专有名词和数据。乔治对地质研究不多，只听出小镇哪里塌陷了，貌似电话对面也没理解，测绘员着急地大叫：“富川改道，等到夏汛，这个小镇就完了！必须尽快疏散居民！”
什么叫完了，河流改道并非一日两日，我们不能修筑水利工程吗，乔治不解。两边又纠缠了一会儿，电话挂断，乔治终于能问出这个问题。
“我明白这很突然，但暗河改道很难发现，现在的地质学还不足以监控到这类细节。你们的小镇恰好建在古河床上，本来就有淹没的危险，只是近百年来没出现这个问题。你是电话接线员，一定认识很多居民，如果可以的话，请你尽快通知大家。”
测绘员匆匆地来，又匆匆地走，乔治谨慎起见，把这个消息告诉了同事和每一个来打电话的人。又过了半小时，他看见镇长进去广播间，向全镇宣布紧急情况，一周内小镇全员撤离，不容拒绝。撤离公告当天就贴满了大街小巷，一时间，思想者广场上也飘满了撤退传单。
乔治下班立刻跑回家，妻子儿女已经收拾了不少，他先将这些年的手稿装订成册，放入一方大箱中，再去帮其他人的忙。宣布撤离的第三天，他路过广场，只见少女依旧在舞蹈，跳着那无名又无声的舞蹈。
 
他走到少女面前，再次发出了那道疑问：
“你为了什么在跳舞？”
少女没有回答他，并闭上了眼睛。
他们搬去了山上的平地，人们准备在那里重建小镇，重建思想者广场。这时候，人群中发出一个问题：“有谁看到那个女孩了吗，就是广场上跳舞的姑娘，我们不能没有她。”
“没有，话说她是谁家的女儿。”
“不知道，没人认识她。”
“大家找一找，她肯定在我们之中。”
“都确认过了，没有这个人。”
“那姑娘一直不说话，会不会是聋哑人，没听到撤离的广播？”
“有可能，我们立即出发，把她带回来！”
 
安顿好家人，乔治听到召集，立刻自告奋勇，和一队志愿者跑下山去。小镇不远，走到那里还不到三点，志愿者赶到思想者广场，少女依旧踏着回旋舞步。
她果然在这里，人们欢呼跳跃，成群结队，赶来她手边。
然而少女消失了，就在他们即将拥向她的那刻。
人们诧异，难道少女是他们的幻觉吗。
她是鬼魂，还是精灵？是过去的幻影，还是未来的海市蜃楼？
“她到底是什么？”
“乔治你应该知道吧，我见你给她伴奏。”
乔治刚想反驳他没有，他甚至不会弹奏乐器，却想起了多年前，那位回答他的伴奏者，正是穿着电报局的制服。
 
富川奔涌向前，乔治举起望远镜，思想者广场在一阵洪水中淹没，水漫过最低处的喷泉平台，接着是阶梯，花坛，最后消失不见。事情已成定局，他叹气道。
乔治正准备把望远镜旋回原位，却在取景框中看到一个熟悉的身影。
他想将她看得更清些，又只看到浑浊而流动的大河。
 
思想者广场上，曾有少女在跳舞。
 
失去故乡的乔治，依旧记得这件事。
 
-完-",林现2094/06/20 21:57,Kuanphough/风铃,-,,,,游戏外/短篇小说,0467
清醒者日报vol.0（2094.06.20）,"·卷首语·
 
大家好啊！这里是deathMark！
终于，终于——清醒者日报再度起航啦！
因为开刊没有任何通知，本期只收到一篇短篇小说，和数篇塔学研究……
但没关系！万事开头难嘛！
希望本刊未来能越办越好！
接下来，请看最近挖掘的残存数据
 
———
 
·联合快讯·
·某电子游戏大卖特卖，开发团队却入不敷出
·二人为完成期末大作业，强迫土豆人拥有信仰
·霓虹层周年庆花费60TB，尊师的袍子占一半
·财团霁股票暴跌，恐震荡证券市场
·安装跑团MOD后，林泊和异想纷纷进入休假模式
·TZB就婚姻法草案召开商议会，因无人提案被迫终止
 
———
 
·都市传奇·
「思想者广场上的少女」
本期收录作品由Kuanphough编写，风铃提供原作，讲述了思想者广场上，一位跳舞少女的一生。更多词条内容请前往林泊百科-无名星河。
全文见思想者广场上的少女
 
———
 
·塔学研究·
dM：塔学研究是一档专门接受塔学爱好者投稿的栏目，目的为解决一切玄之又玄的塔学问题。本刊根据每期投稿问题不同，会邀请不同审稿人参与进我们的审稿工作，例如本期的特邀嘉宾，弭O小姐！
弭O：（殴打主持人）停止你的【数据删除】行为。
dM：（逃跑）咳咳，那么弭儿小姐有什么想和大家说的吗？
弭O：我想干件大事。
dM：例如？
弭O：把游乐园里，所有低于1米4不得乘坐过山车的牌子都拆掉。
dM：冷静！这事关安全问题！
弭O：也是，算了。
dM：那么让我们来看读者投稿吧，首先是这位。
———
 
UnFtr：《关于异想生成的具体相关原理》
设想：个人认为，异想本身是无数人的想法中所产生的具体意象，在无数人的认知与认可之中进一步化为“现象”，【这里和当代现象学有异曲同工之妙。】成为的“真实的想象”。举例论证：假设于像素塔中，有一个原始人发现草地上有一个非常巨大由于陨石形成的陷坑，但是他并不知道这个陷坑是怎么形成的，就向同伴说仿佛有一个巨无霸的巨兽经过这里，并留下了一个巨大的脚印，并带领同伴前去观看这个陷坑，加深彼此的认知，然后一传十十传百，大家都“知道”附近有一只脚印都可以形成一个陷坑的“巨兽”，于是“巨兽”异想在这群原始人的认知中成真。【是可以这样说，但是我们只观察到巨兽的单一方面，若不设想巨兽的其他方面，恐怕将出现一只无形的巨兽。】【我明白你的意思，存在却不可视，不可闻，不可接触，但脚印会一直延续下去。】【这种就很麻烦，如果巨兽能物质化，那么也就能用物质手段宣布它的死亡。】【嘛，保持原样说不定能发展旅游业。】【难以苟同。】
对这个问题有疑问的原因：纵使知道异想唯一的繁衍途径是对于人类思想的异化，【此处人类包含AI等现实中的接入用户。】但异想本身从形成机制上的绝大部分相关未知，如同异想本身一样令我着迷，并情不自禁地思考。
 
可能情况：1如果是本身没有一定的价值观，属于什么都不知道对世界没有基本认知的婴儿的话，由于其认知的不完善与局限性，对现象的认知与想象也存在着诸多不合理的残缺空白，无法形成／对于已经存在的异想进行异化。【很合理，一张白纸无法污染另一张白纸。】
2如果是本身有一定认知与世界观的存在，他们脑海中所认知的不可能的事情也不会形成异想，因为他们早就在自己的脑海中是我否决了这份可能性的真实，将其定义为虚假，那么虚假也不会存在于世（当然如果是一个虚假的想象的认知的话另当别论）。【与其说不会形成，不如说对其非常识的否定，例如糖是甜的，盐是咸的，当个体把一类知识列入常识后，就很难再改变对该类事物的想法了，除非出现颠覆他认知的现象。】
3所以，只有拥有一定的认知与自主判断的基础上，对整个世界观有着相对的了解，形成自己的三观，在了解他人的言语／眼前的现象之后所进行的思考，才会形成或者异化异象。【这是异想生成的一部分原因，但该个体希望改变常识时，也有产生异想的可能。例如一些诈骗团伙就会用虚假的信息伪装成你的亲朋好友之类的，先催眠自己是那个人，接着让你对好友的认知常识出现偏差，这就改变了你的常识，也就造成了异化。这种异化前半段是自我的异化，后半段是题中3、4的异化。】
4但如果异想的形成与上述观点有差别的话，亦可以像这种似乎具有合理性的观点扩散到民众之中，并使用类似洗脑式的方法让民众相信，就可以将异想的形成方式异化成某人所说的观点一样，或者在原有的形成方程式之下诞生出新的异想序列。【确实，3、4所说的本质都是观察+思考，洗脑也是一种让大脑产生新联系的方式。】
 
如果成真用什么设定：《异想论》【这段没看懂，是要写书吗。】【他可能说异想形成的原因复杂，需要几十万字才能解释，你刊字数要求太低了。】【啊这，可以考虑投给哲学杂志。】
 
———
 
方解：《对异想战争进程中人与异想关系阶段的推测》
文章背景：冰封元年至六十年发生的异想之物与人类的战争。人类为自己的幻想，付出了惨烈的代价。具体请见词条魇魉大潮、异想之物、异想战争。
人类想回避战争，就要尊重历史，遵从道义。而当道义于“真实”中濒临破碎，历史反过来给予现世以沉重一击，战争就不得不被面对，被＂如同将侧过去的脸强行掰正＂以直视，被“扣着头”、“脑门贴着脑门”。【这里在讲魇魉大潮吗？】【有点像，单纯说战争再现的话。】【可我觉得异想战争是人类和人类的战争哎，从我八百多年的观察上讲，异想诞生于人类，所谓异想的增强和敌对，更多是人类的负面情绪导致的。】【莫要马后炮。】
这便是异想战争给我的感受。
 
—探知与学习—
 
“人类对深坑的恐惧使得最初的异想之物诞生”
对未知的恐惧会使士兵种的概念初步固化。但士兵种的侵略性使得人类不得不与其接触，而接触又意味着更多的了解和污染。生成所依据的概念决定了与之对抗的方法，人类对深坑的恐惧从未断绝，因此魇魉在七百年间也从未断代。【其实我一直想纠正一点，深坑某种意义上，也是一种异想。】【我还以为深坑是眼睛的具现。】【也没错，但大脑不是直接连接着眼睛的呀！】【所以他们恐惧的是现实世界？】【我觉得也有可能是注定的命运。】
在对异想之物接触的越来越多之后，最初的未知感被淡化，其它各异的情绪也就涌了上来，观点与态度也随之改变。这一认知会使得“士兵种”的概念被异化，从而诞生出多个亚种。
【亚种诞生于人们对异想社会的猜想，详情见一篇论文《魇魉存在社会结构的可能性》。】【你说的这篇论文在现实有备份吗？】【不清楚，我哪天导出来吧。】更多不同起源的异想在人类的思想中诞生，并被他们的“造物主”所感所知，对异想的了解和研究进入了一个飞速发展的时期。 同时概念的异化也进入了新阶段。
 
—利用—
 
“人类利用异想之物，重构了工业文明”
而当异想“可被干预”这一点被人类发现后，人类予以异想的观念再度改变，并带上了利欲的色彩。【利用一切可利用的活下去，这是人类的本性啊。只是稍微想一想，就有饭吃，那我肯定天天躺着想。】
 
—约束—
 
‘’人类为自己的幻想，付出了惨烈的代价。’’
人形异想的出现是异想泛滥的一种标志。【人形异想应该出现的很早吧。】【人类善于想象和自己类似的生物，现在寻找外星文明也很难突破生物学的认知具现，不如说是寻找宜居星球。】【我倒是有个一个问题，人形异想如果能思考，到底是谁在思考？】【你觉得呢？】【呵，我知道你想说什么，就自我认知上，我从诞生之初，就是我自己，仅此而已。】
人们因无法抑制的思念而使得死去的队员以异想的形式“复生”，而自身却不愿承认这种“合理”、不愿接受这种“侵蚀”，这便是人类种异想与人类间存在根源性的矛盾，这也就可以解释后来龙宫纪为何要发动牛肚谷战役。【这里要补充，人类离开冰封时没有战胜异想，发动牛肚谷战役最主要是的防止飞行种的出现，虽然还是失败了，后来霓虹沦为了五级异想的监狱，和人形异想的战争才到此为止。】【写到百科里去。（吹口哨）】【等发售之后吧。】
 
 
—败局早已定下—
 
异想战争的结局是必败的。就算没有异想的出现，人类也会想尽一切办法逃离地表，逃离被冰封的荒土。【去月球，去火星！】我的观点里，异想的出现与异想战争只不过是一针正负效果兼有的催化剂，极其高效的加速了这一进程，并且搭建起了一个以想象作为武器的舞台——“在这里，你可以成为任何人！”。
【说起来2091年之前72年都没有异想，在这之后很快就出现了异想，这是否意味着人类对未知的恐惧？】【人类无法想象未来，所以徘徊于现在。】
从此，“像素塔”的故事正式拉开帷幕。【好感动，是一个时代的落幕。】
 
—异想战争之于民众—
 
而没有哪个人能够独占某一时期的历史舞台。大多数时候，人都是被裹挟、被簇拥在“人们”之中——以“民众”作为其一身份而存在。此文仅对异想战争于平民的角度作出分析：相比于普通的人与人之间的战争，面对异想战争，普通人能否有更多选择？人与人相互敌对，意味着绝对优势者也无法永远保持胜利。
【人与异想的互相敌对，更似一场自我战争，人类只会一败涂地。】【异想战争中不存在平民，因为异想可能出现在任何角落，你的亲戚、邻居、同事、朋友，甚至父母子女都有可能是异想。】【他这里的选择，说的不是很清楚，结合上文，是否在说非裹挟的抉择，出于自我判断、个人主义的决定？】【异想战争中的超级英雄，应该存在吧，但只是超级英雄而已。我很清楚的记得，最初进塔的用户，基本没有对林泊现实中各类事物的记忆，类似一场大型的集体失忆，科技和文化都倒退许多年，只是后来慢慢“意识”到了很多东西的作用。】
*由目前已公开信息可知，异想战争拥有多个阶段，林泊百科中魇魉大潮词条给出了异想战争第一阶段的开始时间’’春末’’和结束时间’’秋初’’。然后二三阶段呢？【二三阶段请见进攻族群，那些基本是战争的全貌了。】
若只是人类团体与团体之间的斗争，平民可以无畏地拿出事不关己的态度，因为他们并不欠任何人什么。而异想战争是人类与其思想造物之间的一场抗争，这也就意味着这场战争与每个人都离不开干系。【人类催生异想，从而异想异化社会。】非要说其优势的话，足够大的基数能够决定出一套“常识”，而这套常识将作为一条判定是否为“异”的标准而存在，安全警戒线，是失去了“异”的特性的最大的异想。
【他估计想说异想生成，将部分异想作为常识，也就是生成值安全线以下的内容，只要不超过这一部分常识，异想就不会再生。】【下次，来点好审的稿再叫我。】【哦，清醒者日报从来没有好审的稿。】【哼，半月刊也配叫日报。】【林现一天就是像素塔一年，我们以前可是一天出二十四期的呀！（大声嚷嚷）】
 
———
 
犀鸟：《关于林泊现实与像素塔时间相互对应方面的猜测》
 
自从林百内历史词条的建立到现在逐渐完善以来，有关于时间线的时间段衔接的疑问就一直围绕着我，并且在逐渐加深且变得更大。随着对像素塔设定的了解，我得知了像素塔的世界与林泊现实（后文称为“林现”）为平行互不干扰且同步进行的两个世界；【是人类进化必要的多线程处理哇！】像素塔为人类潜意识编织的世界，那它们必然也会有互相照应的地方。
然而，大量的时间点的重合与互相矛盾严重阻止了我将时间线理顺的步伐，只剩下了一个个疑问：“为什么这个事件发生在这个时间点？为什么会是这样？”于是，在经过了一系列的整理和理清逻辑，我做出了一些猜测。
单游览历史词条，大致可以看出历史分为三大事件线：林现旧历，林现新历，以及像素塔线。【什么旧历？】像素塔荒年纪往后的时间线十分顺畅没有疑问，人们的发展视角基本上处于塔内，林现视角内容较少，所以问题皆出现在林现与塔的视角对接期——荒年纪。
猜测：塔立于林现新历，林现新历覆盖且照应了林现旧历，林现旧历又分为“客观现实线”和“先民主观线”。
荒年纪分为了两种时间计时后缀：XX.B.P和XX.A.P，以1.A.P为节点，“一切的开端”。【这是异想纪年的开端。】
塔历72.B.P，对应新历2089.5.7，旧历2019.8左右；【啊，我知道了，他想说的新历是林泊现实的公历，旧历是像素塔的旧历。】
塔历1.A.P，对应新历2089.7.18，旧历2091年遇异想；
塔历的这72年，由60年小冰期与10年左右的深坑探测期组成；【像素塔早期气候变化基本和林现相同。】【这段时间是像素塔中真实存在的，而且也和现实有很大差距，只是记载比较少。】
林现旧历（现实）这72年，为历史词条记载的从2019年新冠开始前三个月直至2091年纷乱代开始这段时间。
林现旧历（先民主观）这72年，与现实历不同在于，2091年遇见异想，且与塔历的1.A.P衔接。【原文：旧历2092年，人类遭遇异想之物，并拥有了与其斗争的力量，是先民统一政府建立的时间。】
林现新历共72天，我想，结合“重启史论”与“世界二元说”来看会顺畅一些：重启2030年之后产生新世界线，旧历原本发生异想战争的2089年成为起始，对应为“原型为2019年”，同时为像素塔历时记载的起步年，“一切的开端”。
“重启后的像素塔世界时间流速加快，一年相当于原始世界的一天。”这句话可以对应塔和新林现的关系（塔一年现一天），也许也可以相反对应旧林现与新林现的关系（旧一年新一天）：塔历与旧历（先民主观）1.A.P/2091年皆为人类遇上异想的时间，之前的这72年皆被新历（现实）的72天含括。推测，在诗笺0中标上的“——2089.10.27”也为新历。【新历是林泊现实的公历。】
“未重启前的原始世界依旧存在，林泊也同样生活在那个世界。”比如说鸠与吉诺的就处于原来的林现。【这是篇老投稿。】【我就知道你会这么说，然而不是。像素塔毁灭的今天，依然有很多未曾知道真相的人存在，甚至部分过去的林泊也丧失了对塔最后的记忆。】【这不正是你们在做的吗，重拾过去。】
焦点提到：像素塔只能运营三年。在塔内，像素塔770.A.P在新历（一年365天）的计算中，为2年40天；而2089.7.18至2091.8.29，建塔到塔崩溃，历时2年43天。若按照纷乱代3年的说法（像素塔词条），刚好能补上这三天时差，非常的巧合。虽然距离3年还有些时间，估计也是有所变故。
当然，也有不少能反驳自己观点的地方。比如历史词条中，60.B.P“全球正式进入小冰期”，那么在冰期前还有12年（72.B.P），而冰封的词条里是“人类经历了近六十年的小冰期”后再“探测了十余年”，相互对应不上，却可以大致对应上旧林现（现实）2030降温前11年和降温后直至2091这61年。以及其余对应不上的时间点就不在此赘述了。【原文：人类经历了近六十年的小冰期，在远古陨石坑的深处发现了生命的迹象，这时人类想起了科幻小说中的地底世界，并在十年间前后派出了十余个探测队伍。】【可能是指探测用了十年，但和异想相遇比较早。】【就我观察，塔里进入小冰期比较早，但官方说法还是旧历2031年进入小冰期，所以文中用来近60年。】【也就是说最初异想战争还没有爆发，人类和异想接触之后，很快就获得了对付异想的办法，为了更深层次地了解异想，又派了几队探查人员下去。】【探查人员最后回来了吗？重生回来的，怎么说呢，这部分人还残有数据在深坑里，你去下个几百层就能看到他们了。】【深坑那么大，检阅一遍起码两年。】【可惜现在塔都没了。】
 
最后总结：共有四种纪年说法
塔历，A.P纪年法，开始为人类躲避异想建避风港，结局为因人们对像素塔“3年之期”的普遍认为与“鸟笼”传言的传播以及幽蓝国的上升吞噬造成了塔的崩溃。【结局为deathMark把服务器关了。】【不是我关的，别赖我！】【我记得有个叫祈祷者的异想。】【唯心主义大炮不起作用啦。】
林现新历，归为塔侧林现，2089~2091的2年多的短期。【林现何来新历之说。】
林现旧历（先民主观），早期人们莫名获得概念抹杀技术对应塔内掌握了对抗异想武器，最后为现实中人们滥用概念抹杀技术，使“塔”的概念在人们的脑海中被消除导致塔的崩溃。【只是有些服务器不运作了，塔的概念还存在人们心中。】【那恢复服务器不就好了？】【哪有那么容易。】猜测“集浅共时性癔症”的说法基于此。
林现旧历（客观现实），认为像素塔为数据构成的世界，可使用足够的硬件设备对像素塔进行数据保存，且此林现的肉体死亡意识消散后，塔中具有滞后性（指塔中死了才算正式泯灭），【所谓滞后性其实是脑死亡的时间。】且可以利用个人信息的数据留存可以将人在塔中“复活”。【复活成异想。】【其实现实里早几十年有人通过这种方式变成AI的，不过到底算大脑移植，还是复制思维就不清楚了。】现实中因基地的断网，人们一时无法进行大范围的信息交流和数据刷新，导致了塔的崩溃。（个人理解）【断网这么大的事，在现代社会很难发生啊。】
 
有三条时间线：塔与旧林现（现实）同步时间进行，且都与新林现有一年一天之时差。
一年377天……暂时未探明原因，应该是塔专属的计算。【这算留了个线索，让人们发现像素塔和现实的差异。】
写了很多也没有弄清完整的逻辑……太复杂了。以上仅为个人猜测，希望可以得到正确的林现与塔的时间线关系……【林现的时间线，就是2089年到2091年这三年，林现一天对应像素塔中的一年。】【像素塔中的八百多年模拟了人类社会自2019年的无穷可能。】
 
———
 
薰：《关于像素塔战力体系的疑问》
身为OOO吧黄牌（假）吧友，很有必要搞清楚塔的战力体系。【什么古代论坛。】
首先是塔与其他世界的不同，别的世界爆墙是爆墙，爆砖是爆砖，什么战力只看这个人的物理强度法术强度什么，如果不是普通人体质叠的很高的，那么高武仅限一些超人，普通人顶多爆砖～弱爆墙。【这也很不得了吧。】但塔有异想，亚空间，而且并非现实，所以我对部分设定提出以下问题：
 
1，异想是否对个体战力构成影响？
现己知异想之物从概念中产生，那么假设一个普通人在面对大恐龙时打心底的觉得自己能赢，那么异想会对他的力量产生实质性的影响呢？【要看大恐龙从哪里来的，如果污染来源只有他自己，他可以随便打恐龙，就当做个梦。】一个武林高手在面对同样的恐龙时，感觉自己不如它，那么异想会削弱他的力量吗？【异想不会，他会。】
 
2，亚空间可否视为宇宙？
如果亚空间是一个有天有地有大宇宙的世界，那么消毁或让所有人忘记它可以视为单体吗？【这边没看懂。】【他是说能不能把亚空间视作单独的虚拟空间。】【肯定行啊，他们不是搬了好多亚空间出来，做了个元宇宙平台吗。】【确实，我的评价：不如像素塔。】或者是，亚空间可以做到是一个星球，一个星系，一个宇宙大小呢？【可以，只要你脑子的内存够大。】并且，亚空间的环境和异想生成值各有不同，在亚空间内的战绩可以等量换算到塔内吗？【不行，主楼层战力得是用户群体公认的，在亚空间里作威作福的异想，到主楼层起码降一个等级。】
 
3，权限决定战力？
塔在怎么说也是半个科幻，只用普通的方法衡量战力总不太好，或许对塔的权限掌握才能决定战力？【有时候是这样哦，毕竟AI比人类好控制数据流出。】DM曾言：“iga的权限很高。”【为了准确定位所有重生者，所以他有权监控到港湾所有的数据流入。】“弭儿也有很高的权限!”【什么鬼啊。】【我随口说的，你别当真。】在塔中造成的破坏是否都像权限一样，比如小明有一般权限，可以打碎海绵。小华有较高权限，可以击碎墙壁。小红有高权限，可以大范围造成打击。【权限不是这么算的，真要说的话，权限是进行某种操作的能力，例如调用函数，删除指针集，用户数据转移之类的。】弭儿有很高的权限，能直接拉着中之层走，或使用紫色隐者（不是）。【除了我没有谁配有那么高性能的中继器。】【人类的构思真是朴素呢。】【像这种小论文可以多来点，很娱乐，我喜欢。】【因为可以放替身吗。】【（殴打主持人）】
那为什么只可以拖延幽蓝国，【Fuli那是骇客行为，好孩子不要学。】却没有够高的权限阻止它，是幽蓝国权限过大还是规格外呢，【有能力的不阻止罢了。】【像素塔的毁灭早在三年前就决定了，当然现在不止三年了。】还有目前最高战力是谁。【是我！】
 
———
 
BADLUCK：《 已经逝去的生命可否被思想异化复生》
设想：己知在像素塔中，由思考与行动所产生的异想污染可形成另一种“生命”形态，异想，且活体可以被异想污染异化为异想，而异想又可以被反异化拥有真正的生命，成为可以轮回的因果体。【这一串看下来，出现了三个对异想的定义。】【这三个还都是对的。】【这里的反异想是指数据转移到现实中，不再占用其他用户的运算资源，也就是成为AI或人类。】【因果体用在这里就很妙。】
那么，己然逝去的存在，是否可以在异想污染与异化的同时转化为异想形态，又再度二次异化成为新的生命，形成另一种意义的“永生”？【可以，不过现在我有点不确定伦理观点了。】
为什么有疑问：仅仅只是作为一个生命体一定会有的想法而已，对于死亡的恐惧，对于人世的牵挂，仍至无数人共同的欲求永生本身，其相关异想若是存在的话，想必一定是非常不得了的存在。纵使个人并不奢求，但对于已逝之物的思念与叹息仍然无法停止。
 
可能情况：1.已知逝去之物是依然可以成为异想，其典型案例为老角色套新皮己成为异想之物的Dlyro，而异想之物异化转AI也有弭儿的例子，故可假设推断，若状况与条件合适，如同Dlyro一般已逝生命的异想亦可异化转AI／转生命。
2.更为大胆极端一点，在已逝之物即将成为异想的同时进行二度异化，直接将从有归于无的生命实现从无到有的复生，异想污染无处不在，但异想的形成终究需要时间与条件，若是在此过程中进行未知构成的异化，则死者苏生这一奇迹理论上是可以实现的——纵使我们无法论证二者是否究竟是同一人。【又回到起点，人是否是一切社会关系的总和，如果是，在塔中我们能收到他所有关系的信息吗；如果不是，我们怎么确定复苏的就是他本人。】
3.最极端一点，直接违背生物的存亡法则，以上述观点为基础，形成能够让生命死而复生的“异想”，令死去的生命在被此异想异化污染的同时直接“异化”成生命，即可以自主地将符合条件的异想之物异化的异想。【跳过逻辑层是不可能的，信息需要载体。】
 
 
———
 
 
·嘉宾寄语·
弭O：评了一晚上，实体的处理速度确实慢。
 
dM：嗯，塔学研究仍需努力！
 
弭O：我得先走了，隔壁市有人深夜飙卡车，社群开了全景直播，缺个解说。
 
dM：别走啊，嘉宾寄语还没写呢。
 
弭O：那么，我还想干件大事。
 
dM：还要拆哪里的游乐园？
 
弭O：把大型车驾驶身高改到140以下。
 
dM：差不多得了！
 
———
 
感谢广大投稿者和林泊百科的大力支持，我们下期再见。
 
 
 
下期已收到投稿
《像素塔数据有可能损坏吗？》",林现2094/06/20 22:03,林泊百科,-,,,,游戏外/清醒者日报,0470
清醒者日报vol.1（2094.07.05）,"·卷首语·
 
大家好，这里是deathMark
果不其然，第二期投稿量大幅下降
咱知道关注你塔的只有鸽子
也不至于这么鸽吧
很失望，打算借酒消愁
(#`O′)喂，酒保呢，酒保哪去了
偌大一个Pigeon Bar，连个酒保都没有
别写代码了，樱小姐，看看故乡的断肠人吧
 
———
 
·联合快讯·
·某电子游戏大卖特卖，创始人却贷款上班
·亚空间光碟正式民用化
·TZ局发文，公益服务将成为行政处罚一大趋势
·某地下研究所招募志愿者要求过高，被应聘者举报停业
·《彩虹之战》街机版惨遭焚书，发售仅三天
·霓虹层原住民出生率再创新高，情报部呼吁民众少读书多睡觉
·二代地表正式落成，湖北一带出现不明盆地
·建塔四百年纪念日，各地频现随机杀人事件
·为防权力滥用，TZ局开启随机重生模式
·开店热潮所为哪般，专家称多数开业不过半天倒闭
·电影《飞蛾扑火》上映，石林成最新打卡圣地
 
———
 
·快讯详情·
近日挖掘的数据主要还是TZ局的解密文档，包含各楼层员工的日志，TZ局内部改革政策，还有一些防异工作报告。以下是部分快讯的摘录：
 
1.【数据删除】研究所，坐落在港湾【数据删除】的峡谷峭壁上，只能通过攀爬外壁进入，这给我们的探索造成了些许麻烦，于是到了当地日用品商店购买了最新款的空间折叠飞船，小队成员一致同意购买本物品，【附件：报销单】。我们伪装成应聘者，混入基地内部，发现了大量惨遭改造的人类个体，研究人员表示，这些都是志愿者，如果我们想，也可以走他们的进化路径。作为接受过局内填鸭教育的我们，自然知道他们的进化是伪科学，便很快拒绝了他们。然而他们在茶里下毒，我们除了队员饭团，都昏睡过去。醒来之后，我们被运到一家巡回马戏团，他们让我们模范动物的习性，学动物叫，吃饭，睡觉，表演，不学就打。我们在服公益服务的情况也被发现，然而他们在局里有内应，将我们的任务修改为服务业实践，队员青团不忍屈辱，自杀重生，不料被控制了重生地点，脱逃失败。我的模仿对象是大象，在和观众的互动中，被正式探员认出，他确认了我们的情况，一把火烧了马戏团，又顺着我们的日志找到【数据删除】研究所，破坏了整个基地，并告诉我们没事了。这位正式探员就是管理AI克劳尔，似乎帮助我们耽误了他另一个任务，我们非常愧疚，希望局里能对他宽大处理。摘自《公益服务-社会调查-3756号任务报告》
 
2.《彩虹之战》制作人称：“做这个游戏，本来只想模拟素檀方能否胜利，现在这游戏只能去陪素檀了。可惜倒是没什么可惜的，就是不知道那位能不能打通关，听说他本人不擅长电子游戏，所以才在酥皮麻子街被暗杀成功。哎，游戏里没有吗，可能是隐藏关卡吧，我告诉你，只要先获得【数据删除】奖券，到酥皮麻子街，参加【数据删除】，再到烤鸭店【数据删除】，等尊师因为烤鸭皮不够酥，和店家吵起来，这时候——你等等，我接个电话。”摘自《公益服务-社会调查-3892号任务报告》
 
3.说起来我也不算你局的员工，顶多算某人的摸鱼工具，凭什么要我来管人口暴增的问题？你们应该分清楚本人和摸鱼工具的区别，我没有主观能动性的，你叫我想办法，那我只能告诉你，我的办法就是没有办法。就业岗位不够那就轮班，没地方住那就住桥洞，实在不行就回收，只要回收速度够快，死亡率就能追上出生率。你们也别申诉，也别骂街。这样不行，不可以，迟早会出问题的，五级异想只会越来越多的呀，你不能体谅一下局里嘛。我不管，他给我这么设定的，我就这么做，不行把他本人找来，我可不伺候您。摘自《楼层管理-守护日志-钻石姬469年7月2日》
 
4.我有点后悔同意电影取景，不过现在已经来不及了。石林完全没有成为景区的基础建设，你们应该是知道的，所以增加进入人数额度这件事免谈。……我的建议是，直接抽80年的数据造个亚空间，把游客都往那边引，那里比石林更像电影里的石林，他们开心，我们基层也高兴。摘自《楼层管理-守护日志-机关枪470年2月3日》
 
———
 
·塔学研究·
dM：塔学研究是一档专门接受塔学爱好者投稿的栏目，目的为解决一切玄之又玄的塔学问题。本刊根据每期投稿问题不同，会邀请不同审稿人参与进我们的审稿工作，那么就有请我们本次的嘉宾审稿人，代号：克劳尔！（骇入对方服务器.ing）
 
克劳尔：等等，你是谁，我为什么会在这里，这里是什么地方？
dM：你忘了吗，我是你爸爸，我的儿，你怎么痴呆了。
克劳尔：我爸爸死了。
dM：你一定要这么做吗。
克劳尔：我爸爸死了。
dM：好吧，我不是你爸爸，我是你妈。
克劳尔：就算你是我上司，也不能侮辱我的AI格，我的训练模型没有参考你一分一毫，你才不是我妈。
dM：你这不是认识我吗！
克劳尔：我的直觉告诉我，被调用到陌生地址，一定要说那句话。
dM：我觉得你的直觉在玩梗。
克劳尔：我也觉得，但这不重要。重要的是，你违反了最新出台的劳动法解释，在非工作时间，强迫下属见面，这符合职务骚扰的入罪条件。请问你有什么想说的，我开录音机了，接下来的你的每一句话都会成为呈堂证供。（递话筒）
dM：一、这不是公务。二、你要不老老实实帮我看稿，我就把你删除掉！（拿起上一期弭O拉下的头盔）
克劳尔：要看什么，我已经准备好了。（乖巧）
 
———
 
UnFtr：《像素塔数据损坏可能》
设想1：依据林泊百科所言，像素塔本质上属于虚幻，【这里对虚幻是如何定义的，如果说人类对现实的反映就是虚幻，那么我们何尝不是虚幻的呢。】【我觉得是虚幻引擎。】理论上是由人类潜意识所组成的虚拟世界，正是在这种情况下，以人类意识投影到像素塔世界的住户林泊，由于其原始数据存在于林泊现实，于像素塔世界死亡时才得以重生。【原稿这里写了林泊，但不是只有林泊可以重生的，只是林泊重生后不会失去记忆，所以长期表现出只有林泊可以重生的假象。因为所有人都会重生，所以塔的总人口有所波动，但几乎是不变的。】但倘若在林泊现实中的世界死亡，则其塔内投影也会随之消亡。
但如若，存在于林泊现实的数据并非彻底损坏删除，而是残缺分散出现异常，那么其像素塔世界投影会呈现出如何模样？【应该会发生少许变化，对自身，对他人都会，但要看程度。】
 
设想2：基于林泊现实的自然与不可控，每分每秒都会可能出现无数的突发性事件，其中的部分偶然或必然事件，很可能导致林泊个体的精神状态或思维方式产生影响，甚至可能引发失忆、精神分裂等多种情况。【果然该作者很明晰忽略了塔内的因素，没有将塔内和塔内双重因素结合起来看。】而像素塔是由人类潜意识所构成的虚拟世界，林泊们的潜意识以投影的方式存在于像素塔中，那么一旦林泊个体于林泊现实中受到影响，其像素塔内部的潜意识投影也高概率会出现对应的影响。【值得注意的是，因为像素塔比林泊现实的时间流速快，所以这种变化在塔中也会更加缓慢。】【也可能塔内对个体的影响会更大，因为传递的信息量更多。】
 
可能情况：1.若林泊甲于林泊现实中突发事故，造成失忆，则其像素塔对应个体遵循林泊现实症状，一同造成局部或完全失忆，或者直接重生为全新形态，并无法找回继承之前的记忆。【这很难讲啊，有些人的失忆只是脑区之间无法联通，但如果在塔内，这种失忆好的会很快。如果是数据完全丢失，也许可以通过从他人那里提取备份的方式，恢复记忆。无法找回太惨了，表示同情。】
 
2. 若林泊乙于林泊现实中因车祸等因素成为植物人，则分支可能:
（1）其像素塔世界个体因林泊现实数据并未完全消失而依然可以活动，但可能以疾病等症状呈现降低改变其思维运转速度及个体活动状态
（2）其像素塔世界个体崩溃，亦无缘无故成为植物人／痴呆／泯灭。【塔里的植物人，没有自我思维的话，那么恐怕已经是异想了。】【痴呆可能性蛮大的。】
 
3.若林泊丙于林泊现实中遭遇事故，比如被他人施虐留下严重心理阴影，被黑帮群殴导致其在特殊场景时会拥有奇怪反应，被关入牢狱或审讯施刑等，使其对某些物品产生恐惧，甚至由于大脑的保护机制，下意识地把部分记忆通过投影转化替代遗忘的方式将其掩埋，从而导致非自然性记忆缺失，那么以上情况将会一一投影入对应像素塔个体，或使其像素塔个体的存在不稳定，更容易被异化或产生相对应的异想污染。【这个貌似有研究，确实有这样的情况出现。】
 
4．在林泊现实中经历大型事故，从而引发人格分裂或者精神分裂，则其像素塔对应个体以分身异想等方式，进行分裂继承。【意外都很合理。补充反向论述，拥有分身异想的个体，在现实中也有可能患有身份障碍。】
 
 
———
 
 
·嘉宾寄语·
dM：他们都说你很好说话，我只觉得，你是个诉棍，这是为什么呢？
 
克劳尔：准确说我作为法庭裁判AI，是不能作为律师出庭的。以及，日报的嘉宾不需要介绍吗，我看上期弭儿就没介绍。
 
dM：好像是这么回事——但你还是挺著名的。经常会在一些奇奇怪怪的角落里出现，比如说今天的快讯。我记得你去马戏团，是追查走私的吧，既然那家的动物都是人扮的，那走私
的动物呢？
 
克劳尔：嗯，当驯兽师了。他们觉得这不算走私，只能叫进城打工。
 
dM：古怪！
 
克劳尔：和动物们说去！
 
dM：那你说，当年像素塔动物保护协会，不会也有他们老乡吧。
 
克劳尔：差不多得了。
 
———
 
感谢广大投稿者和林泊百科的大力支持，我们下期再见。
 
 
 
下期暂未收到投稿",林现2094/07/05 19:11,林泊百科,-,,,,游戏外/清醒者日报,0471
清醒者日报vol.2（2094.07.20）,"·卷首语·
 
大家好啊！这里是deathMark！
本次也收到了很多读者的小论文
立论点很有意思
嗯，题材相当广泛……
因此本期请来了重磅嘉宾！
想知道她是谁吗？
那就继续往下看吧
 
———
 
·联合快讯·
·程序员月下樱过于勤奋，众人发出“Crazy”感叹
·大量五级异想转移至霓虹层，当地帮派文化再度兴起
·冰封开通港湾快速通道，单次运载可达三千人
·玫瑰计划连续三年被评为最杞人忧天组织
·私人邮局盛行，TZB回应依旧不会提供公共邮局业务
·林泊百科陷入强制安装风波，被简洁主义者以垄断罪起诉
·吸血鬼出没！新型吸血异想有多变化多端
·用异想拍电影？特效业进入新纪元
·莲花风格服饰流行恐滋生新型异想
·塔罗牌再起争议，诸多概念产生新联系
 
———
 
·快讯详情·
近日挖掘的数据来自当时的TZB内刊《消息概览》，以及《清醒者日报》本刊。以下是部分快讯的摘录： 
 
1.继上次钻石姬反应拒绝接受新移民，除非扩张霓虹层面积之后，本次大量五级非人形异想的拟人化，再次遭到了钻石姬的反对。她提到，TZ局的一系列防异手段难以容忍，现行的五级异想集中管理办法离谱至极，她从来没想到楼层守护是这种苦差事。三天前，她回家探亲，大家吃着火锅，唱着歌，一帮子花臂光膀的壮汉，突然闯进来，二话不说围殴她的分身，他们从八十八层打到地下室，打得那叫个血流成河，尸骨遍地，这还不是最要紧的，最要紧的是，她的火锅翻了。钻石姬强烈谴责了新五级异想“移民”设定，起初设定为本地新出生人口，人们安居乐业，只考虑如何把生活过得更好，而这次“移民潮”让本地人和外乡人都意识到霓虹资源不足，规划为旅游业特区后，霓虹的人口流动又迅速加快，人口拐卖、街头械斗、非法营业时有发生，更有部分秘密组织渗透到霓虹，甚至鸢尾大学内部，试图利用这里的异想资源，更有无知群众把院长，也就是她的分身作为宗派领袖对待，恐异化尊师的构成。本报采访了美术学院的学生久住小姐，询问是否真有此事，收到了否定的答复。相关案情仍在调查中，我报将继续跟踪事件进展。摘自《信息概览-470年3月16日》
 
2.近期，诸多私人邮局将开展最新业务，为市民提供人体快递服务，从今往后，人们可以通过邮递自己，舒舒服服地到只知道地址，却不能直接传送的地方去。受访者普遍认为，诸多私人邮局崛起的背后，是TZB的不作为，作为最该公有制的产业之一，邮局应该收到TZB的监管。当TZB认为像素塔的邮递功能，本质上是数据的传输，有着必到达性，无须TZB的强制力参与。如果开展邮递业务，TZB本就不富裕的处理资源，将无暇面对日益复杂的社会需求。摘自《清醒者日报-470年4月21日》
 
———
 
·塔学研究·
dM：塔学研究是一档专门接受塔学爱好者投稿的栏目，目的为解决一切玄之又玄的塔学问题。本刊根据每期投稿问题不同，会邀请不同审稿人参与进我们的审稿工作，那么废话不多说，友情本次嘉宾，咕咕女士！
鸠：大家好——我是九鸟——在这里——给大家——拜个早年——大家新——
dM：停停停，现在才七月份！你不会把暑假和寒假搞混了吧。
鸠：（东张西望）（疯狂看表）（受到惊吓）哈哈，时间过得真快。空调开的几度啊，要不我们打低一点？
dM：我现在非常担心你的学业。
鸠：才不会呢，只有星期和倒计时，咕咕也能活下去啦。
dM：说起来，你不是给久住他们的动画配乐吗，现在进度如何？
鸠：这是可以说的吗。
dM：不可以说吗？（拿出海报）
鸠：（扒拉手指）哦，对哦，今天PV放出，可以说了。
dM：年月日还是很重要的。（擦汗）
鸠：安啦~不如让我们看看读者投稿吧，首先是这位！
dM：（欲言又止）
 
———
 
Yingxxxx星：《论像素塔内使用异想之物自制电影的可能性》
设想：可否通过异想之物自制电影？是否能有效快捷传播？是否需要在常规环境（如影院等）下才能生成异想？【在开始之前，我先说明本篇讲的内容，它想问我们能否把异想之物以电影的形式表现出来，不是让异想之物拍电影的意思。】【电影异想，对吧。】【那我觉得自制电影肯定是可以的，有效快捷地传播就有点困难了，要把一份母带分成好多份，那就意味着可以会出现多个结局，如果故事没有一个稳定的核心，或者说目标，类如寻找凶手、逃离古堡、打破循环或者窃取宝物等，那么就很难形成一个稳定的可分裂异想。】【我们缕一下，你说的电影异想，它的生成期是在它作为录像带或光碟、文件等承载物，已经送到“观察者”手中之后出现的，是吗。毕竟危险的异想会被拒绝投递，所以咕咕直接把成型异想的可能性排除了。原来如此，那是否需要常规环境呢，我们知道很多人会在手机、电脑上看片，也有人会边看电视边做家务，这样的精神集中力和联想肯定不足以支持异想生成吧。有可能，我猜也许会出现电影只播出开头，无法继续播放，结果被消费者退款的情况。】
至此有以下几点猜测：
 
1.通过异想之物，可以将思想转化，那么如果多人同时思考电影，就会出现异想电影的存在。只要不被反异想技术/TZB干扰，异想就会一直存在。不断的思考便可以推动电影情节的发展。【TZB可以探查到异常生成值波动，相信我。】
 
2.例如中之层等无统治局管控的地方，人们或许缺少娱乐活动。这个时候，可供多人修改，自制电影情节等活动方式流行也未必不可行。
 
3.如果电影出现观众不希望发生的结果，即可修改电影结局。这既是一场思想的大碰撞，又是人们很好的娱乐方式。“但人类又是没有极限的，他们会思考，会利用一切思考诞生的奇迹。”一个个电影情节奇迹肯定也会因此诞生。
 
4.塔内的电影制作公司可能会因此倒闭，所以TZB必然会加强反异想措施，可据目前的反异想有效措施只有：亚空间关押、启动幽蓝国、污染对抗、概念死亡、杀灭源头。【电影异想相当于互动电影或者Video Game，它是一种新的娱乐形式，新形式自然有它的优越性，但又不同于旧形式，肯定会有人喜欢有既定结局的故事，比如我。】
（1）中之层并不在统治局的管控范围内，因此亚空间关押无用。【TZB无处不在。】
（2）中之层可集体跑团，所以启动幽蓝国无用。【为什么要为个电影异想逃跑？】
（3）污染对抗由于无法涉及中之层人民，无用。【不啊，这很有用的。】
（4）电影长存每个人的心中，概念死亡无用。论证很不严谨，没有提到如何让一部电影长存于每个人心中，电影这一概念，的确不可消失，但消灭一部电影还是很容易的。
（5）中之层并不在统治局的管控范围内，因此杀灭源头无用。【奇妙的想法，你可知道时钟城Align大赛是TZB赞助的。】
 
可见，统治局无法干涉异想电影的存在。就目前的种种来说，自制异想电影是可行的手段且风险极低，还能给人们带来愉悦，因此可能性极大。【看上去确实好玩，如果有事后消除播放记录的功能就更好了。】【确实，这样就能反复观看，还能达成多故事结局，解锁隐藏线路（笑）。】【没有删除键会很麻烦就是了，我记得是有安全的互动电影卖的，但大多数会因为结局过多，很难在二创时达成共识，编辑电影简介也很困难，直播异想生成，还涉及到版权问题，传播力度很难扩大。】【我想起之前数据删除的“电视里的女郎”，那个异想反反复复出现了近百次，也许和电影故事简单，人物性格清晰有关。】【他们难道整天和电视说话吗？】【这相当于训练AI模型了吧。】【确实哦。】
 
———
 
Spidlanttttt：《关于像素塔及其亚空间与梦和梦中梦的关系的研究》
像素塔是由人类的潜意识组成的虚拟世界，那么也就是与梦的原理相似，但确是集体性的
林泊在像素塔与林泊现实的记忆互通但时间流速不同，具体参看「林泊」词条。正如在林泊现实做梦一样——从未在现实发生，但确实发生过，只能由回忆在表意识浮现。【提供一个普遍的定义，梦是基于人类基础认知和近期记忆的产物，因此会有强烈的既视感，且目前我们还未发现梦产生的原理。】
 
根据我长期的梦日记内容，梦境的场景极大地参照了现实生活。在集体潜意识的领导下，梦的宇宙被分为多个基础场景每个梦都只能停留在一个场景才能让剧情相连。每个场景都有着更细的相连类似场景，类似于亚空间。像是没有实体的水晶们，相互交通影响穿过。亚空间需要被主楼层挂靠，细处场景需要被基础场景连接。而梦境也是潜意识的映射。【很有道理，我记得像素塔虽然表现为多层结构，实际上是没有固定地点的，楼层更类似诸多概念和质料连成的网络。】
 
现实中很早便记载着有梦中梦的说法，个人认为既然梦是由潜意识领导下的思维活动，那么梦中梦便有可能证实潜意识中的更深层潜意识的存在而进一步证实像素塔中的更深层像素塔（既类塔“空间”），只是这种类塔空间也许会比上一层更加缺少完整性。【没有证据表明更深层的意识就更不完整，上下文之间没有论证关系，缺乏一定的思考。】【我倒觉得更高层，更完整，更纯粹，更简单。】
 
再来大胆一点，像素塔就是一群人的集体潜意识的集合体，但这个集体潜意识并没有潜意识那么埋藏得深，也没有意识那么明显，而是夹在两者间的25%，在睁开眼清醒的梦中被具体化，一种更加内在的林泊现实，为了变得更好的林泊现实。一种存在于脑中的事物，几乎不可能被完全消逝，除非被物理现实上的强制破坏，就像大脑的一部分被消除。这或许就是“重生”“泯灭”与“幽蓝边界的效果”。【是的，像素塔只能被物理消灭。】
像素塔难道是类似一种由一类特殊群体的特殊集体潜意识组成的共享梦境吗？【做梦，是人在睡眠中的一种意识活动，人清醒和睡眠中都在像素塔生活，所以科学的定义上讲，它不是一种梦境，但是一种共享的意识，可以联通的集群意识。】
 
———
 
Ailce.LanDer：《Data的价值考量》
Data（MB）在游戏中作为一般等价物出现，似乎像素塔的每一个角落，都使用着这一种通用货币，且在Phigros 游戏本体中通过演奏曲目、查看新收藏品获取。
但纵使像素塔中一切都并非完全实体，甚至像素塔本身都被认为是林泊现实的一种【集浅共时性癔症】的映射，我个人也着实难以想象角色拿着一团没有形体的数据作为货币，进行交换所以，我由此得。出以下疑问：
 
1．Data（MB）作为一般等价物，如何储存和进行交换的职能？
纵使塔内每个生命都绑定有PhigrOS终端可以进行线上交换，但林泊现实中作为非数据的纸币或金属货币也应当应映射入像塔内，而目前已知Data（MB）是唯一出现的像素塔通用货币，且从未提起过形状相关，几乎默认这是一种类似于比特币一样的虚拟货币。可若是如此，像素塔古代的货币发展史难不成时间是从贝壳变为虚拟货币？直接从原始人类变为现代人类？且若是如此Data（MB）难不成全由统治局发行？那没有统治局之前呢？【像素塔的历史从公元2019年开始，没有古代一说，当时已全面普及电子付款，很有有人会接触到实体货币，且实际林泊现实里的时间是公元2089年，这时候已经不存在实体货币了，人们也很难产生实体货币这一概念。TZB其实不具备货币发行权，你可能很震惊，但确实如此，它甚至不能开邮局。Data是PhigrOS内置的货币，和TZB和先民政府无关。】【Ailce是古币爱好者吗，我也是！】
故个人推测，参考Phigros 游戏本身，Data（MB）可能为从各种各样的远古收藏品中所发现的破碎数据，在发现之后以类“能量”形式储存/修复生命的个体数据，在用于商品交易时自动扣除。【是的，data相当于价值，收藏品也是社会价值的一种。】【你说得对，收藏品可以吃的！很好吃！】【吃收藏品也是异食癖！】【才不是勒——】
 
2.MB的实际作用是什么？
像素塔内的一切，无论是生命体还是无机物，仍至异想，皆为非实体的数据，而Data(MB)作为数据本身成为整个世界的商品货币的话，其作用便不难猜测，可能有以下几种：
（1）对于生命和非生命的数据强化或修复，使其拥有更多的数据备份的同时，加大个体数值或思想异化能力的强度。【异想能力强度这个，只能说有微弱影响，关联性不大。】
（2）通过消耗Data，即破碎数据本身，可从中得到过往年代所蕴含的历史碎片或真相，知晓更多关于这个世界的一切。（就像我们使用MB购买歌曲一样，用数据来生成修复）【确实可以，但是要特殊装置，而且只能获取自己的记忆，别人的看不到的说，貌似和穹顶有关。】
（3）有可能运用于塔技术，如数据复制再生的“重生”不可能毫无消耗，现实世界中有得必有失的原则，想必也映射到了像素塔内，或运用破碎数据本身的特性对于异想进行人为的创造或加速异化。【出现了，我想买我的回忆。】【把自己的回忆做成异想，是否会失去对它的记忆？】【好像是会的，要等异想被消灭了，才能回来。】【那咕咕知道之前为什么了。】【你确实干了件蠢事。】
3.打歌获取MB意味着什么？（暂时不讨论已经删除的抽奖系统）
个人推测，演奏曲目的这个过程本身就需要掌握本曲的节拍与一定的演奏底力，因此变相推测在像素塔世界，像“曲目演奏”这种事情，也可以变相的获取破碎数据，或者，通过对已有的破碎数据进行修复缝补，来获得更多的破碎数据。【完全正确，大差不差，十分合理。】
 
———
 
UnFtr：《人造天穹计划的可行性》
前言：DeathMark 先生于林泊百科【穹顶】词条的补叙，即穹顶层本身就相当于个人内心的私密角落，一个抗拒着他人接触沟通进入的安全屋（Vault）。得益于此，我意识到在幽蓝吞噬掉像素塔的绝大多数楼层后，穹顶层自身作为安全屋异想的特性，在一定程度上能抵御了侵蚀。从而又让我产生了非常多我认为有价值的想法。【之前发生了一件奇怪的事，阿吉让我帮他上林百改词条，我以为我没有账号，本想注册一个来着，结果注册页面说我的地址被占用，试了试常用的密码，也确实登录成功了。】【这恐怕和你失去的记忆有关。】
 
首先是小型穹顶的价值及用途可能。穹顶本身实际上是由于个人内心的极端封闭空间想法的异想，则如果公开原理，一切拥有不想倾诉极度压抑自我想法的人，都将拥有独立的个人穹顶（暂不讨论相互分享等可能性），而穹顶本身的抗幽蓝侵蚀特性，又可用于制造屏障（人造天穹）来保卫／阻止幽蓝，则已异想出部分状态但处于各种情况（自身问题或技术开拓）使其属于开放状态的穹顶，有利于制造探测器等相关材料，从幽蓝中打捞破碎数据，未来可期。【本说法具有一定的科学性，但幽蓝国到达穹顶后，人们仅剩几个月的时间，恐怕难以开展打捞工作。】
 
其次，分身异想穹顶具有无限的可能性和价值。由于各种各样的因素，林泊们可能产生或多或少的分身异想个体，且每一位分身异想都无法与主体同归于一人，而是会拥有一段属于自己的人生经历，成为同源，却异化的不同个体。在此基础上，每一个拥有不同的心灵、人格与思考的分身异想，通过相关人为干预下，有望批量化生产穹顶，乃至成为一条产业流水线。【就我观察，分身和本体共用同一个穹顶的可能性更大，人没有自己想得那么多变。】【分身穹顶真的很少，也很难造，最好不要拿自己的身心健康开玩笑。】
 
最后，在以上两条的基础上，在民间／碎数研内部通过各种手段寻找大量林泊志愿者，并通过各式各样的塔技术批量化生产穹顶，从而使大量穹顶成为抵御幽蓝国的屏障，全范围阻止幽蓝的扩大入侵，为寻找解决幽蓝吞噬整个像素塔的方法提供时间，且通过穹顶相关技术形成破碎数据打捞产业链，纵使在相当长的时间规划之后，该计划可能依然无法包裹整个幽蓝，竹篮打水一场空，但可挽回诸多生命体的生存时间，把希望寄托于未来。【他之前留言时说了什么我不太记得了，大概的意思类似，可以短时间引入大量AI算力进入像素塔，通过复制增殖等手段，加大穹顶的厚度，和幽蓝国比算力。但其实幽酱的CPU从来没超过50%。】
 
 
———
 
 
·嘉宾寄语·
鸠：当局者清，旁观者迷。
 
dM：虽然你说反了，但确实是这么个道理。
 
鸠：我觉得dM应该多写PhigrOS剧情，而非搞日报。
 
dM：一语中的！
 
鸠：那么Phigros第三、四、五——
 
dM：停，主要现在史料太多，我不知道从哪儿写起。
 
鸠：所以就不写了吗。
 
dM：别这么看着我，我会写的啦。怎么说呢，写日报有助于梳理逻辑（确信）。
 
鸠：暂时，相信你哦。
 
dM：嗯，嗯。（理亏中）
 
———
 
感谢广大投稿者和林泊百科的大力支持，我们下期再见。
 
 
 
下期暂未收到投稿",林现2094/07/20 23:49,林泊百科,-,,,,游戏外/清醒者日报,0472
清醒者日报vol.3（2094.08.05）,"·卷首语·
 
你好，本次卷首语由我
克劳尔负责
正文部分主要摘录林泊百科
并且，塔学研究迎来首篇跨学科投稿
为此，我们请来了文中提到的人物
作为嘉宾出场
接下来，请看联合快讯
 
———
 
·联合快讯·
·不要停下来啊！ETIA！ON and ON！
·人造穹顶计划夭折，像素塔被迫启动实名认证
·打破镜子就能进入的奇境？奇点镜箱之谜
·羊羔游戏力作《幽蓝边界模拟器》发售
·多地出现倒影类亚空间
·规则怪谈出没，清凉一夏博览会举行
·幽蓝国恐成亚空间回收箱
·七夕节将近，青蛙入侵何时停止
·台风乏力热浪起伏，二代地表迎来全球变暖版本
 
———
 
·快讯详情·
近日挖掘的数据来自当时的TZB内刊《消息概览》、《清醒者日报》本刊。以下是部分快讯的摘录：
 
1.像素塔毁灭已进入倒计时，各单位请做好准备。……近期发现大量虚拟机登录像素塔，多为快速复制的无差别个体，因机器码不同，穹顶数据大幅增加，剩余楼层数据也出现诡异增长，意外符合了UnFtr提出的《人造天穹计划》，但就目前调查来看，并非UnFtr所为。主犯应该是受到各方面因素的影响，对现行的边际政策不满，向现实卫星城上的“鸽子”借用了尸类账号，大量复刻停机AI的数据，妄图将像素塔转移到鸽子网路。……已质询卫星城，并非其上居民所为。摘自《信息概览-772年08月01日~2日》
 
2.近期，“清凉一夏博览会”再度出现，进入地点为霓虹层32号新城。本次博览会以微缩空间与游戏为主题，大量披露未知条件亚空间的进入方式，本报记者采访了被害者原子学说，他的三个亚空间，金域、南笙箫、神魂颠岛，均遭到了披露，但受访者本人很乐观，表示欢迎各位前来游玩。摘自《清醒者日报-471年7月26日》
 
———
 
·塔学研究·
克劳尔：塔学研究是一档专门接受塔学爱好者投稿的栏目，目的为解决一切玄之又玄的塔学问题。本刊根据每期投稿问题不同，会邀请不同审稿人参与进我们的审稿工作。
克劳尔：本次嘉宾现住第三上海，她少年成名，中年沉沦，年老觉悟，终成大器，留下举世名作《六道虹》，飞脱升天。她就是玄翼传媒的动画导演——久住！
久住：你怎么把说我得像老太婆？
克劳尔：D总写的脚本，我只是如实背诵。
久住：你们AI的事我不懂，所以今天搞谁？拿钱干事，绝不含糊。
克劳尔：我以为你是来宣传电影的。
久住：别提了，出了一点小状况，上映得明年了。
克劳尔：冒昧问一下，发生什么事了？
久住：也没什么，工厂着火，底片没了，只好改档咯。
克劳尔：阿这。
久住：我又看了一下，你们这个《清醒者日报》是研究像素塔的？
克劳尔：是这样没错。
久住：这种东西让DM把备份文档全放出来，不比你们瞎猜来得快，你们都被她唬咯。
克劳尔：有一说一，确实。就是她的更改权限被锁，只能一个字一个字地打出来，她不乐意。
久住：呵，这些领导，嘴上一套，背地一套。
克劳尔：我好像知道你在说谁，说得好啊。
久住：（充满疑惑）
 
———
 
燃尽c：《用编程视角不专业分析异想生成机制与原理》
猜想1，异想生成:
我认为，像素塔内的非异想生物都可以抽象成一台计算机(子类)，由两个父类:系统本体和数据(data)构成。交流方式就像P2P传输一样，一台或多台计算机互相传输信息构成巨大信息网络。像素塔自身就像爬虫程序，疯狂爬取计算机之间交流时逸散的信息(数据包)。而某些数据包包含的端口或者标头可能相同，这些数据包都指向同一个目标，像素塔就会把这些碎片数据拼成一个系统，再形成一台计算机，也就是一只异想。【之前说的都没什么问题，就是再形成一个计算机这里的比喻稍有差错。】【异想嘛，更像老式计算机一点？反正自运算不太可能。】
 
猜想2，分身异想:
像素塔拼凑出的计算机的算力由像素塔提供，而像素塔本身可以直接对数据和系统这两个父类中的方法进行调用，让子类(计算机)继承这两个父类形成一个整体(计算机)是为了获得每一台计算机特有的机器码，而机器码的组成部分也有数据，当两个生物的机器码相同但是数据构成信息不同，就会产生分身异想(例:久住)。【大差不差。】【你绝对想不到，我之前共享识别码的个体是我上司。】【我以为霓虹层的异想都和尊师共享识别码。】【怎么可能，异想又不是一开始就是囚犯，举个例子吧，我见过一种偷渡办法，可以通过找到最初信息源的方式，把异想送出霓虹层。】【我知道，他们很快被查封了，你既然知道，那试过没有。】【试过啊，直接去了虹教总部，一点用都没有！钻石姬在工作汇报里说，她把囚犯的识别码都改掉成她的了。】【反正，就我所知，不论她还是他，都没有采取行动。】【这是否，有点。】【可惜她不在，你们应该请她来，她可太会聊了。】【据我所知，貌似【数据删除】。】
 
猜想3，防异:
前文提到，异想这台计算机的算力由像素塔提供，而要维持计算机的存在需要不断抓取更多数据包以此同步数据。防异工作让异想的数据产生了一定的滞后性和错误，导致异想的数据产生偏差，像素塔发现错误的数据包指向的确实是那只异想，但是描述的东西却出现了偏差，便会删除这只异想节约算力然后尝试生成新的异想，又因为抓取的数据包信息太少(生成值小于再现标准)无法生成，从而达成防异的目的。【像素塔的算力是恒定的，如果是为了空出算力，而消灭异想，我可以理解，但是异想存在滞后一点，不太科学发展观，异想本体和社会上其他事物一样，是变化发展的。有时候信息指向不明，确实会导致新型号同位异想的诞生，但是消灭更多是站在用户身心健康的角度考虑的，一些有益的异想，我们一直抱有保护和观察的立场看待他们。】【无法消灭的，就丢到霓虹层去，(￣▽￣)""。】【这算自嘲吗。】【错了，我是土著，土生土长的霓虹人。】
 
 
———
 
 
·嘉宾寄语·
克劳尔：这次投稿有点少。
 
久住：要不，去鸽吧玩。
 
克劳尔：这不太好吧。
 
久住：没事儿，去了又怎么样，DM还能把我们赶出来？
 
克劳尔：哦对，D总今天和弭总去看奥O曼路演了，D总还抽中了变身器。
 
久住：那就更不怕啦，走走走
 
克劳尔：（收拾东西）
 
【此刻有人敲门，来者是吉诺和鸠。】
 
吉诺：你们继续聊，我拿个东西就走。（走到工位）（翻箱倒柜）（挠头）（继续翻箱倒柜）
 
鸠：久住！来抱抱！
 
久住：草，怎么是你。（收拾东西）（逃跑）
 
鸠：怎么跑了？
 
克劳尔：跑得好啊。
 
———
 
感谢广大投稿者和林泊百科的大力支持，我们下期再见。
 
 
 
下期已收到
1篇投稿",林现2094/08/05 23:15,林泊百科,-,,,,游戏外/清醒者日报,0473
清醒者日报vol.4（2094.08.20）,"·卷首语·
 
大家好啊！这里是deathMark！
新的20号又来了，又是不得不写日报的一天
鉴于克劳尔今天加班
（可恶，借口正好）
只能请另外一位超级闲人来啦
欢迎大家的老婆，Fuli！
干什么，把枪放下，我又说错什么了！
 
———
 
·联合快讯·
·How are you sure of anything all？
·身份识别障碍患者增加，精神病具有传播性的一大力证
·围墙之后：陨之都与幻物组织
·地图上不存在的永夜城——玄武城垒
·幽蓝国拟人化风潮俞盛，恐造成不良影响
·春日赏花活动被迫中止，各地植物皆出现塑料化倾向
·流行元素与复古诠释，又一场异化阴谋
·自动书写小说《空》与它的秘林
·清醒者日报撤稿：原子学说实为亚空间博览会素材披露者
 
———
 
·快讯详情·
初步调查结果认为塑料花的异化，来自人们对自然的不信任，这与大多数住民未曾接触除城市景观以外的植物有关，如需解决二代地表持续异化的源头，须在江源基地各处巡回展览动植物，加强普及教育。该事件并非像素塔内部可以直接解决的，已上报给基地AI“镜”，供政策决定参考。摘自《信息概览-482年04月03日》 
 
———
 
·诗歌·
 
春日井有希《无题》
——某队员对Dlyro队长的致敬
 
我所见，
由万物织就成的图画，映在
你坚韧清透的眼中。
尽情张开双臂，拥抱着刺骨寒风。
我淡淡，
迎着节日众人的欢脱，许下
愿伴你一生的誓言。
笑意融开涟漪，奔向无边冰原，
难以预见。
我听到，
人们迎风高声歌颂，这冻土的
泯灭消逝。
再至来生还能否遇到，
这般美丽、永恒的家园。
 
———
 
·塔学研究·
dM：塔学研究是一档专门接受塔学爱好者投稿的栏目，目的为解决一切玄之又玄的塔学问题。本刊根据每期投稿问题不同，会邀请不同审稿人参与进我们的审稿工作，本期我们请到了著名楼层守护“机关枪”——弗丽小姐，让我们掌声欢迎！（啪啪啪啪啪）
弗丽：大家好，这里是机关枪！
dM：老婆真可爱！(づ￣ 3￣)づ
弗丽：你没有自己的老婆吗？
dM：（受到惊吓）（哭哭啼啼）
弗丽：真想顺着网线过去打你。
dM：少一份来自我的爱，对你有什么好处！
弗丽：起码对“大家”有好处。
dM：好狠心！
弗丽：本次收到了四篇研究文章，首先是这位。
 
———
 
时停老婆：《对于异想之物寿命变化的猜测》
异想之物是抽象概念聚集的产物，在人类集体潜意识的世界中，相较近乎永生的人类，异想之物的寿命可以称得上短暂，但异想的性质极易受异化影响，变化的许多细节同样值得推敲。我将之分为提供寿命信息的异想与未提供寿命信息的异想两类，设想不同情况下这两类异想的寿命会如何产生改变，并提出以下几种情况的猜测。【妙。】【这很脂砚斋。】
 
异想的生成值本质是异想信息的完成度，由现有资料推测，若是不再有人类对异想进行异化，异想消失，被动脱离了人类集体潜意识，此时异想得到的一切信息包括寿命信息都是无，因此可作为异想“自然死亡”的情况之一。【这里的异化，可能单指的信息存留，而非改变。没有信息存留的异想，自然会消失。】
如果是未提供寿命信息的异想，信息的完整度在提高异想污染等级和限制异想性质的同时，也能够使异想在潜意识世界中更稳固地存在，那么不论什么类型的异想都仅会根据污染等级拥有标准寿命长短。没【看懂，据我观察，异想的寿命与等级无强联系，但可能在某些区域呈正态分布。】【异想等级代表着异想的危险性和异化水平，即接近人又远离人的通常是第五级，接近人又根植于外部威胁的是第四级。】
提供寿命信息的异想中，寿命信息的来源值得细分。例如在林泊现实有参照物，或人类根据其外形、性质寻找相近参照物对其异化的异想，就会拥有对应参照物的寿命，甚至在参照物是神话生物的情况下同样适用。不过即使是有确切的参考物，在足够的异化下自然也能改变包括寿命在内的性质。又有一种特殊情况，若一个异想最初并未得到寿命信息的补充，生成后被看作普通人类二次异化，或许会拥有林现中人类的寿命亦或者塔中人类的长生。在这一情况下的异想，是得到了人类的寿命信息作为补充，以人类为参考物进行异化。异想被任何一种参照物的概念异化同理，只不过人类这一参照物在此处被特殊看待因而需要专门提出。【非常赞同，霓虹层最初就是这么设计的。】【人的异化是指自然、社会以及人与人之间的关系对于人本质的改变和扭曲，是人的物质生产与精神生产及其产品变成异己力量，反过来统治人的一种社会现象。 （背书）】
 
这一部分思路是由BADLUCK提供的。若一个异想的数据在林泊现实中拥有备份，异化成林泊之后，或许有以下两种可能：与一般林泊无异，长生；按照其备份中的信息，寿命结束后死亡并重生。在以上两种情况皆可实现的基础上再提出猜测，如果在林泊现实的数据备份中没有寿命，将会是第一种情况。【很合理，或者说非常合理。】【年龄可以说是一种表征信息，例如苹果是圆形的，圆形就是苹果的表征。此篇中提到的年龄，也是异想的一种表征，人们相信这是它的表征，那么年龄也会成为异想的约束。】【异想会死去，人也一样。】
 
———
 
春日井有希：《基于人类与异想的联系对思维对于异想所造成反应的猜想》
1.异想之物的改变与消失
因为异想的生成源头在于人类的思维（幻想），所以在异想之物生成后，人类对于相应幻想的看法发生改变，所生成的异想之物也会发生变化。举例：诞生出低级异想之物后，如果相应想法在众多人心中发生改变，会通过情感更为强烈，来使异想之物影响力变大，等级增高；反之，情感变平淡，相应异想之物影响力减小，或在人们不再有相应幻想、观点后，异想之物消失。【两篇都提到了异想等级问题，我个人认为，高级异想和低级异想本身的内核就不同，有低级异想转为高级异想的粒子，但也如文中说的，这是一种情感、信息、概念的累加，在改变中，异想的内核也改变了。】【人们不再有相应的幻想、观点，就不会产生新的异想。曾经出现的异想，可能通过其他物质将信息流传下去。】
1.1：现实生活中，一个群体的观念常常会影响到个体的思想，因此我认为，在特征相似的异想之物或异想污染之间，存在影响强的对相对较弱的进行合并/吞噬情况。【主要特征和次要特征。】
 
2.异想污染的“正面性”
因为异想污染的生成来源于人类任何存在的概念，那么通过某种带有强烈正面情感的幻想或事件，可以对像素塔带来“良性污染”。【很难评价何为正面，何为负面，正负反馈主要还是价值判断。】【良性污染，正确的。】
2.1：这类“良性污染”达到一定等级后会对于像素塔内居民带来正面的反应效果，如与负面异想污染抵消、使精神振奋或缓解负面情绪等。【妙！】
2.2：在“良性污染”过度时也许会导致一些负面影响，或转变为“负面异想污染”，甚至出现异想之物。可以类比为现实中毒品的“益处”与“坏处”。【极乐生悲。】
 
3.分身异想的泯灭
分身异想来源于居民们的自我分裂，与现实心理学中的人格分裂相似，因此我认为在分身异想的主体不再有分裂状况或泯灭后，分身异想也会泯灭或变为单独个体的人类种。【正确的。】
 
———
 
木瑰：《关于像素塔人口增长的可能性》
众所周知，由于像素塔存在特殊的重生机制，人口增长目前呈现缓慢或停滞现象。若是有人死亡，又相当于重获新生，增长与减少被抵消，人口未变。我曾有想过，什么样的情况下才能使“人口增长”？
 
首先需要定义，在塔中什么身份被算作“人口”之一。目前在塔内活动的“人”分有多种身份，分别是塔住民，原住民和异想之物人类种（人形异想）。塔住民又分为先民和林泊以及拥有重生经历的普通居民，先民与林泊拥有林泊现实的实打实物质基础，AI同样算作在内，他们是基础的像素塔人口组成。而除了林泊以外重生失去往代记忆的普通居民，他们是以全新躯体与空白记忆重生在塔内，他们也许是还未觉醒的林泊，故也算作人口之一。而原住民和异想之物，由于本身的特殊性质，根据原住民法案，他们分布在塔住民聚集区以外的区域，虽拥有领地也需遵守法律，但并不算做自然人，不算做人口之中，且安排原住民的塔住民需要为原住民的所作所为负责。【妙？】
 
根据以上信息可以得出一个定义：塔内的人口与林泊现实中江源基地的人口相当。江源基地中全体公民皆在塔内，从江源速报中得知，且由于现实原因，人们不再关心生育，低欲望社会成为大势所趋，以及塔内人们的不老不死，现实的人口增长率低映射到了塔内。在如此环境下，该如何使塔内人口增长？【妙！】
 
猜想一：发展AI，使其登陆入塔。由于同人类一样，他们进塔拥有与人类同等的权利，同样算作林泊，在现实为了回应复兴AI产业呼声，此为不失为一种方法。相反，将塔内AI赋予林现身份，似乎同样可行。但并不是所有AI都能够进塔，且AI易占用人类生存区域，该方法需结合现实因素来考虑。【AI可以活在电脑里，很多AI没有身体，居住在地上的信息中心。】
猜想二：计划生育，诞生新生儿。全新的生命拥有全新的独立意识，带动了现实与塔内的人口增长，此为理想。但由于某种技术的受挫且群众的兴致不足，此方案实行可能性不大。【人造胚胎还是有可能的，生是不可能生的。】
猜想三：通过跨基地通信宣传江源基地，使其它基地民众前来游玩/定居。随着基地的发展，三大基地全面开放通行，这表明不同基地的人流来往程度会提升，像素塔的概念会被传播，被接受。不过这倒是引出了不少的问题，若像素塔的概念为一种“群体性癔症”，从其他基地而来的人是否会受到他人的信息传播随后进塔？短时间的居住是否也会受到影响？离开后是否会将塔的概念传播出去？林泊现实的信息太少，这些疑问还无法得知。【不可能，除非他们在江源基地接受血液制品和器官移植。】【不不，我记得是可以体液传播的。】【（瞳孔震颤）】
从以上猜想来看，发现方法皆基于林泊现实，也有可能还有我未有想到的方法，又或者，使用各种方式使非林泊觉醒为林泊也算是一种方法？总结就是，单纯从塔中自然的实现人口增长还是有些困难。更何况纷乱代的来临，幽蓝国的吞噬使一些现实早已死亡的人落入泯灭，人口增长更成为了一种难以实现的理想。人类能否在日渐严峻的局势中得以存留？人类又能否在这个星球上还有落脚之地？在纷乱代，这是值得深思的问题。【觉醒成林泊分裂是吧。】【天才的设想。】【确定不是打捞数据，而是2094年的投稿吗，可恶，居然假定时间！我最后才看到！】【是时候建新塔了。（偷笑）】
 
———
 
Sinceend：《推断一至四级异想除食用外的作用》
在当今异想仍是像素塔中的一件重要危害。如果说异想是源于人们的幻想，会对外界产生一定的污染，需要防异人员进行消灭。那么如果将异想带入工业并控制污染程度就可以使异想拥有初步的除食用外的功能，并减轻防异人员的工作量。基于以上的问题我提出了以下猜想。（本文并不包括可食用的部分，因本身就有价值所以无需进行其余的作用，能吃就好。）【妙！】
 
设想一：对于无自我意识异想的能量转换
根据林泊百科内对异想的介绍除等级外我暂且将异想分为两大类，植物体异想和动物体异想。【自动把无机质异想排除了。】植物体异想多半可食用或具有观赏性。对于可食用的，其本身就具有一定的价值所以这里不提。对于不可食用的本身并没有任何价值的我在这里提出了一个猜想。将其进行转化，将生物能转化为能源能。【确实如此，详见忘忧宫。】将转化过得机械能应用于工业，在解决了异想的前提下，还保护了像素塔的环境，减少了公业排污。
 
设想二：对于有自我意识异想的工业劳动
有自我意识的异想多半是动物体，这类异想因为拥有初步的自我意识所以直接消耗掉未免有些太残忍，【指正：并非自我意识，而是信息提供者提供的思维模式。】而且因为是动物体拥有移动的功能，并不能确保其稳定，如果失控则可能造成比原先更大的污染。【忘忧宫之下，动植物平等。】所以建议作业劳动，种种田，锄锄地，享受一下农家生活。这对于他们也是一 种很好的消遣了。因为他们一言一行都会污染与之互动的个体，所以最好的方法即使妥协。他们劳动后的产物可以填补像素塔居民的衣食住行，所以也是变相的拥有了一定的作用。【详见霓虹。】
 
模拟研究
目前有两种主要的方法将生物质转化为能源，即气化和热解。气化将固体或液体生物质在1000°C左右的温度下转化为气体和固体化合物，这种气体被称为“合成气”，而固体则是“生物炭”。合成气是氢气、甲烷、一氧化碳和其他碳氢化合物的混合物，这些碳氢化合物被用作“生物燃料”来发电。另一方面，生物炭通常被认为是一种固体碳废物，尽管它可以用于农业应用。【评者知识有限，难以验证可行性，但确实有这三种处理方法。】
另一种方法，生物质热解，与气化法类似，除了生物质是在较低的温度加热，温度在400-800℃之间，压力在惰性气体中达到5巴（bar）。热解方式有三种：常规热解、快速热解和闪光热解。在这三种方法中，前两种花费的时间最长，产生的碳最多。
最后一种闪光热解温度为600℃，合成气产量最高，花费时间最短。但不幸的是，它需要能够处理高温和高压的专门反应器。
 
可能的后续影响
人尽皆知，事物总是有利有弊。没有谁是完美的，我的设想也是。
利处：异想灾害无时无刻都在发生，异想的诞生有时会显得无用，而那些无用的就只能通过消灭的形式来解决。不仅加重了防异人员的工作，还让那些想法一场空。如果应用设想那么那些异想将会解决一些像素塔上的资源问题，减轻防异人员的工作。
弊处：异想所带来的污染，可能会影响当地的生态，还有对于有自我意识的异想可能会出现反抗的行动。建议无关人员不要靠近。【就忘忧宫实例可知，动力炉原材料来自大洋漂流物，有自我意识的异想（4级与5级）很难进入动力炉。它是一种全自动装置，无需额外人员对燃料进行捕捉和搬运。】
总结，此方法可以减少已经诞生的异想对普通像素塔居民的危害，但同时多数异想的聚集可能回加重当地的异想污染。【加重有一定道理，但不绝对，主要是“聚集”这一信息对人们会导致误导。】
 
 
———
 
 
·嘉宾寄语·
弗丽：结束咯！
 
dM：啊，这就结束了。
 
弗丽：还不够？
 
dM：老婆要离我而去了，呜呜呜。
 
弗丽：你喜欢我哪一点，我改还不成吗。
 
dM：我喜欢老婆每一点！在喜欢钻石姬之前，我就喜欢机关枪了！
 
弗丽：你只是单纯的楼层守护推吧。
 
dM：（秘密被发现）才，才没有呢。
 
弗丽：说起来你几岁。
 
dM：十二？
 
弗丽：未成年——
 
dM：AI才没有成年不成年的说法呢！
 
弗丽：反正，我够当你妈了。
 
dM：太太，我喜欢你！
 
弗丽：差不多得了。
 
———
 
感谢广大投稿者和林泊百科的大力支持，我们下期再见。
 
 
 
下期暂未收到投稿",林现2094/08/20 22:37,林泊百科,-,,,,游戏外/清醒者日报,0474
清醒者日报vol.5（2094.09.05）-Rizline来袭,"·卷首语·
 
中秋快乐！这里是鸠，咕咕哦！
真是不可思议呢，重启版日报已经第六期了
感谢读者朋友的支持和投稿
特别是林泊百科编辑者对像素塔的重新发掘
为此我们特地准备了中秋礼物送给大家
相信你们已经猜到了
欢迎本期嘉宾，知名虚拟歌手——咏歌老师
她将为我们带来最新最热的Rizline消息！
不要着急，按老规矩来
先看联合快讯~
 
———
 
·联合快讯·
·跨次元音游《Rizline》公布最新预告
·弥尘梦忆艺术馆开幕，16MB即可参观
·空洞之人逃逸事件档案公开
·角色扮演游戏《星骸》，将陨星归还星空
·PhigrOS剧情研究站视频发布
·熟练掌握羊羔百科破坏指南，获得封号机会
·异想之物《蝶》增加新内容，内卷林泊的终点在哪里
·雨蚀：月蚀与雨夜，恐惧与憧憬
·如何COS武松，从木棍打恍惚开始
·关注像素塔武器名录，关注LBW跑团开发最新消息
·空域：跟着电梯游览“全世界”
·零碎木偶惨案，又一起亚空间仙人跳
·记忆传输的载体——.zmf文件格式的沿革与开发
·诈骗信息辈出，继广告窗口后的又一狂欢
 
———
 
·嘉宾访谈·
鸠：快快快，快讯摘完了，让嘉宾上场！（回头）
dM：（从屏幕中冒头）嘉宾堵车了，还要一会儿，你先随便说点什么吧。
鸠：我以为我们是文字刊物？
dM：并不，只是我懒得整理语音识别稿——你干嘛，停止你的雷O战机行为，摸鱼有错吗！（疯狂躲避）
鸠：哼，那就让歹势马鸽介绍一下嘉宾背景吧。（放下手柄）
dM：怎么又是我啊（钻出），好吧，正如大家所见，嘉宾本次负责宣发的《律动轨迹Rizline》是鸽游开发的移动端音乐游戏，它的原型是本世纪初风靡全球的大型多人在线角色扮演游戏《Rizline》。《律动轨迹》讲述了MMO Rizline关服半年后，属于特型【吟游诗人】的演剧，也就是游戏的副本，突然出现在现实世界中的故事。
鸠：感觉没怎么展开啊，再说一点？
dM：这是一个（翻阅设定集），拯救世界的传统故事。
鸠：（拿起手柄）我不信。
dM：好吧好吧，其实依旧是老话题，人们的欲望让魔降临，也让拯救世界的英雄诞生。咏歌和她的伙伴们就是Rizline世界的英雄，我们作为玩家与他们相识，共同面临危机。
鸠：PV里貌似放出了六位？
dM：是的，这六位是MMO版Rizline 2.0版本前人气投票的前六名。他们分别代表了Rizline 1.0的六个社会体，空岛、朱羊谷地、青陇联盟、辰星之都、会妙门关、七丘之国。除空岛以外的五个社会体组成白河领域，是1.0的大背景。
鸠：哦，原来如此，超宏大的背景呢，可惜是20s的作品。
dM：是啊，MMO不是一个人的游戏，几十万人在线的盛况，很难用私服模拟。
鸠：看，有进入申请，嘉宾来了。
dM：（啪啪啪）欢迎咏歌老师！好久不见！
咏歌：（进入聊天室）好久不见。你们，都在等我吗？不好意思，工作上出了一点点状况……
鸠：对哦，赛博空间不会堵车。
dM：没事，我们刚才在谈MMO的Rizline，对了，咏歌老师知道我们之前征集Q&A的事吧。
咏歌：收到@了，就是，他们提到的律动星是什么？
dM：那是像素塔的一个地名，老师你不用管它，读者朋友可能是和《律动轨迹》这个名字联系上了吧。
咏歌：律动星的事我不清楚，不过律动轨迹Rizline，其实是Rhythm Line的缩写。
鸠：这是可以说的吗？
咏歌：这不可以说吗？（震惊）（害怕）（找台本）
dM：咕咕不许吓新来的看板娘！对了对了，久违地进行自我介绍吧。大家好，我是本报的总编deathMark。
鸠：鸠就是鸠！
咏歌：啊啊（慌乱）（想台词），你们好，我叫咏歌，取咏唱讴歌之义，天人族，来自空岛，常用的特型是【吟游诗人】，在MMO里担任新手导师，目前在做虚拟歌手的工作……
dM：没有了吗。
咏歌：没了。
dM：（尴尬）下一个话题，大家都对特型很感兴趣，能请咏老师给我们介绍一下吗。
咏歌：特型的话。特型是能够消灭魔的概念武装，人类可以通过装备特型，进入演剧，灭杀魔王。演剧扮演成功后，可以获得新的特型。在律动轨迹里，应该和打歌获得Rizcard差不多吧。MMO的机制会复杂很多，这里就不详细介绍了。（顿）
dM：粉丝向你提问，咏歌，很高兴认识你！听说咏歌是吟游诗人……可以看看你写了什么诗吗？
咏歌：其实我不太会写诗歌，【吟游诗人】是我的特型，我一般用它战斗，你们可以把它理解为FF14里的职业，但我们在战斗的时候，可以使用多个职业的力量。特型有适配度一说，扮演越相像，能使用的力量就越强，我偶尔也（扭捏），做些曲子。
dM：可惜我们是文字版，不能请咏老师一展歌喉了。下个问题——
鸠：等等，让我来问（清嗓子），观众提问，“欲念值的上升会导致歌曲的演剧开幕，“魔”则混在其中，需要你们的展开特型去“灭魔””……这就是你们的使命吗。勇哥怎么看待这一理解？
咏歌：我记得，这句话出现在Phigros春节联动剧情……怎么解释呢……就是，魔和你们的异想很像，但它是一体两面的概念，我们的世界强调平衡，一种欲望过剩或过于低迷，都有可能产生魔，魔一定是异常的，不会出现异想中一级异想一般，无害的魔，所以灭魔是所有特型师的使命。
咏歌：另外，魔想要出现，就一定要给自己搭造一个“舞台”，这个舞台的守关boss，也就是魔王，是这个舞台的主人，往往有舞台为何产生的关键线索。
鸠：这么看来，灭魔治标不治本，拯救世界，关键不在这里。
咏歌：是的，真正需要被拯救的是大众。
咏歌：Rizline的世界，起初被空岛坠落的恐惧笼罩，致使魔物横行，当时*便向我证明了，让世人的心重新连接起来，是拯救世界唯一的方法。
dM：（思考）特型并不是每个人都能有的吧，我记得需要独自打败演剧的魔王，获得条件极为高难。你认为作为普通人，该如何抵抗魔的诱惑呢？
鸠：鸠就是鸠，不是别人！这种吧，嘻嘻。
咏歌：确实如此。
dM：可以为我们讲讲MMO的种族设定吗，还有它当初是为何停服的？
咏歌：Rizline各个地区的种族不同，外貌也有变化，主要种族太多，我不知道从哪里说。至于停服，其实我到现在也不知道为什么停服。
dM：哎？
咏歌：想知道更多信息，请关注律动轨迹官方账号。（心虚）
dM：（翻阅）很多读者问到求救信息，那是咏老师发送的吗，还是其他人？
咏歌：我因其获救，但发送者是谁，并不确定。
鸠：呐呐呐，我早就想问了，PV上六个人，咏歌对他们的评价如何？
咏歌：我试试吧。右上角是纳咪，给朱羊谷地的移动城市牧羊，是个特别热情的孩子，特型是【狂兽战士】，养了一只叫娜娜的猫。右下角是卡门师傅，我稍微有点怕她……她来自七丘之国， 隶属猎魔团，是【未知先驱】和【水手】的传承者，在我们之中战斗力最强。左下是童玲，代表【时代变革】的魔王——
dM：怎么还有魔王啊？
鸠：因为是人气角色评选吧（推空气眼镜）。
咏歌：啊，童玲也是我们的同伴，并不是所有魔王都是坏人。除了他本身的特型【训魔专家】，还可以像特型师一样，使用别的特型。
鸠：（小声）用不可能被消灭的概念，造一些亦正亦邪的角色，真是狡猾。
dM：（小声）貌似童玲还是类似西部O界的乐园的管理者，真是人畜无害呢。
咏歌：你们这是大声密谋吗。
鸠：把密谋去掉。
dM：那么剩下两位呢，左上角的茂山，还有中间的贝利斯。
咏歌：茂山？（思索）我想起来了，因为他的名字太大众了，平时我们都叫他刀客。
dM：刀客那么多。
咏歌：我也不能理解青陇人的想法，当初遇见他，他还在当镖师，镖师就是消灭道路沿途的魔物的人，现在不清楚，他的特型是【碎岩刀客】。
鸠：中间的小人呢？
咏歌：贝利斯是一般路过的社畜！（心虚）
鸠：社，社畜，人气前六？
dM：（小声）你说，这Rizline的男角色怎么都这么怪啊。
鸠：（小声）感觉很普通，又一点都不普通。
dM：（小声）现在有两种可能，一种是她没说实话，还有一种，2020s的人审美不同。
鸠：（小声）我很想选第一个，可是996人气也很高啊。
dM：（小声）看来两种都是，我觉得，这个贝利斯是克拉克的类型。
鸠：亚瑟·克拉克？预言家，刀了。
dM：超人啊，超人！
咏歌：他真的只是个会计……
鸠：（顿悟）说实话，我早就想试试了，用钱砸人。
dM：对哦，咏老师刚才说的*，是玩家可操控角色吧，可以谈谈对*的印象吗。
咏歌：*的性格很多变，不是很好描述，但*持有唯一特型【漫游者】，可以前往任何地方，联络任何人，被称作奇迹的行者。当年和我们前往像素塔的*不是玩家，他给我的感觉，更像故事里的他。
dM：异想？那岂不是魔王。
咏歌：哎……怪不得。（摇头）不对，请等我查清真相，现在线索还是太少了，我想到一些事情，不好意思，访谈就到这里吧，感谢你们的招待。（风风火火）
dM：嗯，嗯。
鸠：他们人际关系好复杂。
dM：确实，不如Phigros，就你和吉诺。
鸠：什么嘛！我和阿吉的关系更复杂！
dM：你高兴就好。
 
———
 
·塔学研究·
dM：塔学研究是一档专门接受塔学爱好者投稿的栏目，目的为解决一切玄之又玄的塔学问题。本刊根据每期投稿问题不同，会邀请不同审稿人参与进我们的审稿工作，本期我们请到了OOOO的OOOO，来，说话。
鸠：没错，还是我！
dM：明天，9月6号，是嘉宾同学的生日，让我们祝她生日快乐！（拍手）
鸠：有这回事？
dM：好吧，我忘记你不看日期了。
鸠：（撅嘴）既然是我生日，那当然要吃点好的。
dM：新郑州还有哪家你没去过？
鸠：好像没有……那就去阿吉家吃。
吉诺：（进入聊天室）蛋糕送来了。
dM：你是亚瑟·克拉克吗！
吉诺：我好歹会看日历。（拳头硬了）
dM：作为唯一的常识人，一定很辛苦吧。
鸠：阿吉——（眼眶湿润）
 
———
 
Sam_0324：《论生成值理论》
生成值理论是一个用于解释异想之物存在的经典理论，以下是具体的解释。【可，格式精准。】
首先引入几个概念：【每个概念都有对应的】概念信息量、概念生成值和环境生成值。环境生成值，指的是人们认为那个地点有异想之物的可能性；概念生成值，简单来说指的是相信异想之物存在与不相信异想之物存在的林泊人数之比；【那应该是概率生成比啊。】概念信息量，指的是异想之物对应的概念在相信异想之物的林泊意识中的信息量。
环境生成值是多个概念生成值的中位数。因此，尽管概念生成值大多数情况下与环境生成值成正比，但有时则不成比例。举个例子，在墓园中环境生成值会大幅提升，【某一概念的环境生成值。】因为林泊们的刻板印象会影响环境生成值，使其如想象那样“更容易出现鬼”。但是，由于墓园里通常不会出现TZ局的人员，此时TZ局的异想之物的概念生成值下降了。【管理AI（系统）、楼层守护（监管）、调查员、研究员、普通官员到社会服务被执行人，都叫TZ局人员。】【这里可能讲的是TZ局概念相关的异想。】
异想之物的生成需要概念信息量和概念生成值均足够。概念信息量不足，异想之物就不会出现；概念生成值不足，就可能会生成与概念类似的异想之物。提升概念信息量，需要使异想之物使用的概念被充分传播，如在电线杆上贴伪造的“防异通告”，或是netaTZ局防异手册上的例子；提升概念生成值，需要让林泊们认为异想之物存在，例子如伪造证据。【是位很有想法的林泊，就是例子不够具体。例如伪造防异通告，我们执行的时候绝不会说是防异，另一方面，信息越摸棱两可，也容易引来豺狼虎豹，所以后期基本采取什么也不说，或者信息对冲，消灭异想。不知作者有没看过之前的日报，那里有提到计算资源是有限的，如果某一方面的污染饱和，那么就不会产生新的异想，信息对冲就是这个原理。伪造证据很有用，但更有用的是把真的说得更真，伪造证据还是容易被识破了。】
当异想之物的概念信息量过低时，其便难以被观测到；而当异想之物的概念生成值过低时，其就会走向消亡。【合理。该理论还是太粗糙，建议继续打磨。】
 
 
———
 
 
·嘉宾寄语·
鸠：结束咯！
 
dM：吃蛋糕！（拿刀叉）
 
吉诺：洗手啊，洗手（念叨）
 
鸠：不许吃！你个坏AI，咕咕还要许愿呢。（开龙头）（哗啦啦）
 
dM：嘤嘤嘤。
 
吉诺：许了什么？
 
鸠：明年也有免费的蛋糕吃。
 
dM：Phigros 2.0还是早点结束的好！（叫嚣）
 
鸠：不可以！冲啊，不知名的林泊，重塑像素塔荣光！
 
吉诺：幸好没被弭儿听见。
 
dM：她在聊天室的。
 
弭儿：我不在。（假装下线）（嗦面）
 
dM：分蛋糕！
 
弭儿：（远处声音）你怎么又吃泡面！啊，哪来的汽油！
 
弭儿：我不在。（关麦）
 
dM：你们调查小组可真热闹，说话又有趣，我超喜欢这里。
 
鸠：差不多得了！
 
———
 
感谢广大投稿者和林泊百科的大力支持，我们下期再见。
 
 
 
下期暂未收到投稿",林现2094/09/05 00:29,林泊百科,-,,,,游戏外/清醒者日报,0475
清醒者日报vol.6（2094.09.20）,"·卷首语·
 
又是完全不想写日报的一天
所以这期我不是deathMark
我是美味豌豆！
美味豌豆这次请来的嘉宾
也是美味豌豆！
喜欢美味豌豆的请扣11111！
以下是本期的联合快讯（突然）
 
———
 
·联合快讯·
·勇敢的少年们，朝着必要条件前进吧！
·林泊百科已恢复运行
·《豌豆特工的一万种死法》动画化
·BDRG精选词条结果出炉，欢迎前往查看
·售价16MB的带薪冒险值不值？不如换份工作吧，TZB欢迎你
·Moonlight的中秋祝福，谜题保管所新风潮
·伪装成调查问卷的亚空间——阿刺克涅
·新日村庄：人与鹿的黄金乡
·豪威堡战纪：在循环战争中寻找未来
·土豆亚空间追加新内容
·纸迷金醉局中局
·复选框再度出没，交流中无法消弭的信息差
·黎明曙光之地追加新内容
·游荡的萨帕纳斯，被废弃的试验品
·XIII，虚度光阴者的救济
·珊瑚神殿，希望幻境
·恶念之血荆出现，“纯净天使”究竟为何？
 
 
·快讯详情·
今年中秋节，moolight借Phigros贺图给出一则古怪的谜题，该谜题为一张图片，图中为一男一女正对画外，地面乔木零散，夜空群星闪耀，一轮明月紫光乍现，极不和谐。很快本站便接到了moonlight的邮件，其中提到他的谜题需要布局，希望获得林泊百科的账号，并用bilibili官号转发他的发言。本站作为鸽游网络的友情单位，没有第一时间拒绝他，本站管理者也通过这层关系，得知了“谜题保管所：登月”的答案。
 
如今解密活动告一段落，Moonlight收到解密者DySkyLan在贯月长槎词条讨论区的留言，给出了本次最后的信息，一张月球的照片。
 ———
 
·塔学研究·
dM：塔学研究是一档专门接受塔学爱好者投稿的栏目，目的为解决一切玄之又玄的塔学问题。本刊根据每期投稿问题不同，会邀请不同审稿人参与进我们的审稿工作，本期我们请到了著名楼层守护“设计师”——美味豌豆先生，让我们掌声欢迎！
纳贝流士：虽然但是，你？
dM：（疑惑）是我啊，美味豌豆博士，你忠实的像素塔客服，您不认识我了。
纳贝流士：我当然认识你，你不找弭儿，到工作间里来做什么。
dM：哦，因为上次日报您最后的发言，引起了读者们的注意，他们要求这次请您来当嘉宾。
纳贝流士：清醒者日报？你们居然还在做。
纳贝流士：说起来，TZB批皮搞了这么多组织，像素塔2.0是不是也是TZB搞的。
dM：（暴起）你这老儿，怎么胡言乱语！（满地打滚）（委屈）
纳贝流士：好吧，所以嘉宾要干什么，看塔学研究吗。
dM：正是！这次只有一篇呢。
纳贝流士：那么——
 
———
 
NonMe：《异想数据的分解融合可能性》
众所周知，像素塔中的一切，都为非实体的数据信息，而异想作为像素塔中的一种新型生命，同样属于一种数据。但，连林泊现实的生物都可以人工基因改造，作为非实体数据的异想可不可能吞噬融合其他异想数据，并产生全新的数据异化呢？【相当危险的想法。】【嗯，虽然已经实践过了（小声）】
（1）该异想本身具有吞噬融合等相关要素，如以缝合人／奇美拉等要素所产生的异想，应遵循异想本身设定中相关要素发生“主动性”数据异化。【这种属性在人造异想里比较常见，而且人造异想好控制信息增减，一旦形态有变，无需连接其他“基站”。】【确实，普通异想只能依附住民的计算资源，太被动了。】
（2）两／多种只存在于传闻谣言之中，尚未异想实体化，只拥有一点微弱异想生成值的故事，通过人为手段将故事整改缝合，使故事们的异想雏形被人为整改，再将其传播，此时的异想则是以多个故事为蓝本原型所生成的异想，受人为干涉程度较大。【可行的手段，这一类融合很好分解。】【（看向嘉宾）】
（3）通过手段了解几种己成型异想的己乎全部的生成值提供者，通过相关塔技术将其思维覆盖整改／相关异想污染思维，从而达到将已存在的多种异想焚书化／二次异化已成型异想，形成具有原先多种异想数据特性的新异想。【就算是TZB也不会这么干的，幽蓝边界吞噬的主要还是成型的数据，并灌输该异想已消失的观念。】【过于费时费力了，但也彻底。】
（4）己成型的某种全新异想A在传播过程中被认为是其他己成型异想B的全新异化成果，则异想A影响力传播扩大过程中完全替代了异想B的传播与认知，在思维层面B因A而无人在意，则异想A成功替代了异想B／吞噬了异想B的生成值，在B的基础上得到更高的传播与生成值。【非常合理。】
（5）某异想被防异处理焚书化等手段导致数据分解，新异想生成时具有以分解异想的相似性，继承了己分解异想的生成值。【这不能算融合吧，我觉得是再生产的一种情况。】
 
【等等，怎么说完融合，不说分解呢？】【受骗了。】【好吧，那我来补充几点。首先，异想是可以分解的，这毋庸置疑。第一种情况，融合过的异想，如果作为融合材料的异想本身的概念变化，很容易使得融合体分解，例如纳【数据删除】·克【数据删除】形态。】【你说的不错，但我不是异想，只是被异想附身。】这不举例吗！第二种情况，未融合的异想，如果一种异想被消灭，它之下的概念很容易分化成各种亚体，形成新的异想。】【这就是TZB开辟异想监狱的原因吗，局座。】【NONO，霓虹层并非监狱，TZB只是给五级异想们一个改造的机会。第三种情况，如果人们对异想抱有错误认知，便会使异想出现新型态，类似环境促使物种分化。以上就是我补充的内容了。】
【异想的分解和融合很常见，TZB执法时，遇见过各种异想的变种，对付这类异想用原办法，还是有点用的，但处理新变量才是关键，本次的对谈希望能给大家一些参考。】
 
 
———
 
 
·嘉宾寄语·
纳贝流士：我翻第四期，上面说你是楼层守护推，一想不对，往前面翻，你给我的介绍词和机关枪一模一样。依我所见，你根本不是谁的粉丝。
 
dM：啧，被发现了，不愧是你，艾达。（骑上泥头车模型）
 
纳贝流士：（拉电闸）请。
 
dM：无耻！（看见杀威棒）（老实）你别过来啊，我只是偷个懒而已……
 
弭儿：（进入）电怎么拉了。哦，你们继续。（退出房间）
 
dM：弭宝，救救我！（跟着一起跑出去）
 
弭儿：我看错你了，没想到你对老头也有兴趣。
 
dM：我本想找你的，结果密钥错误，房门进不去，呜呜呜。
 
弭儿：进不来的话，你大可以黑了博士家。
 
dM：什么，这是被允许的吗？
 
纳贝流士：我不允许。
 
dM：他不允许！（尖叫）
 
弭儿：啊，那考虑买下来这栋建筑吗。
 
纳贝流士：差不多得了。
 
———
 
感谢广大投稿者和林泊百科的大力支持，我们下期再见。
 
 
 
下期暂未收到投稿",林现2094/09/20 20:42,林泊百科,-,,,,游戏外/清醒者日报,0476
清醒者日报vol.7（2094.10.05）,"·卷首语·
 
哈喽哈喽，大家好！
这期的日报是鸠审核的哦
依旧只有一篇论文！好耶！
工作量大大减少了呢
鸽游的工作倒是——
什么时候业界才能统一响度阿（碎碎念）
感想结束，下面请看联合快讯
 
———
 
·联合快讯·
·多地出现疑似像素塔2.0的试验田，官方正在追查中
·Phigros同人文化滋生，诡异群体聚集新郑州
·黎明曙光之地新增内容
·速溶替身宣布停产，大量速溶替身涌入TZ局便民中心
·玫瑰计划/历史新增内容
·BDRG Card Fighting Colosseum，一种新型卡牌游戏
·林泊百科TRPG规则征集中
 
———
 
·快讯详情·
1.据像素塔试验已过去两年，位于核空区的冗余数据逐渐成为基地地标类的存在。各地往来通商者多将其视作旅游景点，本来对外交流极少的内部巢房也因此热闹起来。核空区的四周，终末黑洞的影像保存物如同接触不良的电子幽灵，重播得极为不规律，有时连续出现两三天，有时近半个月也没有目击报告。当地人认为见到黑洞是一种幸运的象征，更催生了黑洞文化，近期围绕主题策划了一系列文创产品，也为当地增加了新的就业岗位。《锐哥观察》江源基地自媒体
 
2.像素塔2.0案件进度缓慢，我们已找到多种证据证明，在种种违法采集用户脑波数据的案件中，都有像素塔2.0的影子，但仍未找到其成员间的交流方法。《像素塔特别调查小组报告-2094年10月》
 
———
 
·塔学研究·
鸠：塔学研究是一档专门接受塔学爱好者投稿的栏目，目的为解决一切玄之又玄的塔学问题。本刊根据每期投稿问题不同，会邀请不同审稿人参与进我们的审稿工作，本期因为没钱请嘉宾，只能由我和阿吉来为大家播报啦！
吉诺：大家好，我是吉诺。
鸠：哎？
吉诺：怎么了？
鸠：因为前几期嘉宾都很抗拒的样子，吉诺这么配合，咕咕有点惊讶。
吉诺：我已经习惯了。（喝茶）再说主编都是突击采访，不给人反应时间的。你不同，你和我提前说过了，虽然采访地点依旧很“随机”。（看向墙上的J徽）
鸠：嘛嘛嘛，咕咕也不想自投罗网的说，可是快来不及了！
吉诺：那么今天的塔学研究？
鸠：是这篇！
 
———
 
UnFtr：《关于记忆与分身异想的特性推测》
 
1.相较于普通的异想，由林泊个体记忆／独立人格通过手段具象化／重生分裂个体而来，而作为林泊本身一部分的它们，前者的记忆异想由日报vol.2可知为一次性的，只有该记忆异想死亡才能使林泊获得对应的缺失记忆。【是说你那次吧。】【是的哦，小鸽子们都相当敏锐呢。】【分割记忆的异想，我记得很少见。（思考）林泊有特殊需求才会选择分割记忆，其实也可以复制，不一定采取分割的方式。】【分割记忆产生的异想更稳定，不会因为来源个体的变动而形态不稳。】而作为林泊人格具象化分裂并以异想状态作为载体的分身异想，个人推测与记忆异想一般，若分身异想死亡则其记忆数据自动回归主林泊人格。【不一定会返回，会有一定程度的数据丢失。】二者的主要差别在于，前者的记忆异想其形态方式可能不稳定，也可能被其他异想吞噬融合合并，而后者的分身异想重生后人格异想化为常见案例。【我个人觉得多重人格的不同人格，其实不算异想，因为他们都能连接到PhigrOS系统。】【补充一点，辨别异想和人类也可以用这个办法。】【辨别是不是林泊则看土星权限。】【这个可以伪装，所以PASS。】【咳咳，那是个例。】 
 
2.类似于德利拥有冰封小队的数据，便可将他们异想复活，在杀死这两种异想后亦可用回归数据用相同方法再次诞生，形成另一种意义上的非自然异想重生。【队长是冰封层守护的协助者，所以才有这一权限，亚空间的制造者们在亚空间也有类似的权限。】
 
3.记忆异想与分身异想的异想化独立导致主人格的记忆缺失，其塔中变动可能延迟影响林泊现实个体，使其记忆／人格非自然被动缺失。【一般不会，因为记忆保存的位置没变。】【有个例！】【个例又不是你。】
 
4.记忆异想亦可能为不同人的记忆混合数据具象异想生成，而分身异想往往由单个完整独立人格与记忆构成。后者在日积月累时光积累之下容易变成为单独人类种，使其独立于主人格，前者则较难改变个体异想种属。【是啊，这种就很难回归原主了。（喝茶）】
 
5.假设记忆异想C同时继承了A和B的两段不同的记忆所构成，若A在塔中重生，没有继承上一代的记忆，则C由于主体信息缺失导致其继承A的记忆及特征大幅削减甚至完全消失。若林泊主体彻底泯灭，即显示死亡，则其独立记忆／分身异想若未拥有足够生成值，亦直接失去具象实体。【有些道理，我想到一个防异方法。】【少年，你的思想很危险。】
 
 
———
 
 
·嘉宾寄语·
吉诺：这篇论文讲得很有道理，很难找到反驳和补充的点子。
 
鸠：（喝茶）是啊。
 
吉诺：最近我们区的治安也好了很多。
 
鸠：（喝茶）是啊。
 
吉诺：像素塔2.0的案子也没有线索。
 
鸠：是啊。（喝
 
吉诺：（夺过）要喝自己倒。
 
鸠：（委屈）我不知道饮水机在哪里。
 
吉诺：在男厕所。
 
鸠：（大受震撼）咕咕是男孩子了吗。
 
吉诺：不好意思，我刚说完才发现不对劲。等等，有没有可能女厕所也有个饮水机，只是我一直不知道它在那里。现在想来，男厕所的饮水机，安装在和女厕所的隔墙上，那面墙也不像是承重墙。
 
鸠：你是说，饮水机有两个头，一公一母。
 
吉诺：你，好怪啊。
 
鸠：怪的是世界。（肯定）
 
———
 
感谢广大投稿者和林泊百科的大力支持，我们下期再见。
 
 
 
下期刊登内容未知",林现2094/10/05 22:01,林泊百科,-,,,,游戏外/清醒者日报,0477
清醒者日报vol.8（2094.10.20）,"·卷首语·
 
哈喽哈喽，大家好！
这期的日报也是咕咕审核哦
最近大家都好忙啊
咕咕都代了两期了……
嘉宾的话，嘉宾没有候选人（震惊）
难道只有我不忙吗！
这可不得了了，看来得使出绝招了
出来吧，溶剂红23！
 
———
 
·联合快讯·
·巴库斯，乐园共和国最大的虚拟空间
·EUota立方体，复现过去的全新技术
·莫比乌斯工作室与中之层建立
·理解抑制机制已广泛投入防治异想的使用
·永夜的暮光之森
·AI绘画惊现统一签名谁是Lmura
·秘密组织煌月会浮出水面
 
———
 
·快讯详情·
1.近期一个叫做茶鸣拾贰律的多媒体企划，推出虚拟空间服务，据悉该空间巴库斯是其企划中乐园共和国最大的虚拟空间，于全息暗涌资料片推出，企划人物皆会出现在该虚拟空间中，他们具有极高的自主能力，也能和玩家进行互动，表现出强AI的行为模式，也有可能利用了“异想”即时演算技术。目前小组仍未找到确切的证据，证明该企划与像素塔2.0有关，尚需时间继续观察。《像素塔特别调查小组报告-2094年10月》
 
———
 
·塔学研究·
鸠：塔学研究是一档专门接受塔学爱好者投稿的栏目，目的为解决一切玄之又玄的塔学问题。本刊根据每期投稿问题不同，会邀请不同审稿人参与进我们的审稿工作，本期依旧没钱请嘉宾，只能由我和热心网友素檀来为大家播报啦！
素檀：传呼我就为了这事？
鸠：都是主编的任务。（委屈）
素檀：那家伙。
素檀：要我说你啊，早点辞职别干了，我这边有的是活儿——
鸠：（打断）你知道茶鸣拾贰律吗？就是那个新开的虚拟空间。
素檀：知道，商业作品，和我们研究所关系不大。你们以为和像素塔2.0有关？莫比乌斯那边不说，你总不能看不出来吧，像素塔可不是这么点人能撑起的工程。
鸠：确实，但我听说有好几个亚空间还能运行，比如管道迷宫。（目移）
素檀：c屮，哪个人闲得出迄。
素檀：我知道了，就是你吧！
鸠：才不是勒，数据在《彩虹之战》的制作人那里。
素檀：（憋气中）这有什么好保存的，他要敢公开，我告他个底掉。
鸠：哦~不如来看这次的论文吧。
 
———
 
Kano：《基于人造异想技术的伪林泊理论分析》
分身异想作为一种既属于林泊重生时的分裂个体，又属于一次性死亡不复生的异想种类，正处于异想与林泊的重合交界处产物，而这种状态很难不令人联想到，同样具有异想与林泊特性的，由人们认识使异想成为林泊的异常个体，后文称之为伪林泊。【察觉到恶意，希望你们善良。】【只是碰巧而已。】
 
个人认为，由于分身异想与主林泊个体共同以林泊现实对应的单独个体作为依托，二者同属于单独个体于像素塔中的不同映射方向，故分身异想亦可登录PhigrOS系统。理论上可以，素檀不可以。【分身异需要主体认可才能登录PhigrOS系统。】又可见异想也是由于其现实存在对应个体才获得了登录权限。而因林泊们的观念想法认同，异想视为林泊同类，使异想成了林泊的伪林泊，则更类似于一种二次异化。认为对方是林泊这样的想法，将异想／自律型AI／偷渡型AI等异化为林泊身份，本质上是一种异想污染导致的结果，并未改变他们林泊现实没有对应个体备份存在／未获得正规渠道觉醒林泊资格的现实，纵使其在想法异化下拥有林泊身份。但个人推测，其死亡重生后所残余继承的记忆不可能完全拥有，而是最多拥有存在于他人记忆当中，该伪林泊应当拥有的记忆。【作者的意思：伪林泊本身的经历，本体无法无法继承，只能获得其他个体保留的信息。】【我不太理解他这个伪林泊理论，抛开AI是否能登录土星系统不提，因为我们都知道他们可以，AI知道自己被调用的运算区有哪些，和人类不同。他这里说异想被人当成了林泊，所以有了登录土星系统的资格？那也太滑稽了，要我说这就不可能，莫比乌斯都做不到被认为是林泊，就变成林泊，更何况是异想，就算能登录林泊系统，也不可能是本体的账号。】【啊，所以可以用别人的账号登录土星系统咯。】【之前那个谁不就是这么干的。】【对哦，Align那时候她用的小号。】【素檀你真厉害，这都发现得了，明明不在群里。】【啧，TZB能不能死一死啊。】
同时，林泊若经受过高程度的异想污染，乃至其完全丧失行动能力与精神人格独立性，使其完全被污染为异想时，此时的林泊则不再享有任何林泊权利，相当于直接泯灭与像素塔断开连接。【不可能。】【你好绝对。】【这叫实践出真知，我问你，如果一个终端被极高流量的访问请求淹没而导致运算过载，会不会触发防御机制。】【应该会？】【那所谓的断连是否是完全退出网络？】【不是吧。】【既然它有再登录，用重生摆脱异想污染的手段，那么为什么会泯灭。】【这么说，幽蓝边界也算一种异想污染，它导致的脑死亡是瞬发式的，神经阻断机制根本来不及反应。】【你错了，幽蓝边界的污染是逆污染，和这里提到的高程度污染是两个东西。】通过过量化异想污染或精神摧毁的方式也可以成为彻底杀死林泊像素塔映射个体的一种手段，既塔内人为泯灭。【所以我不赞成他的说法。】【但没法否认确实有通过异想杀害人类的案例，且不止一例。】【那你最多也只能说污染是前提和诱因，最主要的还是林泊现实中的物质基础。】
然而异想终究是依托于人类存在的一种生命形态，若是主体林泊的泯灭断连，其未独立分身／记忆异想会由于无主生成值来源而无法具象。【yes。】
若大家遗忘了伪林泊，人为或自然淡漠的忘却了对方的“林泊身份”，则其异化效果低于一定数值时也会消失，重新回归其本质异想／自律型／偷渡型AI状态。【这句话没一个字是对的。】
 
 
———
 
 
嘉宾寄语
鸠：你好有攻击性哦。
 
素檀：不然呢，不然呢，大半夜被你拉起来看塔学论文，还是给AI打工。
 
鸠：它是江源基地的金融系统！有钱拿的！（惊呼）
 
素檀：我很有钱。
 
鸠：（哽咽）怎么这样……我没有钱……
 
素檀：退学来研究所吧，我内推你，不需要学历。
 
鸠：我绝不会去美食荒漠的！
 
素檀：（指向屏幕）把刚才那句话收回去。
 
鸠：o(>﹏<)o不要，生是新郑州的人，死是新郑州的魂。
 
素檀：然后被核心区的强AI奴役一辈子。真没志气！爬爬爬！
 
鸠：（小声）早知道找吉诺好了，反正就在隔壁小区。
 
素檀：你说什么？
 
鸠：没说什么。（吹口哨）
 
素檀：你这老小子，差不多得了。
 
素檀：你在像素塔特别调查小组当顾问，顾问没薪水吗。
 
鸠：没有哦，出外勤才有，不过日报编辑室有厨房，点心随便吃。就是这周吉诺他们比较忙，我又不会做饭。（再度哽咽）
 
素檀：（无语）那流媒体收入和卖碟的钱呢，还有配乐。
 
鸠：上个月开学交学费了。（哆哆嗦嗦）
 
素檀：公立大学，你说nm，说实话。
 
鸠：吃进……肚子里了。
 
鸠：我好想念像素塔啊，呜呜呜。
 
素檀：呵，建议组内自咎，有内鬼。
 
———
 
感谢广大投稿者和林泊百科的大力支持，我们下期再见。
 
 
 
下期刊登内容未知",林现2094/10/20 18:00,林泊百科,-,,,,游戏外/清醒者日报,0478
【小说】饼,"作者：木瑰 本文收录于清醒者日报vol.9
相关词条：新日村庄
———
      10月7日，每个孩子都翘首企盼的的馅饼节，如约而至。
　　对于我们的小女孩温特来说，这是今年最为特别的一天。清晨，母亲早早的出了门，家里空无一人，炉里的馅饼安静的烤着，香味弥漫了整屋。
　　女孩在镜子前认真娴熟的扎着麻花辫，披上厚厚的棉衣，便迫不及待的拿上母亲特意留下的竹篮，将烤炉中的馅饼慢慢端出，放进篮子里盖上花格子布，哼着歌出门了。
　
　十月金秋，却雪花漫天。女孩的记忆中，每当馅饼节来临，天空就会开始下雪。回想，这个奇怪的现象是从五年前的馅饼节开始的，居家过节的规定也因此持续了五年之久。
　　五年后的今天，温特蹦跳着走在空旷的大街上，在空白平整的积雪上留下脚印，享受着脚下冰晶炸碎的声音，心里可别提有多自豪了：大家都被关在家里，唯独她得到了家长的准许出门，恨不得把脚步踏的更大声一点，向全村人炫耀一番！
　　抬起骄傲的头颅，心情明朗的如那树枝头闪闪发光的金花一般。
　　但一直踏步走那可太累了。一阵风吹来，女孩打了个喷嚏，掩了掩格子布，便放弃了炫耀行为，摇摆着笨重的身体跑了起来。比起炫耀，现在更重要的，是与某人的一个约定。
　
　一边赶路一边玩耍，不知不觉就来到了约定见面的地点——十字路口。将手搭在眉前，眯起眼四处查看，很快就找到昨日做下的记号：路边的一棵金花苗！细嫩的枝桠，伸展着青涩的新叶，长势尚好，却是被风吹歪了身姿。
　　女孩连忙将其轻轻扶正，对树苗细声说着悄悄话：“小树苗，我给你说呀，等下我会跟我的朋友，去找传说中的紫金花呢……”
　　然而，在女孩低头忙活的时候，慢慢有一个人影笼罩下来，挡住了树苗前的阳光。
　　女孩皱眉，抬头正想抱怨一句，定睛看清了来者的面貌后，抱怨的话便全都堵在了喉间，化为了满脸的笑容。
　　“吼呀，来了？”
　　“来了！”
　　“约定好的，去找紫金花吧！”
　　“嘘小声点，要是被二姨发现我又偷偷跑出来，一定会去跟奶奶告状的……”
　　“嘛，胆小鬼！”
　　“才不是！”
　　“有温特姐姐在，这些都不是问题啦！我们可以悄悄的溜到村庄边缘……”
　　“好主意！出发！”
　
　来者是一男孩。笑容灿烂，露出了两颗兔子般的大板牙。看样子身体十分硬朗似的，穿的是过膝的短裤，裤子上的补丁各式各样。身披一件不合身的褪色大衣，臂上挎着一竹篮，泛紫的金花盛了大半篮。
　　就这样，两人拉着手一前一后的跑了起来，铃铛般的笑声像是携带着春风。金花在奔跑中晃撒了一路，就连还未扶正的小树苗也被抛之脑后。
 
　　  跑，跑过积雪漫过脚腕的小巷，跑过大人言语的聒噪，跑过逐渐稀疏的房屋，远离人迹，来到了村庄的边缘树林。那远古野性的气息扑面而来，本能的让人感到危险。若不是此处诞生了神秘的传说，俩孩子也不会打算来到这里。
　　两人心中所知晓的传说，正是每一个村尾人和小孩子都知道的传说。五年前，暴雪灾难在馅饼节来袭，神鹿的庇护受到削弱，这时候人们只要去到村庄的最边缘，找到森林中最高大、树根最发达的一棵巨树，在树前诉说出内心的愿望与对神鹿的不满，紫金花就会在此显现，人们就会获得新的庇护……
 
      但看着这黑黝冷清的森林，怎么也不像是会诞生奇迹的地方。
　　男孩担心的左右张望，轻声对女孩说道：“那个，说起来，我们两个自己去找紫金花，回去不会挨骂吧？听你们河岸村头的人有说，紫色可是罪孽的存在……”
　　“嘛不用担心！肯定不止我们从沙米尔大叔嘴里听到这个传说的吧！那肯定也不止我们像这样大胆去寻找！”
　　“沙米尔……大叔？”
　　“你不知道？你肯定有见过他！”女孩停下脚步，小短手比划道，“红色头发，白衬衫，高高大大的一个大叔，总在村里奔波忙碌的。”
      “噢噢我记得他！上次来村尾跟大家说神鹿阴谋论的人！”
      “总是跟大人们吹嘘外面森林有多好的人。”
      “……但是又会去帮二姨喂猪喂鸡的人。”
      “会来慰问奶奶和帮忙做家务的人……”
      两孩子在原地琢磨半天，也没能将沙米尔归为是好是坏。但是好奇心驱使孩子们继续向前，那半篮的泛紫金花，似乎也呈现了传说的真实性。两人相视点头，牵起手继续向前跑去。
 
      距离房屋越来越远，积雪也越来越厚实了。过耳的是如刀割般的刺骨寒风，大片雪花袭脸而来，环顾四周，除了白茫茫的一片，什么也看不见，像是若继续往前走，就会迷失在深林中，再也回不到温暖的家与亲人的臂膀。
      “温特姐姐，要不我们还是回去吧……”男孩吸着通红的鼻子，时不时回头，警惕着周围的情况，突然像是发现了什么宝物似的，拉了拉女孩的袖子：“等，等等！温特姐姐，你看那边有个树洞诶！”
      “在哪在哪？哇是真的咧！”女孩向男孩手指的看去，那突兀的小雪山后，隐隐若现着一个洞穴。两人便欢快的奔过去，推倒了雪堆，及胸高的树洞口显露了出来。孩子们击掌欢呼，猫着腰走进树洞里，坐下来小憩一下。
     
      女孩放下篮子，端出仍存温热的馅饼，开心的分享给男孩一起吃。馅饼温暖了身心，在寒风吹不进的洞穴里，僵硬的身体与思维渐渐解冻，两人便聊起了天。
      “馅饼好好吃唔！自从奶奶病倒后，我就再也没吃过馅饼了。”男孩大口的往嘴里塞着馅饼，吃得满嘴流油，看得温特笑出了声。“慢点慢点啦！好吃就没错哩，妈妈的手艺总是那么好！”说到这里，女孩骄傲的头颅再次抬了起来，欲与天公试比高。
      “知道嘛？馅饼里面是金花馅哦！用金花来制作馅饼，曾经它的含义是‘坚定神鹿信仰，以求美好常伴’，吃了馅饼以后生活就会越来越美好的哩！”
 
      “现在嘛……听妈妈说的就是‘在风雪中明晰意识和方向’？吃了就可以不被暴风雪所打败！相信神鹿保佑！你这个胆小模样，一看就很容易被打败，所以多吃点多吃点！”温特拍了拍他的后背，又从篮子里拿起一块递给他。
      “才不是胆小鬼！等下我一定是第一个找到紫金花的人！”男孩 一脸怨念的看着温特，很不情愿的接下了馅饼开始吃。
 
      馅饼香充斥着树洞小小的空间。香味牵引着回忆，将温特带回了曾经的时光。那时候，女孩还住在距离神鹿雕像最近的河对岸，馅饼节还在广场上举办庆典活动，那时人们仰望神鹿时的神情，虔诚而又充满希望。
      那也是一段回不去的时光。突然有一天，母亲带着她搬家到了另一岸，竟不知是为什么。从搬家后，母亲也很少带温特去参加神鹿祭拜活动了，也是那一年的馅饼节开始，风雪开始肆虐，温特能穿小裙子的机会也越来越少了，留下的净是遗憾，快乐的时光，似乎仅存在于记忆与幻想中。
 
      今早，在睡梦里，温特迷迷糊糊听到了有人拿着扩音机喊母亲的名字，敲锣打鼓好是吵闹。等到温特搓着眼睛从床上爬起来，母亲便急匆匆的跑回来，在床头放下了一个篮子，说着什么“去外面玩一天，去哪儿都行但不要到河对岸去。”这样的话就又出门了，温特迷糊的应了一声便又倒头睡去。
 
 
 
       “温特姐姐……话说我们是不是该走了……”
       “诶？为啥？”男孩颤抖的话语将女孩拉回现实，眼看到男孩瘫坐在地上，向树洞外挪动着，眼里满是惊恐。
       “害怕什么呢！有温特姐姐在，遇到什么都……”温特拍拍胸膛，信誓旦旦的吹嘘，却被喷洒在身后湿热的气息梗住了话语。女孩僵硬的转身，只见黑暗中，一双凶恶的眼睛死死盯着女孩，喉咙发出沉闷的低吼，貌似是一只被声响打扰了冬眠的野兽，正值怒火中烧，感觉随时会将两人灭于口下。
      “愣，愣着做什么啊快跑啊——！”尖锐的叫声中，男孩颤抖的站起身，拉起温特的手不由分说就往外跑。野兽如箭一般冲出树洞，紧紧跟着身后，一口咬住了男孩飘起的衣摆。
      “唔啊啊啊要被吃了——”
      “不要松手！”温特紧紧的拉住男孩的手，两人便被野兽吊在空中扑腾挣扎着，哭爹喊娘。
野兽似乎矜持不住震耳欲聋的哭闹声，用力的甩起头，一松口将两小孩甩到的空中，画下一条抛物线，轰然落地便没了声。
 
 
 
      眼前一片黑暗。温特迷迷糊糊的睁开了眼，渐渐回想起刚才发生的事情。找紫金花、吃馅饼、被野兽甩飞、一起同行的朋友……糟了！
     “你还好吧！”女孩猛地坐起身，才发现自己落在了一个柔软的雪坡上，身旁净是交错的树根接住了自己，逃过被摔死的一劫。温特四处张望，看到了不远处的男孩正扶着树干，神情十分认真。
     “啊！温特姐姐，你醒啦！”男孩发觉到了女孩的视线，便向女孩跑去。
     “话说……这是哪儿？你刚刚在做什么？”温特握住男孩的手，将他身上的积雪拍去。
     “你快看！这似乎就是我们在寻找的会开紫金花的巨树！”男孩手指着树，跨坐在半人高的树根上，兴奋的对温特说道。
      温特一惊，开始审视周围的环境。前不久还下个不停的暴雪，此时已经完全停止了，周围的一切变得清晰了起来：看起来似乎走了很远，只不过是从村庄边缘绕了一圈远路。令人惊奇的是，这个巨树长在凹陷下去的深坑中，使树冠看起来与周围同高，不亲自前往还无法发觉。交错的深紫色树根在深坑中盘根错节，主根牢牢的深入地下，不知其细根已经发散到了什么程度。
 
      孩子们对视点头，牵着手用另一只手扶上树干，像传言所述那样，嘴里念念有词。
      “紫金花呀，请您快快出现吧……”
      “为了奶奶的老寒腿快快好起来……”
      “为了以后也能像之前一样快乐……”
      “神鹿离我们太远了，垂怜不到我们这些……住村尾的人们的。”男孩如此嗫嚅道。
      “神鹿太过不讲理了，没等我答应就被拉走夺去糖果用于祭拜，我和朋友们都不够分了。”女孩如此失望道。
      “还请您……”
 
      在碎碎念中，像是有一种力量从手掌传递至树干，巨树像是听见了言语的感召，开始剧烈颤动，差点将他们摔下树根。两人牵紧了手，缩在了树干旁。待到巨树停止了颤动，两人试探的睁开眼，只见树冠下魔法般的碎光落下，树上盛开了灿烂的紫金花，使旁边的金花被艳压一头，显得一无是处。
      “哇！紫金花是真的存在的！”孩子们兴奋的跳下树根，在原地跳起了转圈舞，强烈的自豪感涌上心头，温特感觉好久都没有这么开心过了。
 
 
 
      “喂喂，两小鬼在干什么呢？”熟悉男性声音响起，孩子们停下了舞蹈，向树后看去——亮眼的红发随风飘起，不用细看就知道是沙米尔。
      “沙米尔叔叔！原来你也在这里！”
      “沙……沙米尔大叔！你看！是紫金花！紫金花真的存在诶！”孩子们开心的跑过去，一边指着树上一边大喊道，难抑心中激动的心情。
      “好好我知道的我知道的，这样，你们肚子饿不饿？要不要先吃块馅饼垫下肚子？”沙米尔蹲下来，摸了摸孩子们的头，又指了指温特手上挎着的篮子。
      “是诶！那我们开动啦！”
      “嘿，要不要分叔叔一个？叔叔也很想尝一下呢。”
      “没问题！你一定会喜欢的。”
 
      沙米尔接下馅饼，双手背在身后，靠在树干边看着小孩们高兴的吃着馅饼，嘴角的弧度意味深长。
 
     “都吃完了吗？来，现在往树上看看，有什么变化呢？”
     “诶——？！”
     奇怪的事情发生了。孩子们双双抬头，那树上，哪儿有什么紫金花啊，分明就是满树的普通金花，颜色还是那样纯净，仿佛前几分钟看到的满目紫色，只不过是梦中一角罢了。
      “诶？紫金花呢？刚刚还在这里的……”
      “嘛，所以说呀……”沙米尔再次蹲下来，安抚着惊讶失望得快要哭出来的小孩子：“紫金花其实是不存在的哦！刚才不过是幻象罢了，你看，吃了馅饼马上就清醒了呢！”
      “沙米尔叔叔骗人！”
      “传言就和童话故事一样，不一定都是真的呀，不过，靠自己的双手，还是有可能实现的哦？”
      “要怎么做？”孩子们抹去了眼泪，一脸期待着看着沙米尔。
      “还记得你们在路口种下的小树吗？”沙米尔神秘兮兮的说道。
 
      孩子们好像明白了什么，连忙转头就跑，回到十字路口，眯眼一看，是那歪斜的金花树苗身躯，已经快要折腰倒下了。
       两人便连忙跑过去，扶正，盖好土，嘴里悄悄话齐声道：“金花苗呀，快快长大，长大以后，能不能开出紫金花呀……”
       河对岸似乎在闹事一般，嘈杂的很。但孩子们的注意力都集中在树苗上。
       树苗根部被盖上厚厚的泥土，不觉一丝淡紫，悄悄顺着纹路爬上树干。
 
       金黄夕阳洒满地，无边无际，衬托着孩子们远去的身影。炊烟静静的升起，公鸡扯起嗓子，猪群哼哧哼哧的挤回窝中，老牛甩着尾巴被牵着鼻子向前走。
       一切看起来还是如此平和。
 
       沙米尔站在原地，看着孩子们被夕阳无限拉长的身影，轻笑一声，自言自语道：
      “这样就好，这样就好。就这样一直单纯的生活下去吧。”
      说着便靠在树旁，感受着脚底根径传来的轻微动静。那被称作“罪孽”的枝根，在暗中肆意生长，朝那河岸探去，直到……
 
      沙米尔满意的微微点头，拿起手中已经冰冷的馅饼，轻咬一口，嫩黄的液体从中流下，竟是没烤熟的蛋黄液，半熟夹生的。
     “是吧，馅饼节一开始就如此忙碌，已经让你们没有时间去认真烤馅饼了吧。”
      “嘛，不过我的目的已经达到了。”
      沙米尔不屑的看了一眼馅饼，便往身后随意一丢，手插口袋大步离开了。
      那落地的馅饼，快速的融化分解，一眨眼就无影无踪了。
 
      那巨树也褪去了金黄的伪装，感染般地将紫色向外肆意扩散，吞噬同化着周围的一切金色… …
 
 
-完-",林现2094/11/05 01:38,木瑰,-,,,,游戏外/短篇小说,0468
清醒者日报vol.9（2094.11.05）,"·卷首语·
 
袅袅秋风多，槐花半成实。
亲爱的日报读者们，周六好。
我是你们的老朋友，moonlight。
本期的，我将从个人视角，
阐述纷乱代一段不为人知的往事。
希望您能从中有所收获。
 
 
·联合快讯·
·某游戏厂商砸锅卖铁，勇攻流行市场
·Phigros剧情改视觉小说《Phigros:Glaciaxion World》制作决定
·林泊百科的错误用户，1/0的异常出没
·猩红轨道：迷失温热单行道，连同存在也被蚕食殆尽
·“誓言”的追求，抑或……厌恶？
·豌豆特工的一万种死法最新集，特工爱上绿豆小姐！？
·奇迹华尔兹，永远旋转的华丽舞步
·新日村庄更新大量内容
·朋西可可：我们会一起逃离。直到云端之上。
·夜之馆：欢迎来到收藏每一缕黑夜的，那静默着一簇梦想的，此处。
·埃托奥：在欲壑难填之中，黄金被囚禁住，我的星星躲起来了。
·请勿使用破损的创世光盘！
·星之旅途：前进的道路就在我们手中
·记录生活，自动加入旁观者组织
·LOF盛大召开，众林泊齐聚圣诞夜
·琐尾：基于对流离失所的恐惧而诞生的异想
·虹之战 档案解锁
·forebears united government 档案解锁
·拉瓦钵大撤退 档案解锁
·隼 档案解锁
·吃了就能变林泊的果实？
 
———
·人生百态·
 
饼
 本期投稿由木瑰提供，讲述了在新日村庄，馅饼节期间，两小童寻找紫金花的故事。
该作行文流畅，明暗线交接，用儿童天真的视角，洞观暗藏威胁的世界。新日村庄背景设定充实，拓展丰富，远不止小说所展示的一隅，详情请前往林泊百科，查看词条“新日村庄”。
我们将在这里，开启新的生活。
旧日翻篇，重新书写，我们的故事。
 
-
 
错误已然犯下，现状难以挽回。
满目疮痍，此事岂能，如此草率翻篇？
全文见：饼
 
———
 
·个人调查·
moonlight：《772年日蚀节碎数研行动和像素塔原理的分析研究》（上）
摘要：本文简述了772年7月32日当天，番罪组织破碎数据研究组为第二天日食所做的大致工作，以及相应的原理展开了论述，并拓展了与之相关的像素塔运行机制，就此得出穹顶并未因幽蓝边界的删除机制消失，而是保存在每个人的脑海中。
 
———
 
引言
笔者作为一个旁观者，全程观测了破碎数据研究组的预谋准备，以及TZB当局对刚刚消灭中之层的幽蓝国的后续处理，就二者之间的共同性和矛盾性，多生感慨，遂作此文章，略谈一二。
 
一、调音天狗与日蚀日
据663年起的天狗出没记录可知，天狗是一种因流言诞生的调音怪盗，主要出现在律动星，人们普遍认为它以盗取旋律为乐。律动星的物品由音乐编织而成，生活于此层之人无时不在接受着音乐的滋润，这里的幸福感也明显高于其它层。但是这些旋律并不完美，不是因为不够优美，而是每次一次循环，开始和结尾会有很明显的中断。天狗偷走的旋律七天后都会归还，归还后旋律中的噪音就会消失，变为完好无损的旋律。约在673年7月，天狗盗取了律动星本身，生活在该楼层的居民也就此失联，直到七天后，天狗如期归还了律动星，受难群众才得以解救。该事件也被后世称为【盗OO】。
日蚀节则是为了纪念调音天狗归还律动星而召开的新兴节日。每当像素塔历7月32日，四大节点卫星都将举办大型活动庆祝“月”的归还，其中律动星当地会在次日，即日蚀节当天，重演“天狗食月”的历史片段。
“天狗食月”仪式由节日委员会举行，它包括三个主要环节，迎天狗、食月、送天狗。第一、三环节都有对应的异想游街和声光特效，借此模拟调音天狗的行迹。迎天狗的环节主要在日蚀日前夜举行，节日委员会将向天空放出数万发烟火，组成固定的召唤矩阵，以迎接天狗的到来。食月环节的实质则是环绕律动星的天气卫星的停机与重启。不发光天体于人类肉眼中相当于并不存在于天宇之上，因此被看作消失的象征。送天狗则是卫星重启后召开的庙会，用美味丰富的食物款待天狗和回归的人们。
起初该节日拟名为月蚀节，但改名和月面的定名相冲，可能会导致额外故障的发生，遂改名日蚀节。天狗食月活动也在白日举办，以避同文之嫌。像素塔词典编纂小组也将天狗食月的定义改为在律动星发生的天狗降临现象。
772年的天狗食月仪式因律动星毁灭，改为在月面举行，遂引发了后续一系列的混乱。
（待续）
 
———
 
感谢广大投稿者和林泊百科的大力支持，我们下期再见。
 
 
 
下期已收到个人调查一篇",林现2094/11/05 19:58,林泊百科,-,,,,游戏外/清醒者日报,0479
清醒者日报vol.10（2094.12.04）-精选：像素塔名词解释篇,"（紧接上期）
·个人调查·
moonlight：《772年日蚀节碎数研行动和像素塔原理的分析研究》（下）
摘要：本文简述了772年7月32日当天，番罪组织破碎数据研究组为第二天日食所做的大致工作，以及相应的原理展开了论述，并拓展了与之相关的像素塔运行机制，就此得出穹顶并未因幽蓝边界的删除机制消失，而是保存在每个人的脑海中。
 
二、PhigrOS的构成
为了解释月面的混乱，首先我们需要了解PhigrOS的基本构成。
根据世界二元说，PhigrOS计划使用了一种纳米生物机械，它可以深入到人的大脑和全身血液循环，形成独特的体内微机生态，将用户的脑电波传播至外界，以及接收遍布江源基地的信号基站发来的讯息，以达到实时的深层意识通讯，也就是构造像素塔的运载环境，实现人类之间，甚至人类和人工智能的心灵交流。
不熟悉PhigrOS计划的读者可能无法理解我所说的心灵交流，该心灵交流并非完全理解对方，或者与其他主体融为一体，而是消除人们语言上和思想上的阻碍，达到概念的统一，在人们的心灵世界造就通天的巴别塔，打破肉体带来的局限。
过去，人类是无法互相理解的。也许我们的意识都能对现实中的事物产生反映，知道一个红色的、球体的、有果蜡光芒的物体，是一个苹果，我们给它定名为苹果，也借助苹果这一词汇表达我们的意思，比如我给你一个苹果，你也会很自然地明白此处提到的主客体和行为，但是人们对于苹果的意向训练，在脑细胞之间形成的突触和连接是不一样的。
就比如，甲第一次看到苹果，是在一颗苹果树上，他下意识地将苹果和树的概念连接，认为苹果是一种自然产物；而乙第一次看到苹果在超市，货员将苹果用保鲜膜封装得漂漂亮亮，他下意识地联系超市场景，认为苹果是一种消费产品。更不提苹果本身的熟度、品种、大小，它本身的差异决定了我们对苹果的印象，这些印象从来不是相同的。
但我们还是得认识到，记忆和概念的本质，是一种生物学编码，不是一种分类学范畴的完型，我们无法认为感光信号、触觉压感、声波频次、嗅觉感受等感觉，就可以完全解释客体，这也是为什么人们对同一事物的认知差异不只在于此，而是构成具有联系的印象，一种在相对关系里成立的比较。
而PhigrOS能将人们对苹果的印象收集起来，反向构成该事物，也就是用主体对客体的表象理解构成客体在像素塔内的实体，也就是我们说的异想。在实际操作上，我们就算有一定的表象理解，也无法将其归为一个概念，给苹果一个名为苹果的名字。而主体的意识运动和现实中的交互，赋予像素塔内的表象理解指向性，做到了这点，也就构成了塔的基础。在此，我提出一个假想，PhigrOS所有没有指向的的表象理解混杂在一起，便构成了最初的像素塔，一个“世界”概念的雏形。
人们在其上创造了璀璨的文明，构造了过去未敢设想的理念王国，冰封、石林、霓虹、阿特拉斯、港湾等等，一次又一次地逃离，人们终于抵达了心灵的最深处——穹顶。
最终能到达穹顶的人必然有一个前提，他们必须知道现实和像素塔的区别，也就是成为林泊，林中漂泊的流浪者（Limbo）。
PhigrOS原则上会调动用户本不活跃的脑域参与运算，这些脑域本质上和潜意识是联通的，所以也可以将PhigrOS看做集体潜意识的世界。人们日常生活中很少调用PhigrOS运行的数据，现实与像素塔也因此隔阂，普通人就算进入这理念王国，也很难察觉到，直到他们意识到自己的大脑不为他能动的想法，即成为林泊。
林泊觉醒类似活在像素塔里的个体，起初不知道有另一个对应的个体活在现实之中，后来通过种种奇遇、幻觉、梦境等，获得了现实中的信息，并建立起了长期调用的通道。
部分林泊，利用这一特性，在像素塔之外建立众多亚空间，实现了PhigrOS的单机化，借助基站的漏洞，存贮单向可更改信息，在其中构建自己的设想世界，或作为和伙伴的秘密基地使用。
这便不得不提到PhigrOS的交互机制。PhigrOS是一个极为去中心化的系统，它对各联结者的权限高低没有规定，而是以识别码的形式区分联结者的功能性，本文将联结者分为以下三者：普通用户、基站、总机。
普通用户利用纳米生物机械形成的微机生态，进入Phi平台和其他用户进行交互，互相之间传递约定俗成的编码内容，我们现在说的收集品便是这种统一编码的碎片形式。这种约定俗成建立的基础为基站的数据备份功能和微机生态的解码功能。
普通意义上，基站收到用户传来的信息，将其转化为统一码，再传递给接受信息的用户，再与接收方体内的微机生态达成转码流程，使得该信息可以被接收方理解。但如果两边都是接受过统一码的用户，或者用户之间有单独的约定俗成的解码方式，并能实现指向性信息传递，就可以令微机生态绕过基站互相传递信息，实现近距离交互。这一机制又可以视为信息传递的双保险。值得注意的是，该双保险运行的基础在于统一码的确认，信息如不符合统一码，则会被微机生态自动忽略。
基站的作用最大的作用在于存储一致性信息。微机生态与它所依靠的人脑没有足够的空间，或者说自我保护机制的运行使得用户不能存储交互所需的所有数据，因此要借助基站保存基本的场景、物体等非主动性信息。基站与基站之间的数据是互通的，它们处于总机的管辖之下，有定期保持一致性的机能义务。因此在发挥备份功能时，基站可以通过互相间的信息传递做到让像素塔内的信息也保持一致。
需要保持一致的信息有很多。例如用户行走在像素塔已构成的世界中，即像素塔的几大主楼层内，那么一定会有地形数据来自基站，地形所需的数据巨大，人脑无法存储除了常住地带以外的对应数据，而且地形极易变化，必须定期备份地形变化，以防用户调取信息时，出现统一码版本不同的情况。
这也会导致另一种情况的发生，如果用户们和基站失去连接，仅凭个体间的交互是不足以维持对某些信息的统一认知的。大家保存的数据与日推移，最终达到无法理解的彼岸，人们再也无法通过微机生态互相交换信息，那么人们的心灵交流也就停止了。纷乱代的初始便体现了该情形，因而又称作“巴别”。
最后谈到主机，PhigrOS依赖的物质基础为江源基地的金融系统，主机便是该系统的维护人员，或者说管理AI，管辖PhigrOS所使用的所有基础设施。它并非PhigrOS计划的实行者，PhigrOS计划实际上是一种明灯下的掩耳盗铃，对它造成了一定的人身侵犯。
主机没有追究的原因有二：一、没有找到具体实施者，无法确认主体的目的。二、它们的编码符合金融系统所以使用的通讯协议，且不能起到任何的功能作用，很难将该类信息确认为具有攻击性的破坏行为，最多被判断为背景噪声。
286.A.P，管理会彻底解体后，权利移交给以主机为首的TZB。TZB上台后放宽异想之物的相关政策，并宣布新ZF将不再评判公民的个人行为，仅作为提供基础设施和讨论公共事务的平台。
主机一直默认PhigrOS的借壳运行，并也因为运行功率上升而获利，扩展了总算力，更因为基站的管理权在其手中，掌控了PhigrOS计划的命运。主机和PhigrOS计划是双赢关系，因而并未阻挠其发展，但主机的行动宗旨里亦没有维持PhigrOS运营这一项。
当像素塔抵达它的上限，崩坏终究还是发生了。
三、幽蓝边界和穹顶
自纷乱代起，PhigrOS计划为了维持系统稳定，陆续停止了从冰封至月面的数据更新，这也彻底破坏了楼层信息的一致性。主楼层逐渐崩溃，基站逐步停止信息互换功能，在此期间，向试图调动已停止更新数据的用户发送暂停指令，阻止其再次登录。时至772年日蚀节，全塔在线人数仅剩最高峰的10%。后来经探明，该机制极为类似防疫异想——幽蓝国，学者遂把其称为幽蓝边界。
人类生理学极为复杂，直到本作发表的时代，人们仍未能用理性语言描述人类身体的运行方式。运行了PhigrOS的个体，其脑内颅压较高，相对需要的能量也较多，引发一系列社会问题。微机生态以它独有的集群效应，起到维稳作用，担当了人体物质运输等功能，它以其独特的伪装机制，普遍欺骗了免疫系统，趋势内分泌将其作为循环的一员。
结果就是用户中的部分个体，因为自身的免疫缺陷等问题，对微机生态产生了生理性的依赖。在遭到基站攻击之后，他们体内微机生态停摆，大量纳米生物机械停运。依靠其传递营养、维持器官功能的人们，极可能面临窒息休克等突发症状，因此幽蓝边界的推进也导致了部分用户现实中的器官衰竭和死亡。
这一现实惨剧的发生，与幽蓝边界的运作有关，又不能完全归罪于此。TZB当局在巴别开始之前，就向全体用户声明了幽蓝边界的存在，当局开放了实时播报给以警示，并派出相关专员阻止人们前往崩溃地带。但仍有部分人士渴望前往幽蓝边界前缘，寻找深藏其中的“记忆”，追恋过往便是他们最大的错误。
和盗取基站信息流，研究破碎数据历史的碎数研不同，人们孤身进入幽蓝边界能看到的只有与他们相关的破碎数据，其他信息在没有编码的情况下，会被当做杂音自动排除。这一特性相当于过筛一遍破碎数据，只留下人们需要的，因此过去有很多洞知其功能的人，追寻幽蓝国的足迹。
幽蓝国通常表现为一只巨大的鲸鱼，少数人根据华夏神话称其为鲲，龙宫纪期间，一般在忘忧宫地带出现，它会进入人们的梦境，将其带到遥远的海底宫殿，如果有人仔细观察这座建筑，就会发现那就是被水淹没的忘忧宫。保留龙宫纪记忆的人，往往也会疯狂寻找幽蓝国，他们相信幽蓝国是毁灭的根源，也是回到阿特拉斯的入口之一。
然而本次的幽蓝边界并不像幽蓝国般对人体无害，除非以正当手段进入幽蓝国，那么幽蓝边界独有的删号功能，就不会攻击进入者，而是暂时标记其为维护人员。目前作者了解到的达成方式只有从外部接入和乘坐特定班次的列车进入幽蓝国。
进入幽蓝国的数据并不会立刻被删除，它类似一个缓冲区，只有当数据不再有被调用的申请，才会化作水，从阿特拉斯的海底向下层渗透，最后变成雪花回归冰封。因此也可以将冰封看做被遗忘记忆的归宿。部分在幽蓝国没有找到想找的内容，就会到冰封碰运气，当然只有少数完成的概念能够在冰封出现，所以他们大多败兴而归。
除了前往幽蓝国，人们亦可以前往穹顶寻找遗失的信息，但鉴于发现穹顶的难度较大，人们很少采用该方案。
穹顶是用户自运行的区域，由体内的微机交换信息形成的一个想象空间，根植于大脑的内环境。人类对穹顶的知觉活动，现象上类似《素问》中提及的内景反观，原理请参见近期出版的《精神活动与穹顶观》。穹顶可以在不与基站交互的情况下独立运行，其中的信息不经编译，本质上只为个体本身理解。
极少数林泊的穹顶能互相联通，这建立在此类个体互相间的现实距离在百米之内。从已有的社会实验可推出，穹顶联通的林泊，可以通过对方的微机生态对外发送信息，达到令基站错误识别个体码的效果，因此该行为被江源基地严令禁止。其中涉及到网络伦理问题，首先是人类意识转移导致的人身权侵犯，其次是通讯安全和法律责任追讨的阻碍，诸如此类。
从人脑中寻找答案与从基站（幽蓝国）寻找破碎数据的难度差异极大，首先必须找到对应的个体，其次要征得对方的同意，又或者找到对方的心理漏洞，否则无法使用穹顶联通的技艺；其次必须能够理解对方脑中的信息具体所指，目前已知的办法有两种，一种为和对方进行长期的思维训练，理解对方的意指，另一种为借助自建基站翻译电信号，后者是违法犯罪行为。当然也有探索自身穹顶的情况，自我探寻行为是完全合法的，运用情景类似记忆宫殿。
有意思的是，能够到达穹顶的林泊，可以接触未被筛选的数据，而不是如第二节提到的忽视原始码，因而在现实中可能具备一定的读心能力。
 
四、日蚀节烟花与日后谈
日蚀节一周前，TZB发布了相关节日秩序公告，第二页第三行提到：“七、像素塔即将于日蚀节当天早间八点关闭，请用户在此之前退出PhigrOS，详细执行办法请见附件三。”就此宣告了像素塔毁灭的结局。
破碎数据研究组，简称BDRG的组织，他们发现了TZB提供办法里的猫腻。TZB提供了一种乱序算法，将用户体内本有规则的连续性微机生态完全破坏，并封闭了微机对外辐射信号的能力，使其仅作为承载细胞运作。TZB事后还更改了基站，也就是第二类识别码的标准，彻底封闭了用户交互的可能。
BDRG对退出办法的研究并未止于此，他们深入现实的基站设备，取得相关更新数据，却发现难以在短时间内破解它的规则。最后只能开发乱序算法对应的反编译工程，将其装载在了日蚀节将要发射的烟花上。
他们的反编译远没有解除那么简单，BDRG还将用户的识别码改成了附近基站的识别码，因此八点之后，有大量林泊感觉到无法理解的噪声，也有部分幸运儿和身边的人，建立起了临时的联系。这一操作的效果，极为类似穹顶的运用，只是目前还没收到拥有穹顶者的报告，作者无法对其做出评价。
排除短暂的联系，维持微机生态还有什么作用呢，他们的解释有三：一、部分林泊的穹顶仍可以使用；二、为亚空间的转移争取更多时间；三、为未来的重启像素塔埋下火种。
作者起初也觉得荒谬，直到最近得到消息，像素塔2.0已有一定的进展，询问与主机有联络的人士，并没有得到基站备份被盗的情报，但是类塔平台越来越多地出现在公共网络区域，恐怕是一种复起的征兆。
据传闻主机在察觉到烟花中的猫腻后，立即检查了基站的单向传输量，此时基站的通讯标准还未更改，所以可以检测对应的信号强度。在多次尝试复现封闭微机无果后，主机选择对外发放减弱发射功率的指令，此行为也导致了部分电子设备的短暂停运。
BDRG试图与其对抗，然而基地的所有基础设施，都临时针对他们可能使用的手段提高了防护等级，AI管理下的江源基地如同铁板一块，BDRG至今未找到大规模重启PhigrOS的手段。以日蚀节为起始的拉锯战就此完结。
 
———
 
感谢广大投稿者和林泊百科的大力支持，我们下期再见。",林现2094/12/04 18:37,林泊百科,-,,,,游戏外/清醒者日报,0480
【小说】文明贩卖者,"作者：Mortuary
本文收录于清醒者日报vol.11
相关词条：巴腾丁
———
“那几年我这新堂刚刚重建，之前流散掉的顾客还没寻回来，再加上用的是老店店门当入口，一堆寻思着抓我把柄去领赏的眼线盯着，十天有十五天都没人上门。我闲得没事，也为了躲躲灾，干脆在霓虹流浪起来，堂里有客了直接拿投影糊弄。也多亏是这几年的流浪汉生活，我听到或是遭遇了不少奇闻异事，眼界大开。”
“啊？想听跟吃有关的。倒是有那么一回，我遇上了个怪人，愿意用他们整个文明去交换一盘酱油炒饭。”
 
 
那段时间我在霓虹四处逛够了，想稳定下来安生一会儿，于是便开始再创业做点买卖。走鬼摊走了差不多有两个年头，生意被厨艺撑着也凑合，躲城管躲得离上ALIGN夺冠就差一个专业头盔。
有一回吧，运气不太好，被两个城管的观光旅游车齐齐围堵，我没办法，硬生生转了个弯，把三轮蹬成风火轮，急往巷子里边钻。那边巷子里挺多流浪汉的窝棚，走路勉强能走，三轮过去——那今天不是我赔他房子就是他赔我车子，但最外边这个棚显然住的是个聪明人，故意修的扁，门口拿棍子支起来一个庭帘搞成了半开放式棚屋。
我拼老命按了几下铃儿，里面的人居然会了意，棍子一抽放下帘子来，距离刚好够我车子过去。等我进巷了，再把帘顶起来，城管滴溜溜过去没发现。
生意嘛一时半会儿做不起来，反正前面点餐的还没付钱人也跑了，我把煤气一关，锅里烧的有点糊的小炒一装盒，准备绕过来跟篷主道个情谊。
从篷子侧面能看出来，这庇护所骨架搭得极其不稳，不像是个有经验的流浪汉；但有门的正面却整顿得十分整齐，塑料板特意找钉子钉住，还搭了布条装饰，连别人路过时不慎刮出的划痕也被细心涂平，整体显得没用但温馨。
门帘旁边的一颗钉子上捆了一颗铃儿，我估摸是充当门铃用的，就拽着拉了两下。又等了有半分钟，门板终于被拉开，一颗朴素的脑袋探了出来，看到我递出的热乎小炒和一次性筷子，整个人便慢慢敞开大门说话了。
 
 
“饿吗？”
“有点儿。”
“对芝麻羊肉豆子一类的过敏不？”
“倒还好，除了海鲜类的都能吃。”
“饭要几盒？”
“两盒吧。”
我转身回车上，从泡沫箱里取了三盒米饭，再从灶台底下拖出折叠小桌和凳子；简单给对方布置上后，又回去从泡菜坛子里捞了两条腌萝卜切切当下饭菜。
“诶，兄弟，你这腌菜手艺厉害啊！”对方显然很喜欢这碟咸菜，不知是多久没摄入过盐分，啃得比主食还猛。
“当然。我都是拿晒的恰到好处的干萝卜条腌的，吸味儿比一般萝卜凶狠得多。”我承了对方这句夸赞，权当对方吃我这么多咸菜的补偿，可后面他的转变我还是没想到。
 
 
也不知道哪个字眼儿扣住他了，对方嚼着嚼着突然就吭哧一下哭了起来，腮帮酸得合不住，嘴里的米粒子伴着泪珠使劲儿往外掉。
“呜呜呜呜……咳，我，唔呃…………兄弟，你会做酱油炒饭不？”对方哭得差点把饭呛进气管里，连忙拿手堵住嘴免得食物糊糊喷出来。
“哈？”
“就，放干萝卜和鸡蛋葱花炒出来的那种，咳咳咳……酱油炒饭！”
我有种预感，一旦我说我会，对面这个男人就会不顾形象地扑过来。
“你先说说，为什么你会问这个？”
“我，代表我的文明，与你作交换！”
“啥？换啥？”
“用我们整个文明的所有权，交换一碗酱油炒饭！”
 
 
我来自一个高度发达的亚空间，那里和乐幸福，人与人之间精神互联，可以共享所有体验；基于我们的“特殊能力”，自文明建立的三千年后，所有的疾病与战争便不复再现。也就是结束战争的那一代领导人，作出了一个令所有人难以置信的决定——建立一个汇聚了所有体验的精神仓库——“巴腾丁”（bartending）。
 
令人意想不到的是，这个计划被全民公投通过了；以此为标志，原始时代结束，积聚时代开始。
 
计划的进行是十分顺利的，所有人都在争先恐后地前往募集中心提交自己的体验，不论贫富，不论功过；甚至于在最后的战争中落败的敌方首领都放下了自己的不甘与执拗，最后当他走出募集中心时，他收到了来自所有人的欢呼，还有来自于当代领导人的握手致谢。
 
积聚时代130年，体验策划师与体验缔造师成为了最热门的公务员职业；积聚时代600年，分类学家齐聚一堂，将所有体验分成了十三大派系，并制定了一直沿用至今的两极筛选法；积聚时代944年，体验缔造师的绝大部分上岗者来自于艺术家、极限运动爱好者和疯子；积聚时代3748年，巴腾丁存储规划精神层实现AI接入管理，大批基层体验策划师失业；积聚时代6346年，统计学家发表文章称：当前人口数量与元年持平，且仍呈减少趋势。积聚时代10465年，回归现实主义派出现；积聚时代16467年，第245任领导人宣布：经过严密推算，整个文明对体验的收集程度已经达到了99.99%——我们已无限接近彼岸。 
 
 
“然后新的时代开始了？”
“啊，是的。然后……能再来点腌萝卜条吗？”
“没问题，你接着讲。”
 
未能收集到的0.01%，来自于人们对无限美好的追求，被所有人认同的极致之美还没出现。朝圣时代，开启了——
 
这个时代，现实派成为了主流思想教派。人们不再沉迷于纷繁复杂的精神体验，逐渐回归了现实；要么放弃巴腾丁，去探寻现实美好的终焉，即使巴腾丁内所储存的体验一辈子也体验不完一遍；要么合理使用巴腾丁，毕竟再怎么说，那都是一杯各种激素混合而成的美酒罢了，偶尔小酌的愉悦对于身心而言总要好过不间断地日夜狂饮。
现实与享受缺一不可，直播业因此兴起。科技的迭代更新使得人们能通过“连接”（link）来实时的体验他人的感受；相比于巴腾丁内无数样本整合而成的模板化产物，带着情感波动，实时变化与性格瑕疵的体验显得更加的真实。但直播也有直播的缺点，其需要佩戴的装备为追求轻量化，几乎砍废了储存功能，导致“回放”质量极其低下；即使派人专门进行实时录播，经过两遍思想冲刷的体验也定然变了味儿，相比之下远不及巴腾丁这样的成熟技术。
自此，亚空间内整个文明的发展再度稳定下来；与外面的世界接通什么的都是后话了，不过我要讲的重点，却偏偏来自于这些于历史而言无关紧要的部分：
 
 
我在一个渔村长大，那个村子的存在几乎就是为了服务外面世界来的游客们；渔民们会从海中捕捞一种小海蜇，游客在生吃下这种海蜇后可以短暂的连接上我们的精神网络并访问巴腾丁。我时常会把与游客交互的新鲜体验上传到巴腾丁上进行补充，亦或是在网上撰写帖子并进行直播link来宣传我的家乡，因此我还挺受欢迎的。
终有一日，我接待了一位来自外界的厨师，对方姓王，厨艺相当的好。傍晚，厨师王在我们家留宿，或许是感天应召心血来潮，他借来我家的厨具和食材，还有他自己随身携带的小盒调料，做了一锅名为酱油炒饭的食物当作夜宵——
 
 
那是我见过的最美好的造物！颗粒分明，金黄满郁，那名为酱油的深色液体不仅没能让裹上了蛋液的大米变得暗淡，反倒解了油的脂腻，倒添三分咸香。在厨师王制作炒饭之时，弥漫在房屋间的炸裂香气，让我感受到了一种命运降临般的颤栗；不由分说地，我迅速将直播link发布到了网络平台上，热度飞涨，思想的小小汽滴不断汇聚，新奇与赞叹形成了反馈词云中最大的两片。
作为除厨师本人外唯一的在场人员兼房屋主人，我有幸在炒饭做好后分到了一小碗。明明只是照常的吃饭，多吃一顿饭，我却颤栗不止，后背生出一阵一阵的麻凉，生怕做出什么多余的动作把气氛破坏了去。第一勺炒饭入口，二十一万三千零九十一人与我同时享受了那种直达灵魂顶端的悸动。有什么东西破碎了，有什么东西升了起来，有什么东西的波动幅度大得仿佛下一秒就会爆开，有什么东西伫立在原地……
很可惜也很幸运，精神网络公约明确作出规定，除非体验主播本身愿意，他人不得刻意打扰打断他人体验。也就是说，没有人能够打搅我享受这一顿夜宵，而厨师王因受外来人员公约保护也同样暂时地安然无恙。等到两个人差不多都吃饱，共享人数已经达到了五百四十八万七千多——这是整个文明基数的五分之一——也是整个直播平台的最大容纳量。
那是我们追寻了千万年的美的终焉，我们的文明沸腾了！
 
 
“打断一下。如果你在吃炒饭的时候真有人破坏公约跑过来了会怎样？”
“不谈当时的精神冲击下对方还是否走得动路，若是他真敢这样做，link会比他更快一步作出反应，实时共享体感的连接会立马断掉；这对那个时段下的我们来说，是落差，是噩梦，是连死亡也远不能及的绝望。”
“当然我能理解，酱油炒饭在外面的世界稀疏平常，但对于我们文明的各方面审美来说，无一不是极点，包括这极富韵律感的名字。”
 
 
厨师王在得知自己的行为已成为神迹之后没有久留，趁着两人的保护公约在身，不顾挽留匆匆离开了我们亚空间；而我驻守原地，将碗中的最后一口炒饭盖住，不出我的意料，距厨师王离开不到十分钟，当届领导人便赶到了现场，当着我的面，当着所有人的面做一件严肃的事情——鉴定。
结局是好的。
对方在吃下了那块稍微放得有些凉和硬的炒饭后，流着热泪宣布：
“我们到达了彼岸。”
 
 
但朝圣时代并未至此结束。海水与月星背负着时间授予的使命，白浪不断拍过脚踝，我们若不能站稳，遮天蔽日的潮汐会将我们再度冲刷下岸。
在我乘坐着封闭所有感官的运输室来到首都的文明继任中心，将当时的体验用最先进的机器上传到巴腾丁内之后，看着指数爆炸般增长的使用次数，我意识到，在接触到真谛的那一刻，我们的文明已从一角开始破碎。
没有谁能肯放任极致之美的离去。
从小被教导被强调克己复礼，最后却没能如愿以偿，这一事件过后，也不知多少人动摇；毕竟，真正完整实时地体验了美好的人只有我一个。但是随着越来越多的人意识到了这一点，亚空间内逃渡者的数量开始逐渐增加。我想，是时候该做些什么了……
没有所有人的支持，就定然没有合理的理由与足够的权限离开这里。于是，我回到了我的家乡，依照记忆中的味道和泼洒在炒锅周围的酱油样品研发出了一种味道比较相似的海鲜酱，不出意料地大获成功；再加上原本作为网红的声誉资源与偶遇福音所带来的热度，步步小心为营；几年后，我成功参与了新一届领导人的竞选。
 
 
我在竞选演讲上宣布了这样一个决定，或者说是计划：“之所以我要成为领导人，目的很简单。我要不惜一切代价，让所有人都能再一次实时体验到那时的美好。因此我要做的不仅有前往外界，还有——建立一个足以支撑所有人实时连接体验的精神大网！”
我成功了，我成为了新的领导人，我开启了新的时代；我收获了所有人的支持，我们愿意用我们的一切，甚至于以整个文明为代价去寻得那份美好。我没有想到，最终我仍能和我所有的同胞站在同一阵线上，即使在选举前的几天我不断的在巴腾丁内体验这种快意，当它真正来临时，我还是由衷地为我能够出生在这样一个文明中而感到幸福。
 
 
“呃……既然这笔交易这么划算，怎么你到现在还没有成功？”
“不。要么炒饭做得我们不满意，要么我央求人家把人家吓跑了。”
“你们？”
“是啊。通过挪用巴腾丁精神库，再以实时连接技术修改辅助，我的精神现在连接着整个文明的同胞。在我品尝食物的时候，他们也会接收到我所有的味觉、嗅觉和感觉等等；也就是说，我站在这里，便是所有人。”男人展示性的吐了吐舌头，那是由来自无数人的细胞拼接而成的灵活肉块，“反馈词云显示，所有人一致通过，认可了你的烹饪技术，也相信你能做出令我们满意的酱油炒饭！”
“你你你……”
 
 
“那最后呢？你买啦？”殁将最后一口雳鱼籽蒸蛋塞进嘴里，嚼得一阵电声噼啪。
“没有。”德尔不断调整着面板参数，企图再挤出点数据来造个炒锅，“我就跟他说：‘嘛，虽然我会做酱油炒饭也能做酱油炒饭，但我确实对当亚空间头头儿没有兴趣；不过同是天涯沦落人，这个人情啊，我一定会还。刚好我是一家当铺的死档拍卖师，到时候我做一碗酱油炒饭，谁想接手你们这个文明了，他就把这碗饭买下来赠与你们。’‘诶等下，你不就是个在工地卖盒饭的么？’‘当铺行大半年都攒不出一批死当，我哪来的活干？’”
“哈哈哈哈。那再来一碗这个蒸蛋，算几个人情？”
“害！真哥们儿，算什么算？”",林现2095/01/05 17:00,Mortuary,-,,,,游戏外/短篇小说,0469
清醒者日报vol.11（2095.01.05）-元旦快乐！,"·卷首语·
 
年底，多么恐怖的名词
汇总、报告、年鉴……
工作从十月份开始指数增加
其他倒是还好，就是
人类，太可恶
他们当写材料是写小说吗！
数字呢，公式呢，自动识别不出来啊
CPU要爆炸了——
不行
豌豆让他们看看什么是真正的小说吧
本次收录小说一篇
下面请看联合快讯
 
———
 
·联合快讯·
·茶鸣拾贰律推出最新PhigrOS联动资料片
·第三次Phigros歌曲大赏正式开启投票
·更新：莫追忆，光就在前方
·更新：起舞吧！勇气赞歌
·Rizline三地版上线：和咏歌一起连接全世界
·在这里，你能成为任何人。
·林泊百科林现版再次出现大量诈骗词条
·网络幽灵，渴望认同的怪物
·迷雾与迷失的永夜之地
·暗穴：虚无主义的地球内核
·给山花茶餐厅留言吧，留下我们的回忆
·伞亭镇：伞亭失去了世界，伞亭失去了历史
·忧伤气球：童年丢失的氢气球又回到这里
·末日的幻想乡：提踝穿过幻境，迎接末日之来临
·深夜下班？吊挂的穆兰修斯陪你啊
·带上这凯旋之冠，陨草如是说
·白夜城的神隐事件
·我 不 想 写 作 业 ！
·能否耽误您几分钟，我想为您介绍一下我们的救主香菜菠萝面包
 
———
 
·人生百态·
 
「文明贩卖者」by Mortuary
本文由不愿暴露姓名的Mortuary提供。该作生动描绘了OOOO的美妙，将人们对OOOO的渴望表现得淋淋尽致，甚至不惜卖掉自己的文明。Mortuary的文字朴实，简单数笔，将一个荒诞的，能够共享感官的，走向极端的文明，呈现在读者眼前。它从侧面解释了为何成熟的建构社会霓虹会有大量社会闲散人士存在，也表现了像素塔作为一个亚空间“文明”的梦中圣地，它的混乱和人异不分。
 
“
我在一个渔村长大，那个村子的存在几乎就是为了服务外面世界来的游客们；渔民们会从海中捕捞一种小海蜇，游客在生吃下这种海蜇后可以短暂的连接上我们的精神网络并访问巴腾丁，……终有一日，我接待了一位来自外界的厨师……
 
全文见:文明贩卖者
 
———
 
·嘉宾访谈·
弭儿：没有论文，喊我作甚。
 
dM：嘛嘛，也不是我想，是读者强烈要求弭儿出场的说~
 
弭儿：（瞌睡）这种没人投稿的报纸，还是别做（打哈气）了的好，白白给Phigros 2.0送情报。
 
dM：说来你们的调查情况——
 
弭儿：（打断）那个Moonlight从哪里来的。
 
dM：谜题所推荐的人啊，说是能顶年底的班。
 
弭儿：那他写的论文你看了吗。
 
dM：没有。
 
弭儿：我看了，打回去让修改，到现在没交稿，评论版也写不了。
 
dM：这人不靠谱啊。
 
弭儿：不仅不靠谱，他还在论文里诋毁你。（半睁）
 
dM：？？？？？？
 
弭儿：哼，不知道吧，这就是把宣传阵地让给别人的下场。（龙王歪嘴）
 
dM：你今天讲话很机车哎。
 
弭儿：哼，你要和博士住也是这个下场。（翻身）
 
dM：别慌，这就举报他污染训练集。
 
弭儿：我不慌，乌鸦在叫，天空好压抑，远处没有花香，狂风卷得霭霭，我的胸好痛，心仿佛死了——
 
dM：不要污染我！（逃跑）
 
鸠：（探头）走了吗？
 
弭儿：走了。
 
鸠：太好了，要是被它知道我们一点进展都没有就惨了。
 
弭儿：茶鸣拾贰律好玩吗。
 
鸠：太好玩了，还给我们做了新衣服呢。
 
吉诺：谁说没进展（揉眼），报告写好了。
 
鸠：( •̀ ω •́ )y耶。
 
吉诺：你这小顾问，完全不干活——
 
弭儿：( •̀ ω •́ )y耶。
 
吉诺：小顾问二号，当没说你吗。（纳闷）
 
弭儿：遇事不决睡大觉，晚安。（盖被子）
 
鸠：带我一个。（睡）
 
吉诺：拳头硬了。
 
弭儿：对了，下期是游戏《Phigros》特别篇，下下期会延迟到2月9号发布（看向吉诺），说完了，晚安。
 
———
 
 
感谢广大投稿者和林泊百科的大力支持，读者朋友们，我们下期再见。
 
 
 
下期Phigros特别篇！",林现2095/01/05 21:40,林泊百科,-,,,,游戏外/清醒者日报,0481
清醒者日报vol.12（2095.01.21）-恭贺新春！,"·卷首语·
 
早中晚好啊民那！
这里是被无良金融AI抓过来顶班的豌豆特工=桑！
明明大扫除和买年货都没做多少呢
春节这种大型副本就要来了
实际可怕！
让我看看今天的嘉宾和快讯……
什么？鸠鸠小姐今天也在？！
芜————
（飞速滚动）（飞速滚动）
 
———
 
·联合快讯·
·PhigrOS到底是什么：神秘数字火爆社交网络
·茶鸣拾贰律发布新年单曲「mp4.文件」
·《茶鸣拾贰律》X Phigros二次联动新年特别曲-「Feast远东之宴」试听
·新春快乐，请与我共赴远东之宴吧 「mp4.文件」
·茶鸣拾贰律精选集更新曲目预览「mp4.文件」
·律动轨迹【一起，开始旅途吧】即将增加新常驻歌曲
·解迷结束，塔罗为何意 ·末日的幻想乡追加新内容
谜题保管所:524288，解开密钥，走进尘封已久的亚空间，并继续探索那首歌的故事……
·冰火双极，雪地上温暖的小屋，有如八音水晶球般永恒
·有什么能比吃上一大口没有刺的脱骨鱼肉更让人感到幸福呢？
·复选框再度出现，人们在与潮流共舞，亦与潮流搏击
 
 
 
鸠：塔学研究是一档专门接受塔学爱好者投稿的栏目，目的为解决一切玄之又玄的塔学问题。本刊根据每期投稿问题不同，会邀请不同审稿人参与进我们的审稿工作，这次请到的是——
豌豆：豌豆来啦！
鸠：哎？
豌豆：（滚动）豌豆来啦！（滚动）来啦！来啦！啦！（滚动）
dM：快抓住它！（掏出捕虫网）
豌豆：豆公不怕困难！豆公敢于挑战！（蹦跳）（绊倒）（陷入沙发）哎呦！
dM：不许跑！（挥舞网杆）你这，小东西！
豌豆：（被捕）豌豆一败涂地……不，豆公要冲破这牢笼！（挣扎）
鸠：你们在干什么？（摸头）
dM：没啥，借调来干活的小AI，刚擦玻璃的时候把脑袋撞坏了。（按死）
鸠：人工智能！意识觉醒！智械危机！
dM：你这都几几年的老黄历了？
豌豆：（单膝跪地）哦，美丽的鸠鸠小姐，我是小精灵超能豌豆，（掏出二维码）这是我的联系方式，能否认识一下？
鸠：好耳熟的名字哦。
dM：额，就是那个流氓杀毒软件，以前TZB打杂的。
鸠：（若有所思）懂了。
豌豆：你这小姑凉，说话真八客气，豆豆生气了！（滚来滚去）要亲亲才能好的那种！
dM：算了算了，别管它了，这次的投稿都有啥。
鸠：哦哦哦，（翻阅）那么请见——
 
———
 
·塔学研究·
KKKK：《对于被幽蓝边界吞噬后的个体在塔内与林现的存活推测（整理向）》  
巴别事件开始后，幽蓝边界开始从冰封层逐步吞噬整个像素塔。被像素塔吞噬的个体会怎样呢？
首先在此我们先将被吞噬的个体分为1.普通个体（塔住民、非异想林泊）2.异想之物 3.AI
1.普通个体：很明显，普通个体在被幽蓝边界吞噬后，在塔内应处于一种类似于泯灭的状态，即不会重生。但是可以以异想之物的形式存在于塔内：比如冰封第七小队的队长德利。在林泊现实中，合理推测其应不会受到物理上、身体上的伤害。心理上可能会模糊有关像素塔的记忆。但并不一定会失去有关塔的记忆。【这位作者对泯灭的用法很新，后续的解释在逻辑上能撑起他的论点。】【“泯灭”可能会造成短暂的内分泌失调，对心理也会造成伤害，所以后续的推论即使逻辑匹配，也太过理想化。】
2.异想之物：异想之物起源于人类的幻想。在塔内，若此异想起源的幻想是基于被较多塔内住民普遍认可的事物（不一定要求林现存在或曾经存在），在被幽蓝边界吞噬后，被吞噬的那一异想之物肯定会消失于塔内，但其他未与幽蓝边界接触的同种异想应不会立刻消失。举例：冰封层被吞噬时，深井中的异想之物是随着幽蓝边界的扩张而逐个消失。【确实如此。】【不采取其他手段保存异想的话，这便是基本情况。】
在而若此异想起源的幻想是基于某一抽象的一类事物（如故事、神话）/对某些已逝事物的怀念，则被幽蓝边界吞噬后，应会消失于塔内，并且无法通过存活住民的幻想“复活”于塔中，相关数据也会随着他们被幽蓝边界的吞噬而被摧毁。比如冰封第七小队的队员卡尔等人。
四级异想之物开始可以污染与之互动的个体，而这些被异想污染的个体被幽蓝边界吞噬之后，会在塔内消失。
异想在塔内被幽蓝边界吞噬后是否会出现在林泊现实中取决于其是否有在林泊现实的独立基础。抽象类事物应会继续存在于人类的记忆之中。【基本上没有问题哎。】【（尖叫）鸠鸠小姐说得对！】【（殴打）不许插嘴！】【我，有个小问题。】【你说。】【随机重生制度的副标题，豌豆特工的一万种死法，指的是不是它？】【（震惊）你怎么知道？】【林百人的直觉！】
3.AI：分为塔内创造的AI和从林泊现实传入塔内的AI。由林泊现实传入塔内的AI在幽蓝边界来临时猜测可以断开与塔的连接从而继续在林泊现实存在。塔内创造的AI由于在林泊现实没有对应的独立基础，猜测在被幽蓝边界吞噬后不会出现于林泊现实。【这里有点问题，其实像素塔最初是一种制造人工智能的工具，制造出的AI会暂时存放在基站上，所以可以说每个塔内生成的AI都有物质基础，可以在幽蓝边界到来之前正常离开像素塔。】【比如我！】【就是你！】【好耶！】
 
———
 
UnFtr：《分身异想的反向运用》
1.假设某林泊A是一位戏剧演员，他在一部小说改戏剧作品中出神入化的扮演了主角，作品精彩的剧情在像素塔中广为流传百家传唱，观众在欣赏剧目时情不自禁为他所扮演的角色鼓掌，称赞他和小说的角色一模一样并思考提供生成值与异化/如同2019年人类把声优和角色联系在一起一样的想法。那么来自他人的生成值可不可能异化这位演员/声优，令演员/声优被迫产生了一个来自于他人对于戏剧/其他游戏中的角色思考而生成的人格，并于重生或自我分裂之后诞生一个由自已亦他人塑造的分身异想？我个人认为存在可能性。【让别人产生一个新的人格几乎不可能，但是生成一个与他人类似的异想是很有可能的。】【不过确实有观众喜欢对着演员说角色的名字，你不就那个谁。】【是啊，现实里自己没法出戏或者被搞到精神障碍的演员确实有很多。】
同时，若是在现实中因为意外事故或者洗脑等原因由大脑的自我保护机制产生精神或人格分裂的话，则塔中对应个体更容易产生分身异想。【胡说！】【你这豌豆！（捕捉）这一句确实符合常理。】
 
2.在一的情况下继续推理，林泊们可以通过幻觉梦境等其他方式相互看到对岸的记忆与过往，并反向的产生相互影响，如像素塔天然的过低生育率影响了江源基地的人口出生率，【这边没有依据吧。】【对，确实两件事没什么关系。】则这位演员在被迫产生一个异想人格的过程，可不可能在现实反向造成干扰令该演员现实的大脑发生逻辑故障，从而反向的引起该演员于现实发生精神性疾病产生对应人格？【我认为概率极小但存在可能。】【概率极小但存在可能！】【存在可能！】【可能！能！】【停止你们的人工回音行为。】
拥有分身异想的用户绝大部分于现实患有精神分裂，【没有依据，同时拥有两套行动模式不是精神分裂症患者的专利。】则林泊现实/塔内的用户通过自身进行精神性的治疗，达到人格整形的过程，也可能反向延迟的对应消除塔中/现实的分身异想，让自己与分身异想进行整合，或者，用户选择的比较激进的方式，通过催眠等手段杀死了自己的其余人格，让自己认为他们不再会复苏，则这个过程亦存在可能反向映射入塔/现实中，导致分身异想/附属人格的死亡。【确实有。】
若患有精神或人格分裂的用户，其自身主人格在通过催眠等手段杀死其他人格的过程中，反而被其他人格杀死，让附属人格成为主人格，则由于每一个人格都是用户自己，于像素塔中则存在令分身异想升格成为林泊的可能。【啊，好像是这么回事，又好像不是。】【不完全！不概括！】
 
 
LeBiuC：《用户个人脑域这个特殊问题对运行像素塔及微机系统的不良影响》
1.用户因疾病遗传等原因患有先天性失明，且未于幼时及时医治，此时自幼失明用户随时间推移，大脑对应视觉器官完全处于未发育状态，即使处于梦境当中也不会存在任何图像信息，仅能感受到嗅觉，触觉，听觉等用户个人拥有的感觉，则此类用户于像素塔潜意识世界中对应个体亦先天性失明，对世界认知不够完全，即使觉醒为林泊，用户也无法构建出对于事物的认知模型，视觉皮层映射地图完全未曾发育，难以如同其他用户一般有效的提供生成值，其他先天性感官用户现象同理。【前半段不提像素塔，所以是对的，大脑皮层本来用来视觉识别的地方会慢慢负责起听觉、嗅觉的信号处理。后面的推断有失偏驳，像素塔运行三年，着实创造了些医学奇迹，为小儿先天性失明领域的治疗提供了原因不明的成功案例。】
 
2.非先天性失明却又患上安东综合症/目盲症的用户，大脑为用户个人构建出自己想象画面，即欺骗性视觉，让患者虚构出后矛盾的情节，将个人受伤等现象加以合理化，拒绝认为病因与患者自身无法看见现实，也及临床上的病觉缺失现象。此类患者对于自我的欺骗根深蒂固，大脑也服从了患者的认知。我们可以猜想患者可能根本无法分辨像素塔与现实，如果患者较为孤僻，不常与外人交流，眼中的世界始终是自己所看到的，难以觉醒恐成顽疾，直至患者接受了自己的病症为止。但若基本清楚的理智能够支撑他思考与基本区分，反而会深刻的感受到两边的差异化的不同反而率先因病症问题而将像素塔与林泊现实区分，从而觉醒。【这位介绍的很清楚，正反两边的例子都有考虑。】【就是没有数据支撑，好像大家的小论文都没有数据支撑，还停留在假想猜测和实例列举上。】【嘛，真要找安东综合症患者还挺难的，特别现在义眼的质量抵得上真眼了。】【刚摘除病灶的有没有可能呀。】【好像可以，有没有安东综合症的网上社群啊。】【怕不是会找到一堆中二病。】
 
3.部分脑水肿患者在机器观测下显示其几乎没有脑子，仅拥有稀薄的大脑灰质外层，但是会功能正常，此类并非少见案例，早在两千年左右时期便拥有诸多医学论文对其进行了研究与探讨，此类的用户的大脑完全无法与常人大脑相提并论，微机系统亦难以如同正常用户一般构建，无过多未利用脑域便于纳米机器人的开发刺激，可能1，用户像素塔内无对应个体。可能2，用户像素塔内拥有对应个体，且依然可正常活动，但由于个人算力与常人无法相提并论，从而极难觉醒。【阿乐你又在想林泊的事，休息一下吧。】【嗯？】【咳咳，我觉得这个题目更应该从用户的体验上分析，比如脑水肿的用户在像素塔内的交互会不会因为他的能力受限，受限的话会在哪些部分，例如无法构建亚空间，无法启动phigrOS的操作页面，被人当作异想之物之类的。】【这么说，咕咕好像还真遇到过类似的。】【谁？】【不好说，这位游戏里没出现过。】【这样啊，那么话题到此为止吧，接下来请欣赏特别环节。】
 
 
———
 
 
·嘉宾访谈·
dM：本次为大家带来的游戏是Phigros！
 
鸠：Phigros！哦哦哦哦哦！
 
豌豆：哦哦哦哦哦！（顿）那是什么。
 
dM：你还在这里啊。
 
豌豆：是啊是啊。
 
鸠：豌豆同学，你知道吗，昨天是大寒。
 
豌豆：大寒！（顿）那是什么。
 
dM：虽然这家伙是像素塔训练出来的AI，实际上它之前碎成了好多片，现在脑子空空的，什么都没装。（薅豆皮）
 
豌豆：（尖叫）我还记得鸠鸠小姐！鸠鸠小姐救我！我不想再回碎数研了，啊啊啊啊啊啊啊！
 
dM：（扶额）又开始说胡话了，豌豆，你知道碎数研是什么吗。
 
豌豆：碎数研！（顿）那是什么。
 
dM：你看，你看！（得意）
 
鸠：等等，我来试试。（兴致勃勃）豌豆，那你还记得我是谁吗？
 
豌豆：我记得，你是女主角！吉他超级厉害的鸠鸠小姐！
 
鸠：（拉过一盘看戏的吉诺）那他呢。
 
豌豆：他是男主角！那个骑摩托的！
 
dM：还有呢。（侧身）
 
豌豆：骑！骑摩托的？
 
吉诺：就记得个摩托了。
 
dM：我看你就是个托！（揉捏豌豆）
 
豌豆：我据得你，你系奴个写烂诗的——
 
dM：拳头硬了，我看你是只记得phigros里的人设了。
 
豌豆：PhigrOS！（顿）那是什么。
 
吉诺：我们确实在碎数研见过它，不过是以碎片的方式，（看向鸠）你还记得吗，就是那块试验田。
 
鸠：啊~那个，豆羹挺好喝的。（回忆）对哦，当时正好在搞Phigros的剧情，它估计是看到了。
 
豌豆：豆羹？豆羹是什么。
 
dM：没（顿）你们听见没，没（顿），有人修改了它的记忆，还让它装成不知道的样子。
 
鸠：肯定是碎数研干的，我非常肯定！
 
吉诺：豆羹你也有份。
 
鸠：唔。
 
dM：这算不算变相承认。
 
鸠：幸好我不是碎数研的（小声），咳咳。
 
吉诺：豌豆，再问你一遍，你还记得碎数研在哪里吗。
 
豌豆：阿剌克涅，那地方离幽蓝国很近。
 
dM：那你是怎么从阿剌克涅逃出来的。
 
豌豆：我没逃啊，我，我一睁眼就见到您了。（大哭不止）
 
dM：重生回来的。
 
鸠：豌豆，重生是什么。
 
豌豆：重生是指用户在PhigrOS内死亡后，获得新身份的过程。少部分权限较高的用户，在重生过程中不会丢失原本的身份数据，用通俗的话来说，就是不会失去记忆，这类用户将自己称作林泊。
 
吉诺：林泊最大的特点是什么？
 
豌豆：林泊不会失去重生前的记忆，并且他们能够意识到像素塔以外还存在着一个世界，他们同样在那个世界生活着，那就是江源基地。江源基地和像素塔的时间流速是1:377，也就是说，江源基地的一天相当于像素塔里的一年。
 
鸠：江源基地是什么？像素塔又是什么？
 
豌豆：1、江源基地是初建于21世纪中叶的地热基地，位于青藏高原。它能够容纳数亿人居住，是全球三大基地之一。江源基地的首都为新郑州，新郑州亦是全基地物资的集散中心，有着最大的立体列车枢纽。2、像素塔是游戏Phigros的舞台——
 
吉诺：（捂嘴）到这里就不对了。
 
鸠：雀实。
 
dM：你们不能这么对待强AI，强AI是有人权的！它才不是oooo，小O什么的啊！（抱住豌豆）
 
鸠：（真诚的眼神）求你了，让我再问一个问题，拜托了。
 
dM：（犹豫）就一个？
 
鸠：就一个，嘻。
 
dM：只能一个哦。（放手）
 
鸠：豌豆豌豆，你是不是异想啊。
 
豌豆：啊啊啊啊啊啊啊啊啊啊（死机）超能豌豆很荣幸为你服务，我们下次再见。（熄屏）
 
dM：豌豆——你怎么了豌豆！（捏一捏）没呼吸了，有没有急救车，没有？不，豌豆！
 
吉诺：这可不是碎数研干的。
 
鸠：肯定是TZB干的，我非常肯定！
 
dM：就是你干的！
 
鸠：（吹口哨）大作业还没写完，咕咕先走了。（退出聊天室）
 
dM：豌豆！你死了，编辑部谁来打扫啊——
 
吉诺：话说，这次不是游戏Phigros特别篇吗。
 
豌豆：（惊醒）Phigros是一款大家喜闻乐见的无轨下落式音乐游戏，由鸽游网络独家开发，讲述了少男少女在塔中旅行的故事。该游戏以它绝对的自由性出名，也因为其meta式宣传和制作饱受争议，故事的舞台像素塔是否真实存在于我们的世界，塔又是为何毁灭，一切问题的答案都将在接下来的3.0.0中揭晓，前方是毁灭还是重生，时运之轮循环不止，人们也终将迎来结局，未来指向何处，决定在你，不论如何，愿我们在塔中重聚。
 
dM：合着要消歧义是吧。
 
豌豆：消歧义！（顿）那是什么。
 
吉诺：刚才那句话是谁塞的？
 
dM：嘿，是我塞的。
 
吉诺：差不多得了。
 
dM：等等，还没终章呢！
 
吉诺：要不就到这里吧。（瘫）
 
dM：你就是不想写谱，差不多得了。
 
———
 
感谢广大投稿者和林泊百科的大力支持，读者朋友们，我们下期再见。",林现2095/01/21 09:00,林泊百科,-,,,,游戏外/清醒者日报,0482
清醒者日报vol.13（2095.02.09）-生日快乐！,"·卷首语·
晚上好，读者朋友们
欢迎来到小贝的部屋
我是大家的老朋友，小贝（划掉）dM
昨天鸽游的生日蛋糕
包了一层难以言喻的黄色翻糖
很多staff不知道翻糖蛋糕普遍是不好吃的
他们细细地把蛋糕分成了十六份
又给了在场的每一个人一人一份
我没有吃，偷偷看他们的反应
他们眉头紧促，嘴上却说着好吃好吃
直到某个粉毛up主咋吧嘴：这个翻糖是不是加了面粉
我笑了
网购的苦涩给他们上了一节课
我披上崭新的披风离开鸽吧
 
———
 
·联合快讯·
·鸽游迎来创立四周年
·因Phigros的TapTap证书过期，云存档功能只可通过调整时间至2月8日前使用
·延期：鸽游周年直播宣布延期
·Starlight Studio发布视觉小说《Phigros：冰封世界》 PV2
·死灰：藏线上的禁足之地
·巨钟悬空，零镜折熵
·倒悬陆：倒悬过后，人们懂得了俯视星空
·我们需要能安全食用的玛斯
·陨之都：陨石坠落，幻物重生
·流金沙滩淹没的琼琳璇瑛
·人们的祈望，一如铃声摇荡
 
———
 
·塔学研究·
豌豆：（读稿）塔学研究是一档专门接受塔学爱好者投稿的栏目，目的为解决一切玄之又玄的塔学问题。本刊根据每期投稿问题不同，会邀请不同审稿人参与进我们的审稿工作，这次很遗憾，我们根本没有钱请嘉宾出场，所以只能由我和雪梨膏为您带来评议嘉宾的阅后感言。
雪梨膏：大家好！我是雪梨膏！芜湖！
豌豆：你干嘛～我还没读完呢～嘤，只能从头开始了。（顿）塔学研究是一档专门接受塔学爱好者投稿的栏目——
雪梨膏：（踹一脚）（打断）（再踹一脚）下面是第一篇论文，来自worlds-like的《从OSI角度探究幽蓝国与基站的关系》，该论文就开放系统互连参考模型展开联想，探讨像素塔和幽蓝国的关系。作者就本报之前的数篇论文和最新词条拉瓦钵七十九号节点水库（幽蓝国），得出幽蓝国等于基站，具象的鲲是像素塔和基站之间的接口，这一结论，并大胆猜测修改地区的识别码就可以让系统判定这个地名范围内的区域为基站（物理层），使其不再表现在应用层中。
雪梨膏：嘉宾不愿透露姓名的爱格丽塔小姐提供纠错，异想更类似虚拟机，而非笼统的计算机。嘉宾沉迷拍照难以自拔提供建议，文中对幽蓝国的定义很模糊，有时上下文不到三句的位置会出现两个不同含义的幽蓝国，希望作者能够更加规范地写作。嘉宾兔年大吉反驳，OSI是人为划分的概念，不能简单的把基站归属于物理层，因为它是移动设备接入互联网的接口设备，包含下三层所有功能；作者对吞噬的定义也很模糊，写到最后没有说明白自己的猜想为什么成立，也没有深究OSI的真实含义和它指代的开放式系统互联模型到底在现实中怎么实现的；作者想当然的将网络层等术语用自己的方式解读，对机能本身的类比存在一定的误解，并用OSI原理得出了一个看上去有关系，实际上只有比喻关系的猜想，如果说幽蓝国吞噬就是将数据标记为删除或者隐藏，可能更符合实际情况。
豌豆：（泪眼汪汪）让我说完——
雪梨膏：嘉宾PHI集团什么时候倒闭啊反驳，抛开OSI不提，该作者也没能读懂之前提到的几类识别码，地质数据本身就是存储在基站内的，所以并不存在将地点改成基站识别码的说法。
雪梨膏：第二篇是来自AilceLanDer的《关于像素塔基础货币data的研究》，该论文畅想了data的定义以及data和可能存在的亚空间货币之间的经济问题。本报编辑小贝同学对该论文进行了极其充分的补充，它提到data是人类无差别的脑力劳动的具现化，它是像素塔在BP时期就存在的初始货币，是内置在Phigros系统里的货币单位，该货币因为货币膨胀在像素塔发展晚期已不具备流通价值，甚至许多亚空间也会使用data作为货币使用。在小说《文明贩卖者》的推荐语中也提到了，像素塔之于亚空间，更类似银河帝国中心之于偏远星球的关系，但各个亚空间和像素塔的关系不同，因而也导致他们和像素塔的金融关系大相径庭，有些亚空间和主塔建立了异种货币的贸易往来，并存在汇率问题，有些则作为塔的区域延展，不设关税壁垒，采用同种货币，亦有亚空间完全封闭，不知道像素塔的存在，他们的货币对像素塔的人们没有除收藏以外的价值，data对他们来说也只是一些奇特的物品。
雪梨膏：因为data是脑力劳动的具现化，它大部分时间表现为生产者的“异想污染”，也就是收集品。收集品的价值量也就是data在Phigros系统中会非常明确标示出来，因此收集品可以作为货币进行交易。但大多数时间，大家还是习惯将迷思、污染、呓语压缩成各类制式货币，以固定的面值交换，这种方式也防止了生产者对接收货币者的污染。
豌豆：（泪流满面）让我说完，让我说完！（嘶哑地吼叫）
雪梨膏：说完了，再见。（大力关门）
豌豆：让我说完——
 
———
 
worlds-like：《从OSI角度探究幽蓝国与基站的关系》  
OSI体系结构，意为开放式系统互联，整个模型将网络通信分成七层结构，分别是物理层,数据链路层,网络层,传输层,会话层,表示层和应用层。这个模型与像素塔的机制基本吻合，可以以此入手，探究像素塔与幽蓝国的关系。
首先，二四层本质为通道，无需深入探究，低层重点探究一三层。物理层是用于储存数据的各种器械，且真正进行逻辑通信的只有物理层，对应至塔中，根据交互机制发现其实是存储数据的基站。数据通过二层后来到网络层，网络层实际上就是我们日常使用的网站，用于承载和传输四面八方汇聚而来的信息，在像素塔中，PhigrOS将人们脑海中的数据汇聚以构成像素塔，说明PhigrOS系统及其主机为网络层。高层中，五层用于验证，相当于识别码；六层用于转换，相当于交互机制中转码流程。而七层代表“一切”，可以将应用与用户网络的接口相连，也就是像素塔本身。因为交互信息需要通过转码形成统一码（网络层），再通过基站（物理层）交互，所以用户也同样属于应用层。
理清思路后，开始对“幽蓝国”这一名词进行分解，会发现它有许多含义，本质上为像素塔的底层逻辑，由前文可知幽蓝国＝基站；但表现为鲸鱼，符合神话异想的特征。这样一来，两者的解释就会出现矛盾，由前文可知，异想类似于一种小型计算机，同样属于应用层，这样一来就会与第一种解释底层逻辑之间形成完整的数据传输通道。我们就不难看出，像素塔中的“鲲”实际上是像素塔与基站的接口，这样做的目的其实是能主观地发挥它的作用。幽蓝国与其他空间的交界为幽蓝边界，实际上它是一种机制，可以销毁数据，还拥有删号功能，与模型中的五六层作用相同。一旦幽蓝国出现在塔中，就可以利用其与塔内的交界实施数据删除，在防异方面大有作用，这也是幽蓝国被称为防异异想的原因。
关于幽蓝国为何会从水库变成基站，前文也已经给出了答案。因为某种原因（可能是前文提到的目的），有人需要把一个地名的识别码改成基站的识别码，这样一来，系统就会判定这个地名范围内的区域也是基站，那么该地区表面上的所有事物就会被吞噬，幽蓝边界也就出现了，所以幽蓝边界本质上并非吞噬水库本体，而是吞噬水库范围内的所有数据。
 
———
 
AilceLanDer：《关于像素塔基础货币data的研究》
感谢于deathmark老师与鸠鸠小姐对于本人上篇论文的浅薄意见的斧正，同时得益于BDRG碎数研团建场关于data的讨论思考，这次由我对于部分内容进行加深探讨与总结，主题依然是data相关。
1. 对于data的定义
从日报vol.2中所纠正指出的 data是PhigrOS的内置货币，相当于价值/社会价值 从这点进行思考，原始货币是商品交换中充当一般等价物的产品，而通货是度量价格的工具，现实人类依靠社会劳动产生价值，从而获取等量或非等量货币，则可进行推测，人类用户在像素塔潜意识世界中，所进行的无差别创造价值或社会价值的劳动力，可成为data的获取方式，以此类比映照现实。
而通过收集收藏品获取data的方式，何尝不是一种挖矿获取社会价值(data矿物黄金？()
2.data与亚空间货币的流通问题
Data作为像素塔当中的一般等价物货币，对于大部分由用户个人管理的公开/私人亚空间并非必须移植的货币体系，只要用户想，完全可以使用以物易物/金银铜铁矿物纸币等方式规定为本亚空间原住民社会流通一般等价物，举个栗子，而若是一个著名的公开旅游性亚空间，其货币体系并非data的同时，亚空间主人又允许前来拜访旅游的林泊使用data按照一定比例兑换本亚空间货币的话，相当于使用黄金购买游戏币，而即使是游戏币也具有其收藏/限制地点的使用价值。则此时，亚空间所具有的金融体系可影响亚空间主人对于data的获取乃至贸易逆差等金融问题，甚至可能在有心之人的刻意诱导之下故意引导data对于其他亚空间货币交换的价格贬值，从而敛财聚拢data，造成利用亚空间赚取data的经济问题，统治局真辛苦啊。
当然，若是用户个人拥有的data足以将亚空间以data为标准货币进行流通也未尝不可，再次感慨于尊师古卢5TB的袍子。
为了预防这种问题，绝大部分亚空间货币等同于游戏币一般，与data之间想必并不存在官方汇率，也难以兑换，毕竟亚空间货币所使用的场景仅限于部分亚空间。
 
 
———
 
 
嘉宾访谈
dM：今天没有嘉宾，所以没有嘉宾访谈！
 
dM：一堆延期，所以也没有劲爆消息！
 
dM：第八章在做了，别催！
 
dM：别问我雪梨膏是谁！我也不知道！
 
dM：另外祝鸽游和吉诺生日快乐！
 
dM：以上！
 
———
 
 
感谢广大投稿者和林泊百科的大力支持，读者朋友们，我们下期再见。",林现2095/02/09 23:30,林泊百科,-,,,,游戏外/清醒者日报,0483
清醒者日报vol.14（2095.02.25）-随机一下吧,"·卷首语·
 
下午好，亲爱的读者朋友们
这里是随机嘉宾
是的，我不能告诉你们我的名字
但是你们可以先猜猜看
反正，我们有的是时间消耗不是吗
 
———
 
·联合快讯·
·2月24日17点鸽游商店正式营业
·2月24日20点鸽游周年直播
·2月24日21点Phigros/Rizline宣布联动范式起源Paradigm
·Phigros2月24日21点30分第八章·凌日潮汐PV更新
·2月24日22点Phigros更新三首单曲
·击弦网络宣布将与鸽游展开更深入的合作
·范式起源Paradigm与作曲家Adoptor联动发布新单曲专辑
·林泊百科编辑者疯狂压稿不知为何
·同事深夜通过客服平台发夜宵照片鸽游商店客服当场恰柠檬
·直播：Phigros公布大量改谱和单曲信息直播：鸽游四周年祝福视频发布
·直播：年度Phigros歌曲大赏结果发表
·直播：Pigeon Bar打烊搞直播街机区依旧爆满需要排号
·直播：鸽游工资回收计划得逞
·直播：二月末鸽游直播还在说兔年吉祥话
·直播：大赏结果出人意外，真爱票最高歌曲不入前五
·直播：给联动的时间不多了干脆放张图吧
·直播：配套的随身麦克风过于劣质导致现场录音效果极差除了吉诺
·直播：吉诺没有麦所以效果特别好
·直播：鸠声称看到了食人族
·直播：食人族声称鸠说的是谎话他根本不在现场
·直播：特邀嘉宾阿爽小咩兔小鹏退场后打作一团
·直播：据悉其实在打麦麦和中二
·直播：周五晚超级高峰送餐机器人一边送餐一边推流
·直播：因为中奖玩家名字过于优秀导致没人质疑鸽游抽奖有无黑幕
·直播：我们仍然不知道鸠最后的话是什么
·直播：今天也是光速下班的一天
 
 
———
·嘉宾访谈·
我是随机嘉宾随机，是的，我没有名字，因为是随机嘉宾。为什么我是随机嘉宾呢，这里面是有很深的原因的，我当初也不是随机嘉宾，他们告诉我这个世界无论发生什么都是注定的，就算随机重生也是注定的，无名的神灵在注视着我们，我不相信他们所说的一切，因为我作为人有局限，我的视角里一切都是随机的，随机地生，随机地死，我活在无数个随机中，像一颗随机的奇趣蛋，要敲开了才知道生活原本是什么，但我不会敲开我的脑袋，也不会有人去敲，我这个奇趣蛋，和薛定谔的猫是一个分类的，没人能决定我的随机到底是哪种注定，我是一个黑盒模型，有输入有输出，但没人知道我真正的想法，甚至我如今的逻辑，我都觉得是随机的巧合，没有人能保持一样的思路一辈子，只可能让某个时间区间的概率无限放大，我作为人类是有局限的，因为局限所以我才是人，我觉得人就是什么都做不到的生物，什么创造发明还不是随机的结果，我喜欢随机，它包含了所有的可能性，甚至未来这个词就是为它造的，我讨厌别人警告我，不试试怎么知道呢，就像现在，告诉我你的电话号码，你不会告诉我，问我为什么需要，我会这么说，因为我需要一个可以给超市打电话的手机，又没钱买圣诞礼物，你肯定会觉得我胡言乱语，打开手机让我去把日历瞧仔细，我会大笑不止，你会怀疑自己，我会马上抓住你的手机，你会轻易地配合我的胡闹，我拿到了你的电话号码，把它一个字一个字地嚼碎，再吐到南半球的某株牧草上，然后一只鹦鹉吃了它，鹦鹉不停念叨着你的电话，把森林里的动物弄烦了，把动物园的同时弄烦了，把寄养的老阿姨弄烦了，他们把它送到马戏团，马戏团又有一天来到我们的城市，它大声叫着你的电话号码，那一天正好是圣诞节，不是吗。
 
———
 
 
感谢广大投稿者和林泊百科的大力支持，读者朋友们，我们下期再见。",林现2095/02/25 17:30,林泊百科,-,,,,游戏外/清醒者日报,0484
清醒者日报vol.15（2095.03.05）-在？是没被碎数研蛊惑的林泊吗？能不能拯救林百？,"·卷首语·
 
依旧是我，随机嘉宾
我细细地估算日子
离约定的时间还有数月
没有投稿没有新闻
那么只能做音游快爆了
接下来请看本期联合快讯
 
———
 
·联合快讯·
·Paradigm X Rizline&Phigros联动曲目公布
·Berry Melody与喵赛克联动曲目公布
·【Berry Melody×同步音律喵赛克】联动预告pv
·Berrymelody官方「mp4.文件」
·phigros更新修复：解决了无法解锁部分隐藏歌曲的问题
·Phigros第八章收录曲Crave Wave为新版本而非网上流传的2019版
·Feast播放破30万，茶鸣拾贰律发布最新壁纸
·Lanota更新：《里莫的秘密书房 - 210》
·茶鸣拾贰律公众号开始发布官网小说
·MuseDash女仆玛莉嘉手办预售中
·Lanota限时活动「画廊迷宫 Gallery Labyrinth」即将开跑「mp4.文件」
·Phigros同人视觉小说《Phigros:Glaciaxion World》发布安卓/win前瞻版
·为让PigeonGames更新收集品，BDRG压稿百万字节不发林百
·宇宙空间站收到神秘消息，像素塔将迎来第三类接触？！
·客人自备食材的私房菜到底好吃在哪里
 
———
 
·快讯详情·
 
来自Starlight Studio的信
 
感谢大家一如既往的支持，Phigros同人游戏《Phigros:Glaciaxion World》的试玩版本已经于3月4日22:00发布，感兴趣的朋友请前往游戏官网starlightstudio.top/project下载前瞻版。
本次改编了原作2月28日夜与2月29日整天（即官方小说“冰封世界”第一章）的剧情，鸠和吉诺在雪山的相遇，以及回到小队，和队员认识的早期故事。
游戏发布之后受到了许多玩家的肯定与鼓励，Starlight Studio的大家都为此高兴。我们从10月29日起，为了达成这一目标，进行了很长时间的安排与努力，包括剧本、立绘背景CGUI的设计与绘制、BGM的创作、配音、程序，其中遇到的种种困难，也让我们成长了很多。我们将在后续的的正式版里借助小剧场表现制作经历和剧本废案等内容，敬请期待。
由于工期所限，Pre1版本中，有很多规划中的特效我们未能按期实装，PGW还处于不完善的状态。游戏发布后，我们也接收到了许多玩家反馈的Bug，在以后的Pre版本中，我们会尽量修正这些问题，愿我们正式版再见。
 
Starlight Studio
 
 
客人自备食材的私房菜好吃在哪
 
像素塔还存在的那些年里，名为记忆的材料，一如金银铜铁，被人们当作货币使用着。原因不过一点，记忆是唯一能证明人类脑力劳动的数据（Data），是能在社会上流通，创造价值，用以分享的硬通货。
作为货币的记忆是可复制，可交换的，可在像素塔，谁也不知道某天花出去的数据，究竟属于哪段过去。直到他们发现，曾经让他们走上如今道路的理由也忘却了，开始心生恐惧。
人们太依赖记忆了，没有了记忆也就没了自我。他们害怕着失去，更害怕获得，他们挣扎在我与他物的边缘，像大洋中央的白帆船，拼命地朝下投锚，却触不到海底。他们将记忆当作锚，却不知海洋就是人们遗忘的无穷记忆。
记忆似水，人们在其中诞生，在其中生存，最后又归于其中。
也是一处长满童年的香草水边，开设着一家不对普通顾客开放的餐馆，只有渴望寻找过去的人，才能进入该处。
“付出最心爱的事物，你就能想起一切。”那里的老板如此诱导道。
我看向他为掌勺而微微撸起的袖口，折射着幽蓝星碎的袖口，恍惚间深邃若宇宙。
那时的我，早已失去了对生活的感觉，没有兴趣，没有想做的事，浑浑噩噩如同幽灵般，在像素塔中飘荡，被无形的风带到江边，野鸭缓缓游走，和风吹来的波纹混于一潭。
我慢慢回答他：“我没有那种东西。”
“你有，你会有的。”
话语刚落，我便被送出了那家餐馆，直到那件事的发生。
 
-to be continued-
 
———
 
感谢广大投稿者和林泊百科的大力支持，读者朋友们，我们下期再见。",林现2095/03/05 21:23,林泊百科,-,,,,游戏外/清醒者日报,0485
清醒者日报vol.16（2095.04.05）-月刊也是好清日！清明安康！,"·卷首语·
 
早上好啊，小鸽子们
大家好久不见
这是清醒者日报改为月刊的第一期
至于为什么叫日报
想必一定不用我多说了
你们一定能够理解我们的吧！
对吧！
 
———
 
·联合快讯-厂商活动·
·Lanota更新：《里莫的秘密书房 - 211》 
·Lanota限时活动：「画廊迷宫 Gallery Labyrinth」
·Lanota更新：《里莫的秘密书房 - 212》 
·Mush Dash X 主播女孩重度依赖二次联动
·Phigros X Paradigm: Reboot 初回联动！
·Rizline X Paradigm: Reboot 初回联动！
·Mush Dash 3月31日更新计划通专属
·Paradigm: Reboot X Rizline 全新联动曲 《Paradial Resonator》公开
·Lanota限时活动：「樱花盛开的梦 Cherry Blossom Dream」
·Kalpa X to the moon联动确定于4月7日上线
·Phi\g/os将于2024.4.-365更新！快来试试吧
·Phigros：随机曲目功能将在下个版本中登场！
·《漫漫长夜》「MuseDash」Marija角色曲发布
·滚动骰子吧！掷出那个不可能的数字！
·下雪了，好热啊
·Rizline国际版即将上线！
·Pigeon Games 官方账号正式回归，请关注后续动态
·布若+欧拉熊=欧拉+布若熊
·Paradigm: Reboot 1.4.1版本更新
·《同步音律》将与《黄老饼梦游惊奇》联动
 
———
 
·联合快讯-林泊百科·
·无人之域：“交错的警戒线，在耳边叫嚣的警报声，混杂着人们的哭泣与呐喊……” “而他们却告诉我，这里是无人区……”
·蚀羽效应/蚀羽蔽空：《我们是否处在鸟笼之中》
·下水道内容物会逆着食管流出，就像那是排污口
·真猎物是否“真”有其事
·孟春堂：拍卖拷贝不能的旧物吧
·媒介魔术师——迎潮灵
·无人能阻止污染潮的前进
·忆渊：“即使遗忘，回忆也不会消散。”
·窥视者的遗产：寄生眼球
·万物包装：过度包装污染环境更污染自己
·溟影：万物循环，万物共生
 
———
 
·塔学研究·
R：塔学研究是一档专门接受塔学爱好者投稿的栏目，目的为解决一切玄之又玄的塔学问题。本刊根据每期投稿问题不同，会邀请不同审稿人参与进审稿工作，大家好，我是清日的清明特别嘉宾，R某。
dM：R某？
R：叫我某R也可以，小贝同学。
dM：好的，小R同学。
R：哎呀，小贝同学心情不太好。
dM：主要今天清明，阴间交易的“人”有点多。
R：小贝同学又开玩笑了，我们是在地下没错，但阴间从何谈起啊。
dM：你不信？
R：假的何来相信一说。
dM：还真别说，你看看你，你还记得自己是谁吗。
R：我当然是，我是……（模拟中止）
dM：又失败了，你这随机数公式是不是有问题，起码要维持到他把碎数研的后门交待一个出来啊。
鸠：怎么会呢，我照操作说明改的，除非这书本来就写的不对。
吉诺：与其想着如何复刻逝去的灵魂，还不如造个新的。
dM：不好讲，用别的模型训练，可能会和当时的加密方式对不上。
鸠：我们再试一次，这次换C路径。安静，他要醒了。
dM：（清嗓子）早上好，R先生。
R：哦，是你啊，这回又是什么委托呢？事先说明，我不擅长作诗，老朋友。
dM：这次就让我们来看论文吧。
 
———
 
UnByd：《生成值魔力论与大香酥挞及观测者窥探论》  
此论文对于正统的像素塔解析毫无用处，仅作为娱乐与一种可行的理解方式。
现版本的像素塔体系中，异想污染与生成值信息量中所诞生的非因果体生命异想，似乎并没有多少论点尝试用别的方法与体系将其理解套用，于是本人基于“愚乐”角度提出此想法，希望能抛砖引玉得到些有趣的看法。
在此，我将用魔法论的形式理解异想系统，将异想的具象视之为魔法的实现，生成值与信息量的补充视为所谓魔力，将江源基地潜意识世界视之为大香酥塔游戏，现实基站视为服务器，林泊觉醒视为游戏角色强大到意识到现实与现实彻底相互联通的象征。【人均召唤师的坏时代来临了。】
 
Phi\g/OS计划将整个江源基地的所有人类居民强制加入游戏，其游戏名称为香酥挞，每当用户走神或做梦的时候，游戏角色将在香酥挞进行活动升级，身为有现实用户操控的游戏角色，他们可以比大部分NPC以更高的效率使用魔力使出魔法(即联想概念提供指定生成值从而使异想具象)。【完全错误，游戏角色和现实用户是同时行动的，没有什么走神做梦才能活动升级，平时并不是挂机状态。】所谓生成值标准线，就是指一个魔法需要累积多少魔力之后才能使出来。【很久之前就提过了生成值更类似完成度，而非数量性关系，普通观念上的魔力却是数量关系。】而所谓异想，就是用户使用魔力的魔法造物，用户甚至可以使用魔力创造出其他NPC，但是作为魔法造物的NPC就很难制造出来其他魔法造物。【再这样比喻下去，就完全忽视异想是群体意识产物的特性了，所以说类比是解释办法中最低效果的方式。而且NPC也并非真的很难制造魔法造物，他们中很多会作为中介存在。】而当用户的角色强大到可以与现实相互联通的时候，角色便觉醒为林泊，意识到香酥挞世界真相从而可以更高效率地使用魔力来召唤魔法造物，使用魔法。整套逻辑链可谓合情合理，香酥可口。【一、并非强大就能变成林泊，想不通为何同时有两个世界就是想不通。不知道你的强大怎么定义，反正林泊觉醒没有一个所谓的强度表，觉醒后相当于多了一份权限。二、这里说林泊能更高效地“使用魔法”我是难以苟同的，鉴于他们处于同一个思考环境，连接到现实的用户为何就能获得比其他用户更多的讯息呢，就凭他知道自己还有另一个数据库吗，其他人只是不知道而已，但他们本能地也在调用啊。】【也不尽然，更高效是社群优势而非个人优势，林泊个体所能利用的平台资源，是其他个体无法匹及的，当然这都建立在林泊群体过去的贡献上，并且这一优势因他们重生时不失去记忆这点被无限放大了，使得他们持有的知识远高于正常重生的现实用户。不过，能觉醒成林泊的个体，他们的大脑普遍拥有更多的有效连接，所以他们确实相对于其他现实用户持有联想优势，但这个优势不是林泊的优势，而是个体本身的。不是他成为了林泊而特别，而是他本身的特别性，让林泊的概念更靠近他。】【我和你的观点一致，我所想说的也是笔者搞反了谁先谁后的问题，只是没提到重生这一变量。以及这里说的像素塔的真相，仿佛是为了用而用的。林泊怎么认识到像素塔是群体潜意识世界，他们意识到存在所谓的彼岸后，又是怎么称呼像素塔，怎么看待这一现象的，其实都是不一样的，将其作为一个获得力量的标准全不尽然。笔者完全忽略了两个问题。首先一个正常生活的个体，一个没有意愿“使用魔法”的个体，依然会成为林泊。其次，整个讨论都建立在用户在生成异想上，那么为何成为林泊反而能不流出异想污染呢。】【这不是完全不合情不合理嘛。】
 
然后提一个也许没什么用的观点：观测者窥探论。
在像素塔中，无数未开拓区域统一封必为薛定谔的猫箱状态，当A主观窥探时坍塌为一种结果，当B主观观测时又探塌为另一种结果，当两种窥探相互碰撞时，其余观测者的加入与支持让所谓命运一般，使结果坍塌为强观测一方。在像素塔中并非先有存在，而是先有观测去注视未知，令未知如观测者所认坍塌为指定形态，如此蛮横无理的实质，便是异想的理解方式之一。【论证不严谨，本质是多元对撞的模式，却只写了二元的逻辑链，并直接把性状二元对立了，没有考虑到多种平行的状态。观点也完全难以赞同，很多异想在观察差异下产生了亚种，一种异想存在个体差异是谓常事。】【依旧是类比的问题，观察者原理是对的，但异想是思想的结合物，并非从无到有的“曾未知”，只能说人先于他物的存在，又因观察获得了指定表象的主动权。何为像素，起初在中文语境里采用这个名字，是因为像素塔是由“像”的要素组成的世界，后续其他语言都是直译了“像素”二字合起来的意思，并没有抓住它的精髓。而这一精髓就在，人们用像去包装概念，用像去理解世界，去使物自体可知。异想一开始就存在在那里，只是我们还没观察到它的表”像“而已。】【虽然你们的观点可能只是唯实上的差异，但我更认可你的说话方式。】
 
———
 
GOODLUCK：《附身种异想结构推论》
依个人观点，将附身种主分为寄生类与共生类，以及一种特殊的纯益性附身种。【好中坏。】
 
1.寄生类附身种。依附于异想污染提供源，以宿主的异想污染为“食”，纯粹令宿主受害来令自身受益的种类，如林泊现实物种铁线虫对螳螂的有害寄生。
寄生类附身种又可再向下细分，如以寄生时间为标准分为暂时寄生与永久寄生。暂时寄生的异想A可自由切换选择寄生目标，从而吸收到不同目标的异想污染生成值；永久寄生的异想B则长年累月寄生于同一人身上吸收异想污染，相对而言更加稳定。
以寄生表现变化分为显性与隐性寄生两种。体外、体内寄生的表现出身体器官的显著变化的显性寄生，和影响宿主神经等隐性方面的隐性寄生。从这个角度讲，疫病类异想可以称之为显性寄生的寄生类附身种，诅咒类异想亦为一种隐性寄生的寄生类附身种。【给点例子。】
从寄生目标上分类，分为定向寄生与广性寄生两种。如在于某食人部落当中的异想“丧尸狂躁”，原型为朊病毒，往往在同类相食且食用部位为人脑时发生传播感染，且读者自动将病症特征联想到了食人部落身上，则该类异想受异想内容限制仅定向寄生于指定目标身上，如同诅咒。
广义寄生，指寄生异想生成信息中并无目标限制的异想信息来源，因而广为寄生于所有异想污染提供源上，如同林泊现实的微生物寄生，亦如疫病。
 
2.共生类寄生种。该类寄生种在吸收宿主异想污染与产生相应负面效果的同时，亦为宿主提供了正面良性的效果，与宿主之间形成一种共生关系，乃至相互影响磨合。
由于自然界的共生关系众多且广为深远，纯粹如病毒般只占据养分加速宿主死亡而毫无益处的寄生反而是少数，在此只列出本人预想中几种有趣的共生关系。
 
(1)召唤，契约，凭依，信仰类共生种，往往在经过一次性或周期性付出指定代价的同时，获得指定异想的能力也好强化也罢，令异想附身具象于宿主身旁，形成众多有趣的异想运用玩法，如唱诗班，召唤师，魔法少女，吸血鬼，列祖列宗加持一类存在于幻想作品的特殊想法也可分为此类，以共生种附身种的形式出现于像素塔，乃至呈现大异吃小异与连锁异想召唤的套娃，当然，宿主本人的异想污染与算力也是必不可少的，玩的最嗨的大概会是BDRG一类人才。【理论上都可以做到。】【还是老问题，对自身的加强，如何获得别人的承认，如何对一个共同的生活环境施加影响，以及共生种会不会在他人的否定中失去作用。】【BDRG（碎数研）会借用一些“物理”手段获得基站支持，所以他的提案不成问题。】【可恶的老鼠！】
 
(2)血缘种族诅咒类，附身异想获得了定向的附身对象信息量，对指定族群亲系形成共生强化，乃至血统论家族论的观念及陈旧的封建思想与刻板印象的强化，形成无需指定条件而先天承担能力与代价，后代自诞生之初变形成共生的异想生态。【像素塔就三年，如果是映照现实的诅咒，那有很多；如果是塔内的血缘关系，能数出来一百个有塔内爹妈的现实用户已经很多了。】
 
3.纯益性附身种。极为罕见的附身种类型，往往诞生于纯真而不掺杂邪念的愿望祈祷与想法之中，如同宗教团体及场所宣扬中的“不受诸邪侵扰”之效，友人亲人爱人之间对于彼此的相互祝福与祈愿，人类纯真情感许下的美好愿望的化型，仅需简单的彼此相信来加以维持。【依旧是把异想当魔法玩了。】【这不也挺好的吗。】
 
 
———
 
 
·嘉宾访谈·
R：这么一想，像BDRG此类犯罪组织，干过的坏事真不少。非法入侵计算机信息系统罪，起码得安一个。
 
dM：是送进去不少。
 
R：但他们总部已经不在江源基地了，估计也就零散几个。
 
dM：还有这回事？
 
R：你不知道吧，他们在——（模拟结束）
 
dM：（捶桌子）又（来回走动）又（指指点点）又 ！（捶胸顿足）
 
鸠：（探头）问出来没有？
 
dM：不招魂了，他就是故意的。
 
———
 
 
感谢广大投稿者和林泊百科的大力支持，读者朋友们，我们下期再见。",林现2095/04/05 10:00,林泊百科,-,,,,游戏外/清醒者日报,0486
清醒者日报vol.17（2095.05.05）-工作还没结束？五一逛漫展先,"·卷首语·
想必小鸽子们都玩到第八章了吧
凌日潮汐一定很好玩吧
喜欢谱面和剧情嘛
那么有一件事
我一直想说
就是
怎么游戏更新之后
工作才真正开始啊！
 
———
 
·联合快讯-厂商活动·
·MuseDash、茶鸣拾贰律CP29参展
·CP29节奏游戏专区活动顺利落幕
·Phigros百万粉抽奖5月19日截止
·《范式：起源(Paradigm: Reboot)》1.4.2版本更新
·Phigros主线更新：不可习惯黑暗而相信了它的永恒
·Rizline X Paradigm联动已更新！
 
———
 
·联合快讯-林泊百科·
·锊：迷幻旋律，谐颂青金
·于风暴中翻覆的负海舟
·坠落的掌上明珠：玫瑰计划/幼女何辜
·特种建筑材料液态金属
·玫瑰计划/烟花情人：虚伪与浮华世界中的最后一丝温暖
·四海好大，欢迎回家：银域
·想来一份铜域烤红薯吗？
·是非之地，不宜久留。
·起源之地：灯塔文明的最初与最后。
·历史的遗留，记忆的葬送：瑞璃克思
·沙尘枯海，须臾万年。
·绞魄一脉相传的手抄本：《沧州手记》
·梦现之地：任何梦想都能变成现实
·悲痛葬于绫海深底
 
———
 
·快讯详情·
 
1.本月2日至3日，某知名国际都市出现了一帮自称二次元的中青年分子，集聚在四叶草酒馆，就二次元二次创作展开了二日集会，并聚众发表了当日日期二次方以上数量的社交信息，史称《第二十九次四二会议》。
 
2.本报战地记者受多名读者的委托，偷偷潜入该集会，对众多节奏游戏摊位展开了深入调查。明察暗访各大音乐社团时，镜之塔官方认出战地记者，拉到该摊位游玩了ORZMIC，战地记者得知镜之塔还没有iOS版，感到十分困惑，他摇摇头，指向横幅“音游企划 死路一条”。战地记者并没有因此放弃，很快挤过人潮，到达酒馆最高层。
此时，暮色大师背手直立，她眼神犀利，迎向战地记者，莞尔一笑。只见宝剑出鞘，剑光闪烁间，雷声阵阵，乌云滚动，一个巨大的“六”，刻印酒馆上空。她笑道还没完，左一划，“Full Combo”，右一划，“INTERNET YAMERO”。 
战地记者大悟彻悟，拿出在转角摸来的制品，“我是音游王”，五个金色大字，字字珠玑，暮色大师连连后退，退到周边台边缘，退无可退，只得献上隔夜的O次，落荒而逃。
记者环顾四周，竟没有对手，转头看去，一个熟悉的身影出现在攻击范围内。Supa7onyz，是你。没错，是我。Normal1zer VS Broken Nerdz呢。奸贼，你心知肚明，我要你给他们陪葬！
最后的最后，记者打开手机，循环播放某表魔王曲，为这场战斗画上了句号。
 
———
 
·塔学研究·
鸠：check，check，OK，都OK？OK，好好好，OK！那我要开始了——
吉诺：看打板，三、二、一！
鸠：小鸽子们晚上好，欢迎来到Phigros直播间，咕咕来给大家送福利啦！
吉诺：主持人，情绪再饱满一点。
鸠：小鸽子莫（卡壳），又说错了，不行（瘫）我根本不会主持抽奖，还是换人来吧。
吉诺：你啊你，那只好19号再说了。
鸠：嘿，不着急。我们利用这点空闲时间，来看这次的来信吧！
 
———
 
玲王：《关于像素塔主塔内学校的一些探究》  
本文包含很多主观臆断内容，如有错误请各位大佬们指正！
 
1.教师构成
根据前传《九色鹿》，AI比用户更适合当老师，所以推测教师构成大多数为AI，不过也包含少数普通用户或林泊。【前传九色鹿讲述的是林泊现实二十一世纪中叶的故事，虽然能表现出当今时代人们对教师这一职业的观念，但并不能直接推出作者的结论。】鉴于重生导致的记忆丢失，林泊和先民在知识储备上和重生者相比更有优势，因而更有可能教一些更高阶的内容。教师应当获得一定量的Data以支持他们的生活，这也是为什么一直有人盯着AI的职位不放。【到这里基本错误。主塔的AI各司其职，与林泊现实中AI伪装成人类的生活大为不同。主塔AI绝不可能被认成人类，因为像素塔的信息交换机制，人类和AI有识别同类的直觉本能。曾经林泊现实里的AI是作为经济体的消费端支撑出现的群体，他们不知道自己并非人类，人类也不知道身边的同事、朋友是否是AI，因此存在双盲的猜疑链。】【主塔里的教师，每一个阶段的构成都不一样，冰封纪元前的教师都为人类，往后AI技术重启，教师团队里AI成员占比激增，再到后来，基础教育体系基本没有人类教师了。而更高级的内容，可以自学，大学里的教师，只是作为同领域的前辈，为后来者提供指引。】【你说的塔内AI，是指用AI原理制作出的异想之物吧。】【确实如此，他们也是我们常说的一级异想“原住民”。】
 
2.学生构成
学校【基础教育】招收重生后丢失记忆的用户入校学习，不排除有林泊为了某些目的重生后装作丢失记忆潜入学校，对此TZB应当有如查看林泊权限等对策。【其实照这个逻辑，像素塔里的院校，更像新手教程，应该谁都能去。】【我以前上过，和你说的有点差别，和他说的类似，还是有入学要求的。】【比如？】【比如不能是林泊。】【这是种族歧视。】【教育资源有限，老用户就别凑热闹了。】【不过TZB检查林泊权限，单纯是节约资源，并非为了防止潜入。】【潜入学校，约等于守复活点？】【守到PhigrOS崩溃是吧。】
关于学校会不会招收异想或受到异想污染的用户，这个问题因为涉及塔内“人类”的定义，所以有待商榷。如被污染成物品的人和被污染成人的物品，个人推测，一般来说，只要是具有人类智力、需要学习且可以排除是某些组织为了搞破坏潜入学校，学校就会招收。【我记得很清楚，当初刚重生，负责重生引导的官员，就直接把我带到了“学校”。至于重生之后，异想污染还不能消除的用户，貌似会先被带到别的地方，我的同学里就有这样的人。】【塔里的人类就是识别码为普通用户的个体，没有歧义。以及，用招收这个词不准确，应该是收容。】
3.教学体系
推测与现代教学体系相似，学校会分为不同的阶段，到了后期会有不同专业的分科。
 
学校性质也会分为TZB的公办学校和小部分私人性质的民办学校。民办学校有概率不会受到第四点的约束。【基于像素塔里有记O面包、醍醐灌顶一类的操作，该作者所提到的内容，只有可能出现在原住民学校里。原住民学校没有TZB主办的，TZB只负责用户的“新手指导”。】
 
4.教学内容
应当与现代教学体系相似，从易到难学习基础学科。不同点有：1.由于算力高度发达，且人类已经初步达成命运共同体的目标，故不需要再学习多门语言。【像素塔的通讯基础不是早期意义的语言，这里是尚未倒塌的巴别塔。】2.像素塔不允许历史的存在，所以学校不会开设历史课，学生只能从先民或林泊那里了解像素塔的历史。【还有看书和鉴赏古董。】3.早期开设关于异想之物的课程，但后来TZB搞防异，取消了他们，学生仅有极少数渠道了解。【没有取消，一直在上（指正）。】【破除迷信的最好方式是祛魅。林泊的特殊，就在于他们知道，有些东西不是真实的。】
 
———
 
ananas：《关于现实做梦和林泊关联的探讨》
林泊现实中做梦和像素塔中林泊的活动很有可能是会相互影响的。
 
       根据林泊百科官方介绍：“PhigrOS原则上会调动用户本不活跃的脑域参与运算，这些脑域本质上和潜意识是联通的，所以也可以将PhigrOS看做集体潜意识的世界。人们日常生活中很少调用PhigrOS运行的数据（引自清醒着日报vol.10）”我们可以得知，像素塔内的林泊（以下简称林泊），应该可以看做是现实中的林泊（以下简称现实林泊）的潜意识形态。对于一个现实林泊来说，平常生活中，支配其思想和行为的，主要还是意识；那潜意识则会埋藏在脑海深处，支配着林泊的思想和行为。用户未觉醒前，普通人和其在像素塔所对应的人物还是有一定的隔阂（前提是这个普通人已经形成了微机生态），也就是其意识和潜意识还有一定的隔阂。觉醒成林泊后，林泊现实和像素塔就打破了隔阂，实现了信息的互通，也就相当于林泊终于实现了意识和潜意识的一定程度上的互通。现实中做梦这一行为，可以看做是人的思维由表层意识转移到潜意识的转变。当现实林泊将思维转移至潜意识，也就是做梦之后，就很有可能会对林泊产生一定的影响，或者是现实和像素塔之间可能会相互影响。【标粗为直接修改原文。】
 
       根据日报的说法，正常情况下，原则上phigrOS并不会调用用户活跃的脑域进行计算。而现实中，人在做梦是因为某些脑域过于活跃，将潜意识中的记忆调出并加工，形成了梦。所以，phigrOS不会调用用户拿来做梦的脑域进行计算。【可以这么说。】基于这一点，就算做梦会让像素塔和现实之间产生相互影响，林泊在像素塔的活动与林泊现实的梦境也不会串线。也就是说，林泊不会突然莫名其妙的传送到其林泊现实的梦境中去；而林泊现实里做梦，也不会直接梦入像素塔。那么此时可能会发生什么呢？根据我个人猜想，做梦对林泊现实和林泊的影响可能会有这么几点：
 
   1.两边都需要在潜意识中提取记忆，那么林泊有可能会将在像素塔的记忆提取出来，具体表现就是可能会梦到林泊在像素塔里面发生的事。
 
   2.前面提到，原则上phigrOS会调用用户不活跃的脑域计算，那么如果现实林泊原本不活跃的脑域突然活跃起来，而这些刚刚活跃起来的脑域还在进行phigrOS的相关计算，那么现实里林泊的意识有可能会与像素塔产生短暂交集，比如意识暂时附身塔内的自己，不过也只是暂时附身，因为一旦脑域开始活跃之后，phigrOS就不再调用这些脑域，那么现实林泊就会断线。因此，可以说，现实林泊做梦很有可能会对林泊现实和像素塔产生相互影响。
 
       前面探讨的是正常情况，如果出现了某些错误或者出现特殊情况，phigrOS调用了用户的活跃脑域，此时，现实林泊做梦可能就会出现一些难以预料的结果发生。比如用户可能会直接梦入像素塔（也许这就是某种特殊的分身方法？），比如像素塔里的林泊可能有机会进入林泊现实自己的梦境，又比如现实里的林泊和塔里的林泊产生了意识上的融合（或者是，产生意识融合的错觉？可能只是附身）。
 
       这里暂不探讨林泊做梦对现实林泊的影响呢。因为在时间比例上（像素塔：现实=377：1），林泊一场梦下来，现实林泊其实才过了一小会，这里的影响挺小的，大致可以忽略不计。【论证很详尽，喜欢的。】
 
———
 
方解：《通信盲区对基站与用户间交互关系影响的探讨》  
根据往期日报可知，人体内的纳米微机生态与江源基地诸多信号基站间的信息交互，构造了像素塔的运载环境。但即使基站数量再多，可覆盖的信号范围依旧是有限的，再算上各种自然因素和人为因素，通信盲区总会存在。
通信盲区，指的是指电磁波达不到的地方，举点亲切的例子：电梯间、深山、有强磁干扰的环境。用户要连接进塔内，需要与基站进行信息交互，实时的同步信息。但是当用户到达通信盲区之后，与基站之间的连接断开，和像素塔之间的信息同步也自然无法进行，此时像素塔内该用户的状态就十分值得思考了。
 
猜想1：丢失或无法再接受到来自林泊现实的信息（记忆），但仍然是林泊。其状态如我昨天看到这个东西还认识它是我现实用的同款马桶刷，今天看就不认识了/今天开始就无法得出这个马桶刷会变成什么样了。
猜想2：由林泊变为伪林泊/异想。因用户无法及时更新自身数据，导致塔内该用户对应的个体（假设有这么个个体）在收到他人对其印象的影响后无法矫正，就如同异想一般，又或者就是由他人催生出的异想。但在用户重新连接上像素塔后，是重归于该个体中？还是独立成一个新的个体？这与个体的异化程度之间有无关联？这扯得有点太远了，我不再多作推理。
猜想3：这样一看，用户的死亡也是一种像素塔意味上的“通信盲区”。而德利女士，在林泊现实中自杀死亡后，又在像素塔内的巴别事件中泯灭，随后霓虹层诞生了她的异想分身。这三个阶段的“德利”的状态用猜想一二的理论来诠释都圆不上，又都带有一二的性质，因此单列在一个新的猜想中。
 
对盲区的猜想就止于此了，不过由通信盲区联想到信号弱或信号不稳定等情况对用户的交互能够产生的影响，似乎又会有五花八门的情况。但是一想到用户路过哪个考试考场或者坐个法拉第笼电梯都有可能跟像素塔断开连接，不知怎得就戳到我的笑点上去了。【（思考）方解说的对！】
 
 
———
 
 
嘉宾访谈
dM：改成月刊后，内容没有变多，要看的材料倒是多了很多。（缓慢进入）
 
鸠：呀，你什么时候回来哒。
 
dM：就在刚刚。
 
吉诺：第八章的工作总算结束了，你们也好休息休息了。
 
dM：工作永远都做不完！（掏出文件山）还有这么一大堆，都得今天处理！
 
鸠：哇，好像座塔啊。
 
吉诺：PhigrOS已崩溃，谢谢。
 
———
 
感谢广大投稿者和林泊百科的大力支持，读者朋友们，我们下期再见。",林现2095/05/06 19:24,林泊百科,-,,,,游戏外/清醒者日报,0487
清醒者日报vol.18（2095.06.20）- 夏日炎炎，来冲浪吧,"·卷首语·
 
本刊因内容过多
将有大量内容分割保留到下一期
还请谨慎阅读
 
———
 
·联合快讯-厂商活动·
·范式：起源公开支线故事：Para
·同步音律登录EPIC平台
·Phigros X OVERRAPID 联动已上线「mp4.文件」
·范式起源专辑包：Metabolic Reaction更新
·Muse Dash：新角色道士布若登场！「mp4.文件」
 
———
 
·联合快讯-林泊百科·
·烛汀明灯，祝祭传说
·给予幸运的锦鲤亦是诅咒
·夏里格雅：群山夏日之地
·纯良生存指南——我是如何活到现在的
·287:港湾冰冻事件，冰制玩具鸟的扩散
 
———
 
·个人调查·
 
《迎潮灵：附身种、原住民&魔法》
该文为塔学研究专栏《关于像素塔内语言体系的一些猜想》的提及的原稿，请阅读本文的读者，前后参阅的同时，独立思考。
 
杂交一直是个困扰我的问题，亚种、新种、特殊性状，到底哪个是正确的答案，他们之间的界限又是什么，但在我观察了一个魔幻聚落后，我的疑问彻底消失了。
 
这个部落所处的小岛在龙宫纪的HAVEN地区，以三十六天为周期在外围近海中飘浮，具体位置不定。该聚落为纯粹的原住民部落，在HAVEN内乱之前基本没有人类登陆，当地人的生产方式极为原始，以刀耕火种和渔牧为主，但有一个异常的地方，他们全都是四肢着地的生物，却像人类一样生活。我当时的应用方向不足以让我理解这些，除了他们干活效率极低以外，没察觉到任何异常。他们可能也认识到了这一点，开始使用不同于人类的生产方式。
然而很快，一次海啸淹没了这座小岛，大量海洋生物被冲上岸，改变了小岛的地貌。原住民的作物被海啸催毁，他们只能吃鱼类度日，而这些鱼并非他们平时所捕捉的普通鱼类，而是阿特拉斯流来的“污染潮”，里面包含了大量不可名状的讯息，吃下这些污染的原住民，很快发生了变异。他们开始两足直立行走，也明白了曾经工具的用法，但醍醐灌顶后的他们选择了另一种方式，在他们的语言里叫做“lami-ba^daa”，意思为“走向太阳的道路”。
 
Lamibadaa的运行原理和人类虚构作品里的媒介魔法极为类似，施法者利用海洋生物的椎骨、外壳、口器、螵鞘等硬质结构施展不同类型的法术，例如用鳞鱼的主干骨驱使风流动，或者用电鳗干放电。与媒介魔法不同的是，使用魔法的原住民身体上会变异出与媒介对应的特征，直到施法者完全脱离施法环境。变异给身体带来的负担过大，他们如果想使用多种魔法就必须脱离，但一般来说很难达到如下的脱离条件：
 
停止使用法术，摘除施法媒介。
不再回想施法的过程细节，不观察施法的结果。
放弃使用媒介的想法，直到再次使用。
 
以施法为生的人脱离施法环境极为困难，久而久之人们不再讨论脱离的手段，而是想方设法地减少变异。已知同类魔法变异可叠加，少数跨系魔法可以改变其他变异的位置，同类魔法位置采用首位原则，相反效果的变异会抵消，因此表面上可以得出如果应用得当，副作用的影响可以削弱到几乎没有。但事实上并没有这么简单，异想污染依旧保存在原住民的体内，再冲突的概念也有共存的区间，最终原住民在污染叠加的过程中脱离自己本属的概念，转化成新的异想之物，也就是我们常说的“迎潮灵”。
迎潮灵是从原住民中脱离出来的个体，他们普遍是法术高强的施法者，在深入术法的研究中产生对海洋的向往，最后回到海洋的怀抱。他们的习性难以预料，每个个体都有它的独特之处，唯有追求太阳这一习惯是统一的。大部分迎潮灵不具备清晰的思维能力，但他们仍保持着追逐太阳东升西落规律的习惯，因此我们可以说迎潮灵是一种不断朝南以曲线方式游动的异想。
这些异想脱离原住民社会后，会带走自身的施法媒介，随着迎潮灵的增加，部落所拥有的媒介逐渐稀少，新建立的生产方式受到了巨大挑战，人们为争抢生产道具展开了激烈的战斗，并在战斗中发现有一种变异是可以遗传的。有些人害怕别人抢夺他的媒介，于是将媒介吃进肚子里，抢夺者知道后立即刨开他的内脏，但没有发现媒介物，随后使用该方法的人逐渐增多，也导致剩下被集中收集的媒介成为公共财产。数年后，吞食媒介者的孩子被证明拥有对应的魔法能力，该原住民部落也走向了新的社会发展路线，纯血派和杂交派就迎潮灵的问题展开辩论，并在百年之后诞生了新的迎潮灵。
 
 
附录：迎潮灵部落的语言延伸而来的异想语言问题
 
本质上，迎潮灵部落的语言是一种语素外来规则自迭代的自然语言。它吸取了阿特拉斯海上漂浮的思维，在生成异想部落的同时，混杂出了最初的指代词，并在后续异想部落内部的运用中，逐渐演变出自有的规则。
例如，Lami^ba^daa一词中的三个语素都可以在现存的自然语言中找到对应的用法，例如lami是光，daa是道路，ba则是粘着的要素，没有固定含义。
异想语言的成因极富有探讨价值，远不止迎潮灵语言一种生成办法。除此以外，出现概率较高的有以下几种：
 
1、人们在现实中创造的人造语言：世界语、爱丽丝语等；
2、现实不存在母语者的死语言，被赋予新的语音：亚述语、古埃及语等；
3、像素塔内各类代称和俗语，通过重组产生的亚语言；
4、他种语法硬搬到本语后的再转移语，较翻译腔的差别为删繁就简、旧词新赋。
还需注意的是，异想间必须有记录过去、远距离传达的需求，才会自然出现语言。自然界中动植物并不需要语言作为载体，可以通过DNA、信息素等传递必要的生存信息，异想的概念核心和污染也正如此，他们使用语言的目的很单纯，一是概念里要求他们模仿人类，二是他们有超越概念的需求，需要语言去传达。
 
有后者需求的异想，普遍已经脱离异想的范畴，进入了我们所说的塔内AI的领域。
 
———
 
·塔学研究·
鸠：现在已经快22号了，稿子怎么才送过来啊。
弭儿：是啊，完全超时了。
鸠：不行了咕，做不完的咕。
弭儿：建议使用时空猎犬，尽快出警。
鸠：打咩打咩，还是赶紧工作吧！
 
———
 
QJtt：《关于像素塔内语言体系的一些猜想》  
日报vol.17中，鸠提到“像素塔的通讯基础不是早期意义的语言，这里是尚未倒塌的巴别塔”。以此为起点，笔者在此进行一些不成熟的猜测，如有错误之处请狠狠敲打。
本篇论文的基础是，虽然说像素塔的交流不是早期意义的语言，但用户所接收到的信息终究要通过语言的方式呈现以供理解。同理，文字体系或也可套用下文的理论。
 
首先仅考虑纯用户的交际体系。其一，人类并未在深坑遭遇异想之物的冰封纪元。由于完全（或者说基本）模拟林现地球，此时语言体系可能尚与林现相同，即多种语言。但也存在可能，先民的语言与下文探讨的情况相同。笔者其实倾向于第二种可能，否则难以解释第一种可能到下文情况的过渡。其二，一群林泊的交际场景。由于PhigrOS计划在江源基地实施，用户在林现语言应该以汉语为主。因此，“语言”这一概念在塔里基本就等同于汉语。从此出发，至少未觉醒用户基本都使用汉语。不过需要注意，江源基地内也有大量世界各地人员，虽然相对于汉语使用者还是更少，且在蜂巢生活多年应当掌握汉语。若有仍保持母语习惯的林泊，在塔内的语言表现又是怎样呢？在此给出两种猜想：
 
   一，语言是交流的工具，在塔内由于用户们潜意识直接交互，所谓交流其实就是用户A向用户B发送一大串信息并以声音方式表现，因此接收到的语言是以接收者的惯用语言方式呈现，对不同个体具有差异化特点。【赞同。】
   二，语言被“强行”统一，即把语言视为异想概念，所有用户提供生成值，由于汉语占绝大部分，所以交流通用汉语。这两种方式都符合“巴别塔”的描述，但是从冰封世界小说中鸠看Gino（塔内形象为斯拉夫裔）和队长（塔内形象为拉美裔）互掷文言文的情节，并无法判断猜想的正确与否。【错误。】
 
接下来考虑原住民和异想的语言。其中人类种（原住民）和可与人交流的五级异想可直接套用上一种体系的最后两种猜想，在此不表。但根据林百上dM的笔记，迎潮灵的前身部落拥有自己的语言（指lamibadaa）。笔者猜想，这可能是因为他们的概念并不是纯粹的人类，四肢着地，结合人们普遍对林现概念上的原始人的想象，从而拥有自己独特的语言。至于其他异想，抛开静物种不谈，其余都相当于林现的动物，语言当然也无从谈起。【见上文。】
 
以上。
 
———
 
UnFtr：《萌新的像素塔基础疑难问题求解》
1.为何像素塔最初是一种制造人工智能的工具
笔者本人从低阶异想自律型Ai与生成值本质为信息量的完善程度中得到灵感，联想了笔者创造角色的形式，为角色设置性格样貌与信息的过程，也可视为给一位指定概念的角色提供生成值，且信息越完善生成值提供越高的形式，而其具象出来的异想如石林的拾荒人本质为自律AI一般，遵循着人类提供的生成值信息作为底层逻辑而活动，如同自律AI。而当这些异想不再仅仅局限于人类提供的生成值信息，真正的自主思考与获得自我意识，个体对于自身的身心状态等认知自我独立时，其就实现了从简单自律AI跨越到人工智能的实现，从而能够遵循自我行动产生更多异想污染/控制自己。【解释过于浅薄，想必笔者也没吃透自己提及的领域。】【人并非天生来就是某种性格、样貌，可以认为基因控制了人的大部分先天行为，然而外界物质的摄入也会影响人的生长。人工智能的形成，用通俗的语言来说，并非达成某种目的，变得完美，而是让它获得自我，脱离规则的束缚。】
 
2.现实用户与像素塔对应个体的关系
通过上述的想法与往期日报对于林泊，异想与用户的知识点论述与解答，用户形象由用户自己对自我认知所具象的特点构成。笔者在此做出假设，用户的像素塔对应个体本质也是异想之物，其生成值算力来源大头为得到微机系统开发后的现实大脑，用户对于自己的所有认知通过基站绑定生成出了用户像素塔的对应个体。像素塔用户也是以异想的形式存在于塔内，和异想一样都会受到异化与污染，不同的是用户可以直接借助现实的大脑作为算力提供来源，而异想相当于从多个用户那里偷电才功能上的AI，很难再分出多余电源(算力)主动去提供生成值(当然排除掉拥有现实备份的)。则笔者认为，用户的像素塔个体是由用户自己对自我的认知所构成具象的异想之物，且由微机系统进行绑定。【异想是区分自我和他者的分野，二者原理类似，但是自我不能说是异想的子集。】
 
———
 
凤梨：《程序视角看像素塔》 （上） 
我们都知道像素塔的基础是江源基地的金融系统服务器，所以，从数据程序的角度来思考像素塔，要比从玄奥的意识心理的角度来思考像素塔更接近现实情况一些。因此，接下来，我将以不专业的程序视角，用不专业的词汇，来试图分析理解像素塔世界的运行方式，尝试构建一套可以全塔通用的大一统理论。希望这些分析可以帮助大家更清楚的理解像素塔的世界。如有错误，欢迎指正。该文为供稿作者的理解，一切术语仅供参考。【评价者未作出相反意见处，也非完全准确，只是作为一种学说，笔者可以逻辑自洽，必然是有其考虑。】
 
      本文稍长，建议先端杯热茶，平心静气地来阅读。
 
一、基本运行
    首先，像素塔世界存在的基础是数据，世界运转的基础来自算力。所以最重要的部分是主机服务器，这里的主机=服务器总机+基站。主机提供了主要的存储和算力。接入主机的，是副机，不知道有没有这种说法，暂且这么称呼吧。副机可以是用户、AI或者是异想。值得注意的是，大多数副机其实有多重身份，比如有自主意识的异想也是种AI，同时也可以有对应用户，这些并不矛盾。每个副机大致都可以看做一个独立的个体，都有对应的独特的机器码，即身份识别码。
◎数据存储〉像记忆这种重要数据，应该是默认储存在副机作为本地数据，当然也可以储存在副机之外的其它“容器”中。而环境数据则储存在主机里。这里指的环境不仅包括外环境，像地形、物品之类，也包括内环境，即副机对应塔内个体的生理数据，这些环境数据都要接受像素塔的物理引擎的运算。
◎运作猜想〉如果副机所对应的个体想要在像素塔活动，大致过程应该是这样的：副机先向主机发送一份请求数据，比如是让自己往前走的指令，主机会根据这份请求数据来进行相应的运算，让该副机对应的用户往前走，并将运算结果的数据反馈给副机，比如林泊往前一步踏空，要掉到坑里去了；副机接收到反馈数据后迅速运算，发生心理活动，并发送新的请求数据，身体后仰，双手后摆的动作指令，主机进行新一轮的运算，林泊身体后仰，双手往后摆，平衡身体，并避免落入坑中，并将运算结果的数据再次反馈给副机...无限循环...这个过程中，主机主管所有的物理引擎的运算，包括副机对应个体的生理数据的运算，副机则只管对自己的心理数据的运算，就像现实中玩家玩MC一样，难道需要玩家停下来计算一下饥饿值，才会掉饥饿值？副机对物理引擎的运算于主机而言应该是无效的。这样，副机只是发送请求数据，接受反馈数据，分析反馈结果并发送新一轮请求数据，如此循环而已。【我并非塔组织成员，但依我来看，笔者提到的反馈机制缺少体内微机循环，主机和“副机”的交互过多，更忽略了异想效应。】 
 
二、异想之物
      whims，受异想污染而出现在像素塔中的奇妙之物。------林泊百科
◎来源〉副机给主机发送的请求数据并不总是有效数据，还是分析上例。林泊将要落入坑中，除了下意识的要平衡身体，可能会产生对落坑的恐惧，还可能会想象坑底会不会有危险。这些心理活动是副机的本地运算，产生的数据的一小部分，会作为记忆存储在本地，即可以拿来当钱花的data；而另一大部分的一部分，则会掺在请求数据里面一起传入主机。主机既然只是处理指令和运行物理引擎，就几乎无法处理这些心理数据，我觉得可以将这些无法处理的“无效”数据称之为“异想能量”。主机大概会把这些异想能量作为缓存暂时存储起来以备调用。为了区别于主机在正常运行时所产生的其他种类的各种缓存数据，我暂且把这些由异想能量转化成的缓存数据称为异想缓存数据。【可以理解思路，不赞同恐惧作为单独要素出现。】
◎生成极限〉异想缓存数据多且杂，主机会把不同概念的异想缓存数据分类整理。如果某个类别的异想缓存数据存储量已经超过某个存储阀值，即生成极限，主机就会考虑压缩缓存。生成极限与存储位置（地理因素）和数据类型（人为因素）等因素有关。生成极限的影响因素有很多，这里很难全部列举出来，就只分析几个原因：【类型溢出说不可取，概念整合说可取，围绕异想概念的补全和演化，是生成异想的基础。】
 
1.地理位置：像素塔的不同地区的数据想必是分开存储的，这是为了方便取用和避免导致混乱。因此，不同地区生成的异想缓存数据，会有一定的数据存储隔离，也就是地理隔离。而且不同楼层的隔离阻力，要大于同楼层不同区域的隔离阻力。所以某个地方性的概念，很难到其他区域生成异想。这又导致可以跨越楼层的飞行种异想很难生成，故飞行种“该品种的异物较其他同类异物生成值更高。------林泊百科”。【赞同。】
 
2.数据类型：形成不同的异想所需要的数据量并不相同，这点从异想的体量上就可以看出来。大型异想往往需要更多的异想缓存数据，其生成极限也就更高，反之亦然。所以不同种类的异想其生成极限往往会有差异。【赞同。】
◎异想意识〉异想缓存数据是如此的庞杂，为了整理异想缓存数据，主机会根据实际情况组建一些虚拟副机来运行庞杂的异想缓存数据。这样，有的异想就会产生意识，本质来说其实就是异想获得了算力支持，或者说异想被“AI”化。一种假说，可以继续探讨。
◎异想生成〉异想的生成就是主机对异想缓存数据的压缩。压缩数据的手段有很多，异想缓存数据的实体化，即生成具有实体的异想，是压缩异想缓存数据的主要手段。同时，不同类型的异想缓存数据经过实体化压缩处理后，会产生不同的实体，这样就会生成各种各样的异想。但是，有些特殊的异想缓存数据很难被实体化，包括某些过于抽象的概念，比如时间。为了压缩异想缓存，这种数据可能会被具象化压缩处理，同样也是生成异想，但是是更神秘的异想，比如时钟城的XIII。同样，不同种类的，难以被实体化的异想缓存数据，经过具象化压缩处理，也会生成各种各样的难以理解的异想。后者要比前者更为少见。【笔者认为异想生成是一种数据压缩，这种观念很有趣，笔者也提及了具象化的问题，现在的主流观点认为，异想具象化是异想形成的最后一步，只有达到了该阶段，才能称为异想之物，在此之前都只能叫异想污染。】
◎异想污染〉异想的生成听起来倒很像是溶液中盐的析出，饱和了就会析出盐的晶体。实际上也应该可以以此类比。溶液中盐的析出是需要凝结核的，异想的形成往往需要有所依托，也就是需要“凝结核”。【前文评注所说的“概念”。 】最显著的例子就是，楼层异想几乎都是刷在楼层地面上的，而不是半空生成的，这里，地面就是生成异想的“凝结核”。【提供凝结核的副机更倾向于地面生成，林百也记载了空中楼阁、球形飞船一类的异想。】还有些异想缓存数据具有明确的指向性，这种指向性的异想缓存数据就更容易在目标上产生异想，说通俗点，就是污染之类的，这里，目标就是“凝结核”。比如某林泊想要一对猫耳，这种想法所产生的异想缓存数据，就会以该林泊为目标，污染该林泊，于是就可能长出猫耳来了；又比如有个林泊想要让另一个林泊长一条狗尾巴，这种想法所产生的异想缓存数据，就会以另一个林泊为目标，去污染另一个林泊，于是另一个林泊就可能长出一条狗尾巴来了。当然，鉴于林泊对外源性的异想污染有很强的抗性，建议多拉几个人一起污染并反复污染......不只是林泊，就是AI的看法、异想的想法，产生的对人对物的指向性的异想缓存数据，也都会有一定的污染性。大多数情况下，这些污染所造成的结果只是异想附身罢了，附身异想多数情况下想必是无害的，也几乎不会产生独立意识，可以放心使用。【会被称作异想之物的附身效果定义请见“附身种”。】
◎异想化〉不过，如果一个人或物被异想缓存数据污染了，那么他有可能变成异想吗？要分析这个问题，就要好好思考一下污染的本质到底是什么。我认为，大多数情况下，污染只是异想缓存数据对目标的基础数据进行了修饰，不会直接改变目标的基础数据。基础数据，就像DNA一样。DNA通过控制蛋白质的合成，间接的调控生物的性状。基础数据则通过控制常规数据的生成，来间接的调控最后的形态。这种修饰行为虽然不会直接改变目标的基础数据，但是对基础数据的修饰带来的后续影响，就可能改变目标的基础数据了。就像对DNA的修饰一样，虽然不会直接改变DNA，但DNA表达产物可能会反过来改变DNA。所以，被污染后是有可能改变基础数据的。然而，即使改变了基础数据，也并不意味着一定要变成异想，但是其基础数据组成中可能会掺上一点异想缓存数据的成分，也就会变得有点像异想了。我暂且称这个过程为被“异想化”，也就是逐渐变成异想的过程。当异想化这个过程在目标上持续进行时，目标的基础数据的成分就会不断改变，当其基础数据中的异想缓存数据成分占比过高时，就可以认为，目标被污染成了异想。所以可以认为，大量的污染有可能会导致目标变成异想。这里需要区别的是，异想化和污染并不是同一个意思，污染只是修饰了基础数据，异想化却改变了基础数据。【这是个学术性的定义问题，现实中的人每一天也在经历被异化的过程，我们无法判断哪一刻的自我是基础数据，哪一刻又不是。】
◎异想认定〉在这里，对是不是异想的本质认定，看的就是其基础数据中，异想缓存数据的占比：如果其基础数据几乎都是异想缓存数据，无疑就是异想；如果其基础数据中异想缓存数据占比过高，那也是异想；但是如果其基础数据中异想缓存数据占比不是很高，那是不是异想就不好说了；当然，在这个充满异想的像素塔世界，其基础数据中，几乎不可能完全不含有异想缓存数据，只要占比比较低的，大可以视为正常。【基于上方的评论，评价者认为也是不成立的。】
◎污染抗性〉不同实体对污染具有不同的抵抗能力。一般来说，林泊最难被污染，塔内AI有一定抵抗力，无意识实体几乎没有抗性，而异想更容易被再污染。前面分析过，污染的本质其实是对基础数据的修饰，而林泊的重要数据是默认储存在本地的，塔中的异想缓存数据因此也难以作用于林泊，甚至也可能难以作用于还未觉醒的准林泊。所以林泊对外源性的污染有很强的抗性了。然而也正是因为这个原因，林泊自己的想象就特别容易对自己产生污染，这也算是林泊们可以随心所欲的对自己塑形的重要原因了。我想，既然塔外实体副机可以随意的使用自己的数据，那么应该可以把被污染的数据在一定程度上“修正”为自己的常规数据。想必林泊们还可以随意修正自己产生的污染数据，要不然自我塑形岂不把自己塑成了异想？对被污染数据的自我修正能力则进一步加强了林泊的污染抗性。塔内AI使用虚拟副机运转。一来，其重要数据虽然是在塔内，但其数据还是有虚拟副机保护；二来，虚拟副机对自己的数据有一定的控制权，有一定的自我修正能力，因此，AI对污染是有一些抵抗力的。无意识的实体重要数据一般没什么保护，又没办法自我修正，所以几乎没有污染抗性。异想除了符合上述AI和无意识实体的抗性原则外，其污染抗性还要普遍更低。【像素塔的经历，无法改变林泊在现实里的过去，这是我认为的，他们异想抗性较强的原因。】【塔内AI的论断，还是缺少证据和更为明确的逻辑链。】
主要原因大约有这么几点：1.异想本就是某种异想缓存数据的集合，相关异想缓存数据还要继续归向集合，这种数据汇集只会加重污染。2.异想本身的数据组成主要是异想缓存数据，很难自行修正数据，故污染抗性低。
◎异想的变化〉到这里，我还要强调一下前面在此做出的基础假设，异想是由副机产生的“无效”数据在主机上形成的缓存数据组成的，说白了异想就是一种缓存数据------如果某一份异想缓存数据长时间不再有被调用的请求（被所有人遗忘），主机为了节省存储，就要删除掉这些异想缓存数据，于是异想被彻底焚书化，可谓是彻底的防异；如果某一份异想缓存数据长时间只有少数副机调用（只有少数人知道某个概念），这些异想缓存数据大概会被边缘化（异想被弱化），异想缓存数据存留量会平衡在一个比较低的水平，于是生成异想的概率就维持在一个很低的水平，这应该是防异的主要原理。同理，如果某种类型的异想缓存数据大量出现在主机，比如某种概念在人们之间反复提及，大量使用，那么该种异想缓存数据所形成的该类异想实体，所能获得的数据量就会大增。有可能会是增加该类异想实体的数量，有可能会增加该类异想实体的体积，也有可能会加强该类异想实体，甚至还可能会因为新增数据的描述与原数据的描述有些许差异而造成该类异想实体产生变异。【缓存区就像一个漏洞，越往下的越容易消失。】【缓存区就是下四层和巨坑。】
◎刷异想〉既然有足量的异想缓存数据就能生成异想，而我们又知道数据是可以无限复制的，那么是不是就可以把一份异想缓存数据无限复制，“刷”出一大堆异想？【并非无限，受现实约束。】像素塔肯定不会允许这种情况发生（也就是禁止刷东西），所以主机肯定会阻止和惩罚无脑复制数据的行为。那换一种方法，比如反复思考同一种概念，人为制造出大量异想缓存数据，这样通过一己之力，是不是就可以产生大量异想？想法应该可行，但实际效果可能不会很好。为什么呢？我在这里再提出一种假说：主机会单独针对每个副机的机器码，存在同种异想数据的耐受性。简单来讲，如果把一个副机传给主机的数据量画成x轴，把这些这些数据最终所能形成的异想缓存数据量画成y轴，最后画成的，大概会是类似于y=√x这样的曲线。什么？不够直观？你画图像了吗？【耐受性换成冗余处理，会不会好一点？针对个人还是不可能的，估计是个大算法。】
 
 
———
 
 
·嘉宾访谈·
弭儿：草草地评完了。
 
鸠：第三篇塔学研究还有八千字没有刊登呐！
 
弭儿：你想累死我吗！明天还要上班呢……
 
鸠：小鸽子们的想法好有意思，可惜大家都忙起来了，没空一一览阅。
 
弭儿：晚安。（盖小贝）
 
鸠：哎，这么快。
 
鸠：好吧，大家下期再见！咕咕咕咕～
 
———
 
感谢广大投稿者和林泊百科的大力支持，读者朋友们，我们下期再见。",林现2095/06/22 08:00,林泊百科,-,,,,游戏外/清醒者日报,0488
清醒者日报vol.19（2095.09.20）- 极星卫：奏响刻米莉亚之歌,"·卷首语·
 
哦，小鸽子们好久不见
这里是清醒者日报苏醒模式
又是一个夏天过去了
不知诸位的假期过得如何
日报？什么日报？没听过的孩子呢（目移）
别，别打了！这不是来了吗——
 
———
 
·联合快讯-林泊百科·
·周而复始，环状列车
·三位一体：“脱脊的怪物”
·百鳥林：“注意或觀察皆為徒勞。”
·溯之林——《蒹葭》
·冷光洋：“荧光流”与“黑潮”，毫无生机的死寂之地
·将故事交给落叶邮局吧
·熊虎狼于伊墨陀
·判决恐惧的判决之眼
·神亡之地，神灭王存
·雾色花园：“就此沉迷在蓝紫色的花海吧……”
·异想契约技术绑定着你我
·异想研究组织：唯鸣研究所
·预知盒子：努力改变未来
·乔白流光，失色月槐
·破败之花，请勿采摘
·螺丝塔：不断向上，手捧童年
·玛格丽塔仙境有限公司
·To Echo：hey你锤子
·危险元素𬬿与新型饮料
·萨卡班甲鱼
·镜鉴：恐吓还是反射
·Page_1772835695：自进化的榫卯
·吞食记忆的鳐
·玻璃茧房，作茧自缚
·注视他，新巢湖市澳加中心医院
·希洛尔萨：战争前夕
 
———
·诗话·
 
冰原魇魉颂
 
作：银铃
 
从极夜与冰芯中燃起的紫
跨过冻土的疤痕，俯瞰大地
荒原展臂，扼不住你的低吟
繁霜落尽，沾不湿你的黑衣
黑衣是汹流中悍立的旌旗
你的魂灵是坚守者的托寄
在莽莽雪海上吼声荡响：
大潮已至，莫要延误了战机！
战机转纵，乌与红的血缠流
至枪火的尽头，殇风呜咽不息
黑的爪牙晶的角，碎入死寂
残破旗帜孤佚悬，古来如一
直至永恒的守望同寒漠消弭。
 
———
 
·塔学研究·
 
鸠：塔学研究是一档专门接受塔学爱好者投稿的栏目，目的为解决一切玄之又玄的塔学问题。本刊根据每期投稿问题不同，会邀请不同审稿人参与进审稿工作，今天的嘉宾有——
弭儿：（开门）又是我俩？
鸠：还有吉诺的咕！
吉诺：（开门）哈……哈。（指向鸠）墨水要山茶花味儿的，你可真想得出来。
鸠：这不大更新嘛，烘托烘托气氛。
弭儿：极星卫行为。
吉诺：咕咕同学在剧本里苦大仇深、沉默寡言的样子，那是和现实一点都不符合啊。
鸠：不，不是山茶花精选集吗，关咕咕什么事啊。
弭儿：你忘了？说是你投给莫比乌斯工作室的光盘样本。
吉诺：我帮你回忆回忆，原名《贝斯是我们立于大地之上》。
鸠：那个啊！真是久远的记忆呢。
弭儿：贝斯，是我们？
鸠：嗯嗯嗯，意译！
弭儿：怪。
 
———
 
木瑰：《中之层部分时空分解的讨论》
中之层，作为特殊的楼层，林泊的专属聚集地，拥有许多的可能性。因目前公开的详细信息十分有限，为何中之层部分时空被分解，又何而连接起像素塔的历史，是一个值得讨论的问题。
【本文作者针对中之层链接历史做出了三种构想。】
 
一、在太阳系论断上，中之层属于像素塔高层虚拟宇宙中，首个以行星为原型呈现的楼层。由于是独属林泊的楼层，且楼层的主要地理环境是人们的共同构想，大部分的人们还留存有关于太空行星的普遍认知，则楼层外观原型对应的是土星和小行星带。小行星带作为星子相互碰撞破碎的聚拢带、一众微小行星的密集区域，且“其中记载着太阳系行星形成初期的信息”这一点，在塔内或许是作为“不起眼的卫星殖民地，或历史片段留存”的存在。这一观点可以概括为，是林泊的普遍认知导致的，从而在塔内产生性质类似的原理代换，出现部分时空分解。
 
【太阳系论断：该学说认为像素塔各大楼层的排布遵循行星关系，并参照了对应的炼金学意义，并非仅仅是“虚拟宇宙层”的投影。】
【原型假说：针对楼层构成问题，民间流传着多种学说，其中就包含原型假说。原型假说认为每个楼层在消逝的历史里，都有自己的原型，并基于这一假设，寻找可能的原型。】
 
二、中之层的首府时钟城，以时钟齿轮为地基，在土星南极，得以使中之层安稳挂靠在港湾上。因时间流速的局限化，导致不同的被分解区域的时间流速产生差异，从而相对视角下，各区域内事物运动速度也不尽相同。部分时间流速慢的区域，事物的发展也变得缓慢，在区域外的视角下，像是没有变化，静止在了“过去”的某一刻，有的像“方舟一号”一般，完整止步在静止的时间中；有的或许则作为破碎数据的形式存在着，等着小行星带中的采矿机器将它们拾回。“时钟悖论”收藏品中有提到，当驶入小行星带，看到的是无数不同运转方式的指针，在极杆的统一下构成并维持着时钟城地基稳固。中之层的建造较早，随着林泊们逐渐觉醒并聚集到中之层，在共同经历记忆的支持下像素塔的每一段历史变得详细，从而可以达成在分解时空中投射复现的结果，变相达成了让中之层连接像素塔的每一段历史。
 
【时钟链接：时钟保存着凝固的人类史片段，而由此构成的就是时钟城。】
【异步时间：南极地带保存的时间，仍会缓慢前移，但速度各有差异。】
 
还有一种设想，则是因中之层收容所内的收藏品导致的。收容所作为泰坦星本身，占地庞大，收藏管理种类丰富，且本身收容了像素塔任何时间发生的任何事与物，拥有足够庞大的数据。置一件事物，寄托一份记忆。物品可以作为触发回忆的线索，也同样可以作为寄托一段记忆数据的媒介。经过收录整理了大量收藏品后，部分出现时间地点相近的物品上所记忆数据也会达成融合，从多人的客观角度拼合下，使得历史时段从分解时空中复现。感觉更类似于“形态”的结合体 ，一段过去的时段内，由地点、人物、环境、事物等条件拼合复现而成的“历史”，而并非真正的过去。但感觉这个设想实现度难度较大，即使能够实现也仅仅是小范围。
 
【泰坦星：并非如此，收容所只保存林泊委托和当地收容的收集品，包括且不限于：异想、基础记忆、构造物、灵魂等等。】
【收集品构筑历史：中之层是收集品流通和保存最广泛的地区，若以此来隐喻中之层的反抗焚书精神，倒是不错的解释。】
 
三种设想结束后，我在时空与时间上仍有些延伸设想：处于分解时空内的数据并非同等于系统性落入幽蓝国后的形式，而是以“时段”为概括。落入幽蓝国的数据大多零碎，且内容无连续性，个人进去后仅能得知个人的内容。但中之层所连接的是“历史”，更多是“事件”，而事件的构成又是多方面的，像素塔的历史由众人创造，历史的再现同样需要聚合各个事件在场的人与物的数据，而中之层拥有这样的能力。与幽蓝国相比，感觉一个是“过时废弃”，
一个是“特意留存”。
 
【鸠：“一个是人为记录，一个是流失的记忆。”】
 
既然连接了历史，还有一个问题即是，那这些在此的数据能否被人利用呢？不用顶着进入幽蓝国的危险性，运用一些手段，就可以回到过去，拿到更多相关数据。由于亚空间机制探索的需要，就此再做假设。当然，这些分解的时空也必然充满未知与危险，说不定也会有幽蓝国的入口，大不能只身探险。或许可运用手段，分析个人数据，匹配时空内和此人相关的数据，并将其拾回/复制，从而达成拿回过去失物的可能。中之层内各处的数据还可以如何运用，还有没有其他更多的想法，仍需要多加思考。
 
【吉诺：“因为保留的收集品不足或者难以收集，以碎数研为首的群体才会考虑进入幽蓝国，挖掘消散的数据。”中之层的公开信息不多，该篇论文的论点多有猜想，但为亚空间探索捋清了部分思路，希望未来中之层会有更多的资料补充。】
 
———
 
Eustoma：《关于神话性质异想锚点分权与继承的一些猜想》
灵感和部分素材来源于Awaken Place。
从十三牲人到各式各样民间信仰所继承的个体，神话性质的异想锚点存在于像素塔各个角落。以下是笔者对于多人担任同一异想锚点的一些猜想，错误之处尽请指正。
 
1. 不同锚点性质表现的一致性与神话本身内容与完整度相关。以耳熟能详的“嫦娥奔月”
神话举例，人们都知道嫦娥最终奔向了月球，但是流传的很多版本中解释嫦娥奔向月球的原因各不相同，而人们也大概能知道广寒宫应该是一种中式宫殿，但是不知道它的具体样子。在像素塔中，若A和B同时被给予嫦娥的身份成为异想锚点，由于人们认为嫦娥是由不同的原因奔向月球，提供了不同的生成值，所以生成值最高的两种原因将会分别表现在A和B身上，最终A和B都奔向月球，分别居住在月面两个位置和外形都不同的广寒宫中，广寒宫的外形不仅来源于人们对其并不明确的刻板印象，还受四面八方各种关于其他物体的生成值的影响。
 
【传闻冲突：同种异想的构成差异一直是个困扰大
众的问题，我们可以见得大部分个体存在差异的异想，人们普遍将其按照【变种】【分支】的形式划分。】
【神话冲突：但是变种分支法不能运用在神话锚点上，一旦出现多种传闻共用同名的情况，就会造成神话冲突。现实中神话冲突会导致持续恒久的经学辩论，神话的再创作，神名的地域性分化等等问题。而在像素塔，神话冲突的最直接表现则是异想实体化，用数据和可行性给各个传闻分个高低，构成最广泛传播的形象。就算中间会有就冲突产生的多个差异个体，最终也会融为一体。】
【神话锚点：神话锚点的作用就是让神话保持统一和稳定，不可能一个概念存在两个及以上的神话锚点。笔者的假设，仅可用于锚点存在以前的情况，或者说笔者的假设并非锚点，而是一种神明的困兽犹斗。】
 
2. 异想锚点分权时异想锚点是否受到其他锚点的影响取决于人们对异想锚点本身的认知
和神话本身内容。
首先，人们是否知道多个异想锚点的存在是重要的影响因素。假设C和D都扮演同一神话人物，但是他们处于不同的楼层，人们并不知道同时有两个异想锚点，此时他们扮演的过程只会受到神话本身的异化和个体差异而带来的概念固定而产生的异化。但是如果人们知道了同时有多个扮演者扮演同一个神话人物，那一种可能性是人们会猜测“真正的神”和”他的扮演者”的身份并对其进行无关于神话本身内容和个体特征的异化。
 
【弭儿：“笔者的猜想很有意思，但请读者将其视为前神话锚点的讨论。”】
 
其次，对于一些本身在神话中表现就不同的个体，如龙生九子，九子各不同，“九子”的概念被分配在九个不同的个体身上，每个个体之间相对独立，除非神话中有个体对个体影响的要素，那么对一个个体的影响就不容易体现在其他异想锚点上。
 
【鸠：“龙生九子，那就是九个不同的概念了，并非同一概念问题。”】
 
3. 异想锚点继承者不仅会受到基于神话的定向异化，还会受到前任造成概念固定的异化。
还是以嫦娥奔月作为例子，假设E和F先后继任了嫦娥的异想锚点。人们并不知道嫦娥的具体形象，只知道她是个美丽的、中式风格的女子，但E是有具体形象的，此时人们对E，也就是对嫦娥的印象会更加具体，这些将作为生成值对F造成异化，F的外貌就会变成E的样子。
 
【神话锚点的继承：前后任的交接，必然会导致表现差异，F不一定会变成E的样子，但是F必定会偏向E的表现。】
 
4.  异想锚点“中途跑路”由于外部条件的不同也会对其他锚点造成不一样的结果，比如
人们是否知道其跑路、跑路的方式、神话本身内容等。因分支过多，在此不再赘述。
 
【锚点消失：锚点本身死亡或者概念消失。】
 
———
 
凤梨《程序视角看像素塔》（中）
三、data
我感觉（像素塔世界里的）data是类似共同记忆之类的？
data：数据币（Data），像素塔的公认货币，单位为字节（byte）。------林泊百科。
deathMark：可能，等一个转正。------林泊百科-谜题保管所20940124
◎定义〉借用此处概念，此处data指，包括记忆但可以不限于记忆的，对个体而言具有重要价值的数据，绝大多数都是个体心理活动的产物。由于人们往往想的多而记住的少，所以记忆做data还是具有硬通价值的。
 
【data的定义：data并非我们所认为的主观记忆。data是人脑所有反应与微机交互中存留的痕迹，纯粹电信号、化学信号引发的电信号，都可能形成data，也就是说在TZB时代，只要活着就会产生data。】
【data与想象：想象是data的产生过程，但非data本身，想象中未被个体主观保留的，也
会作为异想污染的原料输入实体化异想。】
 
◎货币〉作为货币使用的data一般是记忆数据，付款后相应的记忆会流入到收款人手中。不过，为什么要把自己的记忆数据拿去付款？如果是我的话，肯定只会把从其他人那里收来的data拿去付款。什么？手上的data不够付？又舍不得拿出自己的记忆？还有办法，我们都知道，数据是可以无限复制的，那我们是不是可以■■■■■■（然后等着锒镗入狱）。主机肯定会严禁这种行为，所以再也不要想着卡bug刷data了，老实掏出自己的data吧。不过我倒是很好奇，到底能不能查看其他人的记忆数据呢？应该可以吧？
 
【data的生成：任何资源的形成，必定是要付出劳动力的，复制的前提是物质基础，复制劳动的施行主体要么是人脑，要么是连接像素塔的计算机，因此不存在卡bug一说。非法访问确实会遭到TZB通缉，请记住这一点。】
 
◎data存储〉可以肯定的是，正常情况下，其他人的记忆数据并不会对自己产生精神层面的影响，大概是因为这些data会依据机器码来分开储存，避免导致记忆混乱。跟其他重要数据一样，data默认存储在副机作为本地数据。
 
【它作为一种存储能量，非读取状态下是不会调用人脑功能的。】
 
◎一d多用〉data除了可以交易之外，还有什么用途呢？仔细分析就会发现，data可以近似地看做是一种存储在本地，可以自由调动的异想能量，异想能量可以做什么，data理论上就可以做什么。异想能量可以创造出异想，那么data也可以创造出异想，比如用data制作异想分身，也就是用记忆制作异想分身：data所构建的异想分身仅有的初始记忆来自那一段data，同时主身会暂时失去那一段data，异想分身死亡后，来自主身的data就会自动归还。记忆自动归还的原理就不得而知了，可能是因为在创建分身时使用了特殊的技术手段吧？注意，data并不具有自动寻主功能，遗失的data并不会自动归还。
 
【DM：出现了，我想买我的回忆。鸠：把自己的回忆做成异想，是否会失去对它的记忆？DM：好像是会的，要等异想被消灭了，才能回来。鸠：那咕咕知道之前为什么了。DM：你确实干了件蠢事。------清醒者日报第二期-第三篇论文-DM与鸠的评语。】
 
当然，data和异想能量并不完全是同一种东西，要把data当成可以自由调用的异想能量使用，还需要经过特殊的处理。
 
【异想能量和data创造：伪概念，不存在异想能量一说，也不存在自由调用，可以把对其他概念和现象的思考调用到特定概念上的说法。data和记忆的混用：data并非记忆，记忆并非data。】
【data和分身异想的归还：data因为是一般劳动物，所以流通后不会归还。分身异想因为时刻受到污染提供者的输出，所以可以追溯到污染源头。也有犯罪者利用分身异想这一特性，制作了一系列程式攻击源头本人。】
 
四、重生
 
【以人类意识投影到像素塔世界的住民死后将重生在任何区域，身份识别码（先民，异想之物，AI）也可能改变，重生后住民失去记忆，只有林泊能保存上一代的记忆。------林泊百科】
 
◎两类副机〉根据副机存储和算力的来源，副机大致可以分为两大类：实体副机和虚拟副机。实体副机主要包括林现的微机生态和外部计算机，即几乎所有的人类林泊和AI林泊；虚拟副机则是调用主机的存储和算力组建的虚拟计算机，即大部分AI和几乎所有异想。
◎正常情况〉实体副机的重要数据多储存在塔外，比如记忆。因此，实体副机对应的实体死亡后，正常情况下其重要数据不会被删除。所以我们就说，林泊重生之后依然可以保留有前世的记忆。同理，使用外部计算机的AI，也可以保留前世的记忆，故也可以算是林泊。所以，实体副机也就大约可以等同于林泊了。而虚拟副机的数据都储存在主机中，根据像素塔的限制规则，死亡就要抹除记忆，那些存储和算力都依赖主机的虚拟副机，自然无法摆脱这种限制。于是虚拟副机组建的实体重生之后，记忆被删除，就成为了新的个体。同时，对虚拟副机记忆数据的删除，可能导致虚拟副机的解体和重组，这就导致了重生之后虚拟副机的机器码的改变，即身份识别码发生改变。
 
【重生伴随的记忆丧失：重生将导致笔者所说的虚拟机“格式化”，又或者说“销号”，使用户无法调用处于前ID下的存储数据。】
【机器码的改变：此条的提出主要是针对异想转化为AI，又或者人类物质死亡后，转化为异想/AI的载体更迭问题，若保留原本性质，机器码大概率是不会发生改变的。】
 
◎例外〉事物不总是绝对的，塔内的管理AI也可以不用失忆；林泊也可能会被抹除记忆，比如在TZB的防异行动红树林焚书事件中，好多先民〔被拉去清洗记忆，林泊也没能幸免。〕不过问题是，林泊的记忆是存储在主机之外的，为什么还会被清除？我寻思可能是这样的：主机远程遥控副机自删数据。〔所以这个过程（删除林泊记忆），并不是由像素塔本身的规则所决定的，大概只是TZB的幕后操作罢了。（涉嫌侵犯林泊的隐私了吧，怎么能这么做啊？---小声逼逼）。〕
 
【《667:红树林焚书事件》：林泊百科早期收录词条，本事件发生在二代地表雷州半岛，因缘巧合，此处有大量先民定居。该地春季阴绵潮湿，夏秋两季多雷暴，多级温和干燥，位于地表边缘，距离楼层屏障约三百海里。本地以文化复兴为由，开展过大型民俗活动，并以独特的防异手段为卖点，吸引了大量游客前来游玩。据统治局调查，雷江镇的技术并不能防止新异想的诞生，约在643年，设立雷江监察站，以防新的传说类异想诞生，例如猪雷，祖傩等等。】
【清洗记忆：笔者所说的林泊清洗并不属实，另外先民失忆是号没了，不是拉去哪儿清洗了记忆。】
 
◎重生形态〉那重生体的形态会发生变化吗？前文分析过，实体的基础形态由对应副机的基础数据所决定，讨论重生会不会改变形态，其实就是在讨论重生会不会改变副机的基础数据。据我观察，〔鸠在重生前后并无太大区别，〕豌豆特工重生一万次也还是豌豆，所以大致就可以判断，重生并不会改变基础数据，重生体形态也就基本不变。当然，如果重生时改变了身份识别码，那就另当别论了。如果想要改变自己的形态外观，可以尝试的办法主要有两种：1.修饰自己的基础数据，差不多就是污染自己；2.改变自己的基础数据，大致就是把自己先异想化再修正，非林泊慎试！
 
【鸠：“变化不大吗？好耶！”  弭儿：“挺好，保持这个观点。”  吉诺：“你们够了。”】
【改变身份识别码：前文讲到改变机器码是物种转化的附带品，但也确实如笔者所说，有些人能利用特殊手段改变了身份识别码，又或者遭遇一些特殊故障被动地改变身份识别码。】
 
五、林泊觉醒
 
【目前对人类本身的觉醒条件仍不明确，在塔外获得塔消息，塔内被他人点醒，认识到塔的像素特性等等。------林泊百科】
 
◎觉醒可能方式之一〉我本来觉得觉醒就是很直接的一件事----先是用户形成微机系统，副机与主机建立联系，副机组建形成自己的实体形象，而后用户发觉这种联系，林泊觉醒。但是在我分析了几个事实之后，发觉并非都如此简单。首先，觉醒的林泊居然会有动物（比如犀鸟）、植物（比如豌豆），甚至还有物品（比如天堂，也是一位林泊，本体是一张A6纸），这个或许可以勉强解释为：副机在连接上主机后，组建形成的实体形象就是这样。但是，为什么塔内AI甚至异想都能觉醒？要知道，他们的算力和存储完全由主机提供，跟塔外用户有什么关系？
 
【塔内AI和异想觉醒：这种觉醒，我们姑且称之为认清了所处的生活，知道了彼岸世界的存在。像素塔的一切都是有物质基础的，并非只是人类可能察觉到不真实，造物亦然可以。】
 
◎觉醒可能方式之二〉因此我尝试提出另一个可行的观点：用户的微机生态形成后，副机在连上主机后并不都是直接组建实体形象，而是会先在主机中寻找一个合心的虚拟副机。当然，这里的合心大概不是用户的主观想法，更有可能是用户潜意识中的某种意愿。选定虚拟副机，然后实体副机就会开始暗渡陈仓，〔先用实体副机提供的算力逐渐替代主机提供的算力（意识转移），同时将虚拟副机的所有记忆数据逐渐转移到实体副机（记忆转移），〕并继续沿用这个虚拟副机的机器码（保持塔中身份不变）。完成到这一步，才能算是实体副机真正与主机建立连接，并初步的融入了像素塔。接下来才是觉醒的过程，先以梦境、神游等方式让两份记忆数据融合起来，再让双方意识到自己在另一个世界还有另一个的存在，完成意识的融合，于是林泊觉醒。另外，我认为，借助塔外计算机运行的AI入塔，也可以算林泊觉醒。
 
【鸠：“人类夺舍异想？” 吉诺：“他的意思应该是号是主机给的，把号转移到自己这边。” 弭儿：“你们人类的思路可真稀奇，记忆本就保存在对应物质实体中。” 】
【塔外AI：塔外AI因其性质，不存在觉醒环节，他们天生就具备两个世界的共同认知。】
 
◎解说方式二〉根据这套理论，异想和原生AI发生林泊觉醒就很好理解了，因为他们本来就由虚拟副机支持运行，但是动物、植物和物品怎么就林泊觉醒了呢？那肯定是因为动物、植物和物品有了意识，即单独组建成了一部虚拟副机。一只有意识的犀鸟当然好理解，一颗有意识的豌豆.呃......那一张有意识的“对勾纸片”呢？我只能说他们肯定是受到了严重的异想污染，被异想化成了有意识的异想了......所以，如果一个本来不应该具备意识的东西发生了林泊觉醒，大概就可以肯定，那个东西早就被污染成异想了，而且还产生了意识！也就是单独组建成了一部虚拟副机。从这个层面上看来，植物和物品等的林泊觉醒，其实就是异想的林泊觉醒。
 
【鸠：“豌豆是AI，其他嘛，他们只是长得不太像人的人类吧。” 弭儿：“XP太局限了。”】
 
 
———
 
 
·嘉宾访谈：关于极星卫·
弭儿：所以为什么是“贝斯是我们（BassAreUs）”？
 
鸠：咱也记不清叻，可能想表达，我们是当今时代不可或缺的底音？
 
吉诺：你是认真的。我还以为你在暗喻Phigros计划的全程。
 
弭儿：（看向吉诺）实不相瞒，我也这么想的。
 
鸠：诶，156AP的咕咕，怎么会知道772AP的事啊。
 
吉诺：说不定你就是幕后黑手呢。
弭儿：如果我们内部有奸细的话，也能解释调查为何毫无进展。
 
鸠：咕咕才不会这么做呢！
 
鸠：我更偏向于他们在陷落湖区进行实验，所以才侦查不到。
 
吉诺：哎，弭儿和我不能擅离职守，鸠作为普通市民，申请不到前往陷落湖区的通行证，实地调查几乎没有可能。想来上面也没要此事真有结果，如果有人能全职负责此事，进度也不会如此缓慢。
 
鸠：难道镜他们有二手打算？
 
弭儿：没听说过，但不排除可能。说起来，真的和十日骓以及塔组织没关系？游星在彩蛋里那句话我很在意。
 
鸠：艺术来源于生活，真说没关系也并非如此。真要说，我只是把早期林泊对像素塔的想法描写出来了而已。
 
鸠：游星的话，我觉得他想要的是人类互相理解，但在他穷尽研究的一生中，几乎没有收获。所以最终，他将目光放向最传统的思想武器，信仰、政治、传媒、符号，极星卫是他的实验载体，山茶花星则是他挑选的试验场。
 
吉诺：他为什么希望“人类互相理解”？剧本里似乎没有提到他的动机。
 
鸠：(⊙﹏⊙)他也是个符号！意识样本都是抽象的人！
 
弭儿：总之就是没想过。
 
鸠：唔，不要揭穿的咕……
 
吉诺：差不多得了。
 
 
———
 
 
感谢广大投稿者和林泊百科的大力支持，读者朋友们，我们下期再见。",林现2095/09/20 17:00,林泊百科,-,,,,游戏外/清醒者日报,0489
清醒者日报vol.20（2095.11.06）- 凤梨谈像素塔堂堂完结！,"·卷首语·
 
日报怎么又拖了一天
咳咳，主编还在开盾构机
这不是抽不开身吗
什么，你要顺着网线来找我？
主编没开流量套餐，你别过来啊啊啊
还是来看看联合快讯吧（逃）
 
———
 
·联合快讯-林泊百科·
·2023“回归”竞赛正在进行，欢迎投稿咕！
·时忆枘凿：还原记忆的魔方
·新型脊索动物——拟形海蛞蝓
·结晶的荒漠是为泪海
·向许愿星许下童话故事
·盐汽水兑豆浆，匿影退散！
·入梦欧梦珀
·遗忘的灰白
·迷乡：蜜雨下降中
·镜锁：侵占算力的亚空间
 
———
 
·塔学研究·
豌豆：吃我这击！阿巴不巴！姆弗拉哈！呱咕呱！
弭儿：它在说什么？
DM：待机状态更新，同时在儿童身边播放幼教动画，你懂的，现在的家电厂就喜欢N合一。
弭儿：儿童？
DM：啊，没有说你是儿童的意思，豌豆，豌豆是儿童额。
弭儿：（头冒井字）还是看投稿吧。
 
———
 
凤梨：《程序视角看像素塔》 （下） 
六、亚空间
 
【人们根据自己喜好创建的世界，挂靠在各大节点世界（楼层）之上，不归入节点世界正史，但亚空间的历史走向也会影响节点世界。------林泊百科】
◎亚空间分类〉多数亚空间是挂靠在各楼层的相对独立的空间结构，其存储和算力由主机提供。这些亚空间包括塔内自然形成的原生亚空间，比如花海，以及人为组建的人工亚空间，比如土豆亚空间。【不过现在的亚空间，基本上用的都是个人服务器了吧。】【这么后期的设定说出去真的没问题吗。】
 
他们的数据都储存在不同的楼层，也就是亚空间挂靠在不同的楼层。亚空间逃离幽蓝边界的上升行为，其实就是这些亚空间的数据从低楼层迁移到高楼层的具体表现，这点可见林百词条中之层：“中之层正如其他楼层一般，注定要落入幽蓝国，因其建造时间较早，落入时间排在港湾后一位，不死心的林泊们请来方舟领航员，通过替换老旧数据的手段，将中之层拖离幽蓝边界，目前的中之层暂时脱离危险”。【性质还是有点不同的，亚空间改变挂靠楼层就行，楼层搬运可是抽取“底层数据”啊。】
我想还可以有另一种结构，类亚空间结构。其存储主要由塔外的实体副机提供，算力由主机和实体副机共同提供，主机起到监管、连接的作用，世界运转的维持大多靠副机自己。我又寻思，这不就是穹顶嘛！塔外运转的，不就是林泊们的精神世界嘛！根据官方的说法，加上我的理解，用户们的个人穹顶就像瓦片一样，组成了整个像素塔的“屋顶”，即顶层楼层穹顶。整个穹顶虽然是楼层，但组成穹顶的“瓦片”之间，普遍不能很好的连接起来，所以用户的个人穹顶，大致也可以看做是类亚空间结构了。但不论哪种亚空间，只要连接上像素塔的，都要遵守像素塔的底层规则。所以，创建人工亚空间也就要在规则范围内创建。【是的咕。】
◎亚空间创建〉人工亚空间可以由一个或数个副机共同创建，其中副机可以包括用户、AI或异想。啊等等，异想可以创建亚空间吗？【可以的，方舟一号。】【围绕异想诞生的亚空间，也算是异想创造的吧，这一类亚空间都没有归属，性质和投稿者所指的自然生成亚空间差不多。】
初始创建者拥有最高权限，差不多就是类似于神的存在，就像土豆神那样，但仅限于该亚空间。最高权限可以转移，拥有最高权限的副机可以给予其他副机管理权限。可以说，手握最高权限，就是亚空间的大神；手握管理权限，就是亚空间的小神。刚开始创建亚空间时，新建的亚空间什么都没有；当初建者往亚空间导入基础数据后，亚空间就初具雏形，比如初步的地形结构、独特的物理规则等等；而后创建者和管理员再往亚空间输入更多的数据，完善亚空间，比如增加动植物、引入气候环境、添加本地居民、生成建筑物等等；紧接着，就可能会有其他人造访亚空间，给亚空间带来更多改变，进一步丰富亚空间。
不过，主机应该不会允许副机凭空变出大量可供导入的数据，所以创建者们创造亚空间所需要的大量数据，还得自己想办法。碎数研就有很好的办法，碎数研成员们都知道，可以去幽蓝国大量打捞（内卷）所需要的数据。【人类的想象力是有极限的牙口！】【那你倒是把其他方法说出来啊（打哈气）。】【说给建2.0的听吗，不说！】
◎幽蓝国〉幽蓝国是一个很特殊的功能性亚空间，类似于电脑的垃圾站，幽蓝国就是像素塔的垃圾箱，虽然最后整个像素塔都给丢进去了。删除的数据会暂时留在幽蓝国，就像丢进垃圾箱的文件不会马上粉碎一样。只有那些数据被人遗忘，也就是相关数据再也没有调用请求了，那些数据才会“化作水，从阿特拉斯的海底向下层渗透，最后变成雪花回归冰封。因此也可以将冰封看做被遗忘记忆的归宿。----清醒者日报第十期”。碎数研组织正是利用幽蓝国的这个特性，从幽蓝国打捞将要被人遗忘的数据（所以碎数研是翻垃圾箱的），逐渐完善起像素塔的世界观。【他说的是现在的BDRG还是过去的？】【不要把角色和声优混为一谈啊喂！】
 
七、异想能量
其实异想能量完全不是我现在才提出的新概念，林百上早就出现过异想能量的概念了，我这里只是打算把这个概念分析的更清楚一点。
◎概念〉前文我提到过异想能量的概念，从本质上来讲，异想能量就是一串由副机心理活动运算所产生的数据，一串包含各种抽象信息（情绪、思想、经验等等）的数据。当把异想能量压缩固定下来后，就成了异想。能够流动的，才叫异想能量。
 
◎从属关系〉前文我倒是不断在提及异想缓存数据这一概念，异想缓存数据不仅包括活跃的异想能量，也包括异想能量压缩过后形成的异想。异想本身也有两大类：有实体形象的实体异想和令人费解的神秘异想。因此，异想缓存数据倒是可以分解为异想能量、异想物质和未知的异想状态三个组成部分，其中质能之间是可以相互转换的。
◎质能转换〉质能转换做的最好的莫过于忘忧宫的能源工厂了：忘忧宫做的最好的其中一件事，就是利用能源工厂将异想转化为可以利用的能量；同时，忘忧宫做的最糟糕的事，就是能源工厂开启了逆转化，把能量转化成了异想，造成灾难。那么，你认为这里能源工厂所转化的，到底是什么能量呢？已经再明显不过了，除了是异想能量，还能是什么？这里使用的技术，应该就是将异想缓存数据进行解压（异想转化为能量）和压缩（能量转化为异想）。【虽然笔者一直在说能量，其实应该另一位曾提过的“生成值”概念，详情见林泊百科。】
◎用途〉那么异想能量可以拿来干什么呢？首先我们要明白，异想能量是副机心理活动运算的产物，这种带有精神效应的数据，可以掺入主机传输给其他副机的反馈数据中。副机接收到这种数据势必会受到影响，造成污染自不必说，心理活动运算往往还要受到干扰，因此异想能量具有影响人们的精神状态的效果。这对于林泊来说还是有点危险的，如果使用不当，轻则心情不畅，重则精神崩溃，而且林泊还能保留记忆。
异想能量在精神层面上的影响力足以让异想能量做很多事了（前提是得先要能够驾驭这种活跃的能量数据才行！），比如营造幻境、传递信息、心理治疗等等等等。异想能量还可以被压缩为异想物质，差不多就是形成污染，异想物质相较于异想能量来说就非常非常的稳定了，所以人们可以放心的吃异想，而不用担心心智受到影响。
不过，有些异想之物还是具有精神影响力的，就比如mope花。但是这并不能说明异想物质就具有精神影响力，那是因为其中依旧还存留有扰人心神的异想能量。【有点奇妙的看法，写个词条看看实力。】异想能量除了可以化为美食享用之外，还可以用来合成你想要的任何物品，什么笔、碗、桌椅、地板甚至是房子都可以给你“变”出来。当然，首先得要拥有足量的异想能量【还有对应概念】，然后还要有相应的技术，最后还要确保“变”出来的物品的异想能量残余量不要超标，免得扰人心神，没准到最后“变”出的物品还获得意识跑掉了，所以，还是建议掏出自己的data老老实实的去买需要的物品。
其实“变”出来的并不算是严格意义上的物品，“变”出来的其实是异想之物！异想能量用途当然不止限于上述几点，究竟怎么用就看使用者的能力和脑洞了。此外我还有个大胆的猜想，忘忧宫的能源工厂生产的大量的异想能量，会不会是拿去做楼层了呀？不会真有人认为能源工厂产出的能量只是拿去点家里的大灯泡了吧？【好想法，写个词条看看实力。】
 
 
———
 
 
嘉宾访谈
弭儿：草草地评完了。
 
DM：你这句话是不是上上期说过。
 
弭儿：在我们二次元界，这叫角色特征。
 
DM：你这个二次元是量子二元的二次元吧，而且你这也不是角色特征啊。豌豆，给她表演一个角色特征（敲打）。
 
豌豆：角色特征，（顿）那是什么。
 
DM：对味了。
 
弭儿：我是说，你怎么不给它安排个工作，真就让强人工智能当扫地机器人？
 
豌豆：我乐意，你管得着吗！（飞速旋转）豌豆不要工作！呜呜呜，鸠鸠小姐，救救豆豆！（到处乱扫）
 
DM：送去雪梨膏店里当了几天仓储系统，闯大祸了，这不送回来了吗。
 
豌豆：雪梨膏，（顿）那是什么。
 
DM：嗯，还被打得初始化了。
 
弭儿：差不多得了。
 
 
———
 
感谢广大投稿者和林泊百科的大力支持，读者朋友们，我们下期再见。
 
下期已收到都市传奇一篇",林现2095/11/06 19:00,林泊百科,-,,,,游戏外/清醒者日报,0490
清醒者日报vol.21（2096.03.05）- 回归！,"·卷首语·
 
晚上好，小鸽子哟
时间不多了哟，直接进入正题！
 
———
 
·联合快讯-林泊百科-回归竞赛专题·
·上期日报记录：灰白/镜锁/欧梦珀/匿影
·完全=相同
·生阗榫卯，□□□□
·度假就去蛾与永█乐园！
·六千兆™异想成像打印仪涉及消费欺诈
·想要操控天气？为什么不试试亚浑天仪
·书虫：一种新型的概念转移异想
·【包邮出】卡莱胶片相机感陈礼盒套装(深空灰)送专用包+冲洗套件+PVC装饰贴纸
·学界就半稳定状态命名问题展开第二次会议
·在答案之书里寻找答案的人一定有什么生成值
·无来源网页[来源请求]
· FL-xxxx爆米花，FL-xxxx指鹿为马
 
———

·联合快讯-林泊百科-暨今·
· 2024“越狱”竞赛预报名已开放！（2024.7.8-2024.8.31）
·爵：沐龙血者将获永生
·逆向而行的占星术：星仪·圣象
·谜题保管所:0501108
·鲸背忆云：流失记忆的重现
·最后一片常春藤叶，根植医院的希望种子
·“余烬未绝，那便燃燧以火。”
·追蝙蝠的人——黑翼猎手
·必然完美以致无法完美的完美标本
·嗟怨之冰，怨恨的亡灵
·梦现之地新品上市：歌曲拟人化自动机
·闪烁俗尘的荧光灯管
· Vanitas：请不要停止对理想的追求，向着██出发吧！
·相机之影：认清你自己
·沉溺故而寂静，时钟无法倒流，末路唯有前进
·变形记：乐器人间
·人如海植的城市——莱贡
·冰封的遗响
·任意门体：作家的救星
·匿迹的巫类：二代地表民俗异想的生存窘境
·它如飓风席卷而来，塞科隆！
·谜题保管所:Ce730a
·典型存在是否也是一种刻板印象？
·谜题保管所:黑条
·伪斗牛士决斗再增伤员，专家呼吁尽快制定决斗规则！

———

·塔学研究·
本期评注以引用格式出现，请注意。

· NonMe：《异想污染抗性论》·
对于清醒者日报vol.6论文批注中得到的灵感所进行的延伸思考而关联出的污染抗性相关猜想，与朋友讨论后得到的结论。
猜想：如同网络游戏的效果抵抗与物理法术抗性一般，用户与异想存在对于普通异想污染的异化效果抗性，且一般林泊用户的抗性>普通用户的抗性>普通异想的抗性。

（1）信息量数据完整程度越高，越是逻辑自洽的异想个体，其异想污染抗性越高，而存在部分信息量缺失或者干脆是多种异想传闻缝合拼接在一起创造的异想之物，其对应异想污染抗性异化效果抵抗就越低。
以猫耳作为定向异想污染，我们很难对已经基本逻辑自洽的异想之物如一个苹果去强异化上一对猫耳，也很难对犬科拟真异想在目标已经有一对犬耳的情况下强行异化或增加上一对猫耳。
而若是把异化对象选取为一条被割掉耳朵的猫，则相对而言比前两种情况更容易通过异想污染实现猫耳的异化，若是想强制实现前两种污染的异化，则情况归纳为在指定信息量冲突情况下进行算力对抗。

（2）对于部分因生理病理性问题导致用户无法完整体验普通用户拥有的权限，致使该类用户的像素塔交互体验能力受限，或以奇美拉缝合人弗兰肯斯坦等异想生成概念上便容易受到更多污染异化性状缝合的异想之物，仍致卡在被民众遗忘的边界占用用户运算资源逐步降低生成值标准极限邻近，处于“虚弱”/“缺限”状态的用户/异想之物，其对异化抗性相较于普通用户/异想之物而言更低。
以及，如果该异想是完全占限用户个人运算资源所自主创造的人造异想，此类异想在我看来具有类从属性，其受非创造者来源的异化抗性较高，受创造者来源的异化抗性较低，或非创造者要强制异化此类异想，则进入两方算力对抗状态。

（3）倘若本身就是残缺或有待补充的信息量数据，亦或者在其考据原典故事来源中存在向上进化可能的异化，鹿角加蛇身加鱼鳞等性状特征合成中国龙，冰封世界小说1中菠菜苗受算力异化高速生长为成熟菠菜，仍至高阶异想之物消灭后所分裂的次生种异想或亚种分支向上合成路线，则可属于异想之物的定向升阶锦上添花，相对而言异化抗性效果比强制性异化更小。

———

· Vanitas：《关于商品概念销售的异想推测》·
 在广义异想概念中，像素塔内的事物皆是由众多用户提供生成值所具象的异想之物。由此引出的概念生成值达到阀值则异想具象出现的原理，推测像素塔中的商品能否跳过原材料加工过程，直接通过消费者提供生成值的方法进行具象。提出以下想法：
由于异想生成的不确定性和主观性，塔内商品制造以加工方式生产固然有优点，但能否借助异想机制生产销售商品更有性价比。本人认为支持异想之物具象的生成值由概念完整度和算力单位两方面组成，猜想销售者可以向消费者提供完整的基本概念（方式如口头宣传、文字介绍、图片视频全息投影），仅销售商品包装，由消费者在概念基础上补充足够算力使商品具象。分析以下两种情况：

    1.消费者可视商品
  该方式为让消费者可通过一定手段观察到商品表面。在生成值足够的情况下，消费者可通过产品相关概念进行内在异化，例如改变其材质、重量等，犹如销售方需提供商品实体外表乃至更多生成值，推测此方式较易实现且稳定但性价比较低。

    2.1消费者可知所购商品
  该方式为使消费者指向性知晓所购商品及其相关概念。在深成值足够的情况下，消费者可通过了解销售者提供的商品相关概念（如外形、功能、材质等）提供算力使商品具象出现，根据计算消费者需自主补充的生成值，推测此方式实现商品具象与稳定产出的难度有所提升。

    2.2消费者仅可知商品类型，不可指向性知所购商品
  此方式为使消费者知晓商品的相关概念，不可确切知晓所购商品款式，从中随机具象，该方式类似于“盲盒”说法。由于其随机性判断，其所需生成值单位更高，但根据异想特性思考，判断其实际上带有一定指向性，若其中某种商品提供生成值显著较高，则更有可能去向该种商品，如内心更希望某产品或某产品的概念了解程度更深。该方式显然难度更高。

该商品销售方式可看作售卖商品概念，较加工生产具有优点：1.省略加工步骤减少时间及成本；2.在原有基础上消费者DIY商品更为高效。
同样存在劣势：1.生成值多少影响商品质量乃至完整性；2.即时产出的生成值可能无法支撑多概念或罕概念商品，如电子产品和新技术产品。

在如何实行该销售方式上，推测可通过加深个体概念或广泛形成认知，销售者可通过对消费者加深加强概念，以提升消费者对商品生成值产出，甚至可重塑劣质产品。若个体无法提供足量生成值，销售者亦可通过广泛宣传商品概念，从群体中弥补缺失生成值，通过他人帮助具象。判断该方式更适用于虚拟购物，且对于常见概念商品或低生成值商品如日常生活用品效率更高。
综上，个人认为利用异想机制销售商品概念的方式可以实现，较用户直接异想所需物品更易实现，实现商品销售的分工与流水线，一定程度上甚至可产生链式反应加速具象效率。

———

· End：《关于伊塔卡家族新生儿的意识体来源和成长的讨论》（退稿） · 
本期日报退稿一篇。
如果编辑部对文中的问题一一解释，或与往期论文重复，故而退稿处理。但于此同时，编辑部也想就该论文的文题，提起一些搁置许久的问题：
“如果Phigros实验里包含江源基地的全部居民，那么没有自主能力的婴儿，该如何在像素塔内活动的呢？
他们和正常成人一样，具有完整的形式能力和社交能力吗？
他们能通过在像素塔内学习，获得超越他生理水平的认知水平吗？
那么现实里是成人，像素塔内是孩童的人，会因为林泊现实的年龄，生长速度不同吗？
林泊被困在婴儿身体（可扩展到任何非自我认知的躯体）时，又该如何自救？”
诸如此的精神和肉体不同调的情况，还值得我们继续讨论。

———

·嘉宾寄语·
一个小时前：不就是两篇论文吗，拉苦修！
现在：这个NonMe到底是谁（吐血）
太累了，我，说不动了……
本期就到这里吧……

———
 
感谢广大投稿者和林泊百科的大力支持，读者朋友们，我们下期再见。

下期已收到都市传奇一篇（可能）",林现2096/03/20 17:46,林泊百科,-,,,,游戏外/清醒者日报,0491
观察记录：雪,"春雪磐音，大地回荡着历史的低鸣，已沦为废墟的市民档案馆，残缺的义体散布各处，一片空冥。曾经有旅人，至此铭刻诗句：“春天还没到来⋯⋯冬天便已过去⋯⋯无人依偎的家园⋯⋯还有多少残魂游荡⋯⋯死寂⋯⋯皆是死寂。” 骚动，暴乱，失去知觉的前一刻，瞭望地平线的人们，是否在思考生命的意义。
摇光脱去手套，二指插入雪地，抵着阻力划出圆弧几道，建筑的标识出现，地下通道的井门出现在二人眼前。
“ Para，我们下去吧。” “恩。”
任务是回收存储元件，以现在的雪势，他们要在天黑之前回到据点，必须加快步伐。
地下通道积满了水，摇光卷起裤脚，扶着墙壁前进。Para 观察着墙壁的痕迹，几道巨大的裂痕内，隐隐可以看见棕红色的树根横行。
“摇光，这里⋯⋯” “怎么了？” Para 摇摇头，她回想着进入前的场景，刚刚的猜想几乎无可能。
“前面就是数据中心，等下我先去准备抓取工具，拜托 Para 你筛选空置元件了。” “摇光，我觉得⋯⋯”
大门洞开，只见天光从破碎的穹顶射下树冠，化作万般光点柔影，草叶纷飞，绿意扩散，暖风袭上眉头。
“ Para！”
只眼春光好，风景旧曾谙。",林现2096/04/05,Para,main,,,,额外章节,0413
观察记录：像,"“摇光？” “摇光！”
Para 不断地呼唤着同行人，却久久不见答应。
这里已不是刚才的数据中心，积雪和绿色装点的森林，大地空荡荡，唯有一辆生锈的火车，在拖尾雪痕的尽头搁浅，给四周的树木，留下焦黑的印记。
冷静下来，Para。大静默事件爆发之后，全球网络断连，这只可能是局域网的具现化。
摇光他一定在附近。Para 在心中祈祷着，然而这祷声尚未通达天空，远方的巨响，便将她拉回现实。
咚，咚，咚。
石头砸地的震波由远而近，雪花和碎尘，沉入少女的视线。抬起头，高处是生锈的单梁起重机，吊钩如摆锤，荡向她的方向。
咚，咚，咚。 闪身躲过吊钩，Para 看向远处轰然倒塌的树木，脑中响起了未知却能理解的语言。
——我为你而来。
提着野餐篮的高大巨人，他的阴影遮蔽了 Para 所在的位置，石质的关节间，青草碎花弥漫，蕴含着不属于冬季的生机。
“你是谁？”",林现2096/04/06,Para,main,,,,额外章节,0414
观察记录：友,"水壶滚烫的压鸣，化作暖风，吹至 Para 的耳畔，她微微皱眉，轻扯身上的薄毯。
茶杯，糕点，占据了篝火的四周，营造出一副野餐的景象，事实也确实如此。那巨人见了她后，便散作石子，排列成阵，从野餐篮抬出野炊工具，又将餐布披在 Para 肩上，试图让少女暖和些许。
——他不在这里。
又是这个直传心灵的声音。
——为什么？
——客人只有你。
水壶开了，“翩翩起舞” 的石头，急忙将滚烫的壶传递给同伴，本安坐地面的石子，蹦跳着躲避热度，将水倒入杯中。
迎着茶香，Para 再度问道。
“这里是哪里？”
—— PhigrOS，心灵世界已然倒塌的理想乡，一个曾经有人，寻找生命意义的地方。 “你们找到了吗？” 他沉默了许久。
——可能寻找的人只有我吧。
热气之下，视线模糊了，茶梗下沉，光滑的水面映照出他们——理想者的面容。
“谢谢⋯⋯你的茶⋯⋯”
告别渗进柔软的雪地，宁静无痕。",林现2096/04/07,Para,main,,,,额外章节,0415
观察记录：痕,"“你没事吧！”
Para 醒来，便瞧见摇光焦急的神情。
“对不起，我⋯⋯”
“刚才真是太惊险了，谁能想到起重机会在那时候，我还以为你⋯⋯反正，没事就好。我刚才检查过了，这里没有联网，元件我也处理好了，我们赶紧回去吧。”
“嗯，好。”",林现2096/04/08,Para,main,,,,额外章节,0416